source_deck,source_path,source_sha256,source_page,title,duplicate_cluster,disposition,concrete_reason,evidence_status,proposed_target_chapter_page_role,peer_page,peer_text_similarity,peer_exact_visible_text_hash,peer_exact_normalized_text_hash,peer_exact_slide_xml_hash,visible_text_sha256,normalized_text_sha256,notes_sha256,media_count,layout_name
e2,/home/u24/papers/beamshift/e2.pptx,60ba796c908387cdfe06c2b82e592bcce3205e2472c42566467bbbd89dcad024,1,2026高效率節能人工智慧模型服務平台培訓,PAIR-S001,RETIRE,Satellite-first title cannot open the C120 smart-energy/IoT story; replace from zero.,EXACT_TEXT_AND_XML_HASH + rendered contact-sheet review; notes present,C120 opening slide: endpoint energy decision and course promise,1,1.0,True,True,True,7c638abfabf7b7474a8784a17d8f801e977dd5d5f6f274347f11e25d6c77dc3e,fa3668a1c6c47e0173fb21298fbd34cbca7879deb8d87ee7de693316c37ae5f2,f9ff0d290e5aa5658bc404caf0f8baee67136aa451a9080d4187dbc5fe112a74,0,標題投影片
e2,/home/u24/papers/beamshift/e2.pptx,60ba796c908387cdfe06c2b82e592bcce3205e2472c42566467bbbd89dcad024,2,通訊核心問題：資料要送達，鏈路卻會變,PAIR-S002,ADOPT,Useful causal opener: service outcome changes as the link changes; rewrite around endpoint packet and energy consequences.,CORRESPONDING_PAGE_REVIEW + rendered contact-sheet review; peer visible-text similarity 0.9868; notes present,Core 1–5: why endpoint sleep/process/TX/RX and delivery are energy decisions,2,0.9868,False,False,False,522e413a24e753b01cc529a751cca33708f272714ca046abe7765d060a5df791,94717ec5d6c5d5bddb9afa83a4f366c89b9d4ef89b449f3f6424cdb62ab7ffd5,6aabe22e9504b535ba7d439e9cc4226f4e20ab484d38263082ad2efb95f7cccd,0,只有標題
e2,/home/u24/papers/beamshift/e2.pptx,60ba796c908387cdfe06c2b82e592bcce3205e2472c42566467bbbd89dcad024,3,衛星平台與通訊酬載分工,PAIR-S003,RETIRE,Payload/platform specialist framing delays the IoT energy question; rewrite the bridge from endpoint state to observable evidence.,CORRESPONDING_PAGE_REVIEW + rendered contact-sheet review; peer visible-text similarity 0.9927; notes present,"C120 opening bridge, rebuilt without satellite-specialist framing",3,0.9927,False,False,False,0b69bb5ccd8f8a75df92f79c4a3e775231bfa44a922a6f1d1f143620e5e2c856,9fe166292e11ceb23c4050ab64df650296166f819bf7ef3725c28c1b73c3024a,0087cbcc720d6b631641f09e1488922729c014fcab78009808fe55f3c2ce2f3d,0,只有標題
e2,/home/u24/papers/beamshift/e2.pptx,60ba796c908387cdfe06c2b82e592bcce3205e2472c42566467bbbd89dcad024,4,服務窗口隨衛星移動而改變,PAIR-S004,ADOPT,Changing-window and visibility diagrams provide a compact service example; relabel LEO as one example and connect the window to endpoint policy.,CORRESPONDING_PAGE_REVIEW + rendered contact-sheet review; peer visible-text similarity 0.9840; notes present,"Core 6–8: changing service window, transfer to IoT, and course route",4,0.984,False,False,False,9370ac66147c2d82eeb362aecc693fd8547718e5c40ca805bf8e90c67e386c29,87258af8fca6e69e65aabebaa47aa9de74b550a5b5431092873c9448dd8d54f5,ecbbb9359518ece634b649f58bad0f098ae893fc0afb673009cf6415f1b0920c,1,只有標題
e2,/home/u24/papers/beamshift/e2.pptx,60ba796c908387cdfe06c2b82e592bcce3205e2472c42566467bbbd89dcad024,5,可見性是必要條件，不是服務資格,PAIR-S005,ADOPT,Changing-window and visibility diagrams provide a compact service example; relabel LEO as one example and connect the window to endpoint policy.,CORRESPONDING_PAGE_REVIEW + rendered contact-sheet review; peer visible-text similarity 0.9924; notes present,"Core 6–8: changing service window, transfer to IoT, and course route",5,0.9924,False,False,False,b524e96903310d5e28a7c44f54af5087fb31e01e738d1040ad25bc8e725a1303,f7dfbae9d1a14f29bb39f34b43342db8291d168ed766949e9297bb4fa515c297,4920eda3338e48f96fe1e74f94840d096cc59db420d5c83bb7751a8465e2f97b,1,只有標題
e2,/home/u24/papers/beamshift/e2.pptx,60ba796c908387cdfe06c2b82e592bcce3205e2472c42566467bbbd89dcad024,6,重疊把即將中斷的服務轉成換手機會,PAIR-S006,ADOPT,Changing-window and visibility diagrams provide a compact service example; relabel LEO as one example and connect the window to endpoint policy.,CORRESPONDING_PAGE_REVIEW + rendered contact-sheet review; peer visible-text similarity 0.9923; notes present,"Core 6–8: changing service window, transfer to IoT, and course route",6,0.9923,False,False,False,bf7e970086220aa805b581c929864367a64f94e8f7c0ccad007181700a62aadb,dd6e152753cf81dbb9aebc73615caf1a72275e26a0604281237cf87f5af6ce3a,ffad8902996de3e70d2de096a7761e65f421385258b253b7b4cfc01bccfd95af,0,只有標題
e2,/home/u24/papers/beamshift/e2.pptx,60ba796c908387cdfe06c2b82e592bcce3205e2472c42566467bbbd89dcad024,7,"兩行軌道元素集（Two-Line Element Set, TLE）",DUP-TLE-07-98,APPENDIX,TLE/SGP4/TEME provenance is optional source deepening; keep one concept per page and never require the derivation.,SEMANTIC_DUP_REVIEW + rendered contact-sheet review; peer visible-text similarity 0.9970; notes present,Appendix APP-10–APP-12: selected TLE/SGP4/source lineage,7,0.997,False,False,False,619e2f0dd3eadd033b0b7956fa83e88e282aee1b95d2ad2ae336b0ccb847e360,8863da9b4a2204a9402cded16c1e7495a728d64a34eb40047b8326336c3bb1f2,b953b9544c78434517f8ebf78be49986cd9e45fb72232d176dde4949f0ed0d17,0,只有標題
e2,/home/u24/papers/beamshift/e2.pptx,60ba796c908387cdfe06c2b82e592bcce3205e2472c42566467bbbd89dcad024,8,TLE + 目標時間 → SGP4 → TEME 狀態,PAIR-S008,APPENDIX,TLE/SGP4/TEME provenance is optional source deepening; keep one concept per page and never require the derivation.,CORRESPONDING_PAGE_REVIEW + rendered contact-sheet review; peer visible-text similarity 0.9931; notes present,Appendix APP-10–APP-12: selected TLE/SGP4/source lineage,8,0.9931,False,False,False,abbfd4bc893e72cc85d0d2ca14d623d86406a0292010d1b672bda867e43b0069,af913782432723ebc7de74347186e55e98264f893459227ade30047bef451b25,0cedf7062a43bf31af0ada314158ce042ac52665aefc7d3a45e76d4e650b9b34,0,只有標題
e2,/home/u24/papers/beamshift/e2.pptx,60ba796c908387cdfe06c2b82e592bcce3205e2472c42566467bbbd89dcad024,9,TEME 是慣性參考，還需座標轉換,PAIR-S009,APPENDIX,TLE/SGP4/TEME provenance is optional source deepening; keep one concept per page and never require the derivation.,CORRESPONDING_PAGE_REVIEW + rendered contact-sheet review; peer visible-text similarity 0.9925; notes present,Appendix APP-10–APP-12: selected TLE/SGP4/source lineage,9,0.9925,False,False,False,c4befe688648208107f97981fd66449d45a1583e05cd06e0f246ef535eef9abf,d17c7e2e25a56bec88c09ae4a7a3d91d7d1ca96f174aa58d016415ce95ba4d5f,e02901b4f6097377c0034b0d2dad46d805f03e3f664918055f84bab5ce23a42e,1,只有標題
e2,/home/u24/papers/beamshift/e2.pptx,60ba796c908387cdfe06c2b82e592bcce3205e2472c42566467bbbd89dcad024,10,座標鏈把 SGP4 狀態變成地面觀測者看到的量,PAIR-S010,APPENDIX,TLE/SGP4/TEME provenance is optional source deepening; keep one concept per page and never require the derivation.,CORRESPONDING_PAGE_REVIEW + rendered contact-sheet review; peer visible-text similarity 0.9920; notes present,Appendix APP-10–APP-12: selected TLE/SGP4/source lineage,10,0.992,False,False,False,0a29921d7b23d12731ecd6ef6915b3e445d1615f1a989865a03a3077fe5a7762,96806c2a06e193b529d9ef1669c7a7404e73f3aeb00452ccaf368114171dcd7e,a3dcdaa01b63e66f997c01e2b537d133ee663227bd6b687c8bbce89e322d02f0,1,只有標題
e2,/home/u24/papers/beamshift/e2.pptx,60ba796c908387cdfe06c2b82e592bcce3205e2472c42566467bbbd89dcad024,11,候選必須跨過 margin，並持續足夠久,PAIR-S011,RETIRE,Margin plot is a specialist handover explanation and repeats the service-window story; retain only a newly written policy counterexample if needed.,CORRESPONDING_PAGE_REVIEW + rendered contact-sheet review; peer visible-text similarity 0.9878; notes present,"Contingency counterexample: slow switching, rebuilt around policy evidence",11,0.9878,False,False,False,5856ff3d1ce290d54e0485c982941f538f15d32f00c0295bc7213358345de9b9,e6d8fe97f7cb8cc3cb324ab6b424ebc375402e2b97b895df20f3f9387dfcb2ab,c4c796f9cba6f6c09405efe9b3a24d66b99d1820aa6d696c8a6d99a7eb950d7c,1,只有標題
e2,/home/u24/papers/beamshift/e2.pptx,60ba796c908387cdfe06c2b82e592bcce3205e2472c42566467bbbd89dcad024,12,切換過慢會中斷，過快會形成 ping-pong,PAIR-S012,ADOPT,The slow-switch versus ping-pong comparison is a useful falsifiable counterexample; replace legacy controls with current policy actions and results.,CORRESPONDING_PAGE_REVIEW + rendered contact-sheet review; peer visible-text similarity 0.9927; notes present,Core 6–8 or contingency: service-window policy counterexample,12,0.9927,False,False,False,db0969fb457a03f3523bc1d84dcc4b77a67af8feb4d3d089a3ea012ae813ad89,2f6a41a0990b292d5dfacf40521519a055e3b64278f221d73f48046c0ebb9892,dcfaab58d95f4b2b42ea8150e9446af4d8d5d9d9bf1e37f6352db080e9d6d043,0,只有標題
e2,/home/u24/papers/beamshift/e2.pptx,60ba796c908387cdfe06c2b82e592bcce3205e2472c42566467bbbd89dcad024,13,SINR 分解訊號、干擾與雜訊,PAIR-S013,APPENDIX,"SINR and dB vocabulary can support optional interpretation, but it is not the endpoint-energy learning core.",CORRESPONDING_PAGE_REVIEW + rendered contact-sheet review; peer visible-text similarity 0.9891; notes present,Appendix APP-13–APP-15: optional quality/SINR/dB vocabulary,13,0.9891,False,False,False,d5637661f5e0dddcb27bd50421050fa1a0ad889c3054311b4f0f1707ba2a5b51,03a6adb62c55ada1e513f80700603b5701e63329ab38f22afbe344c8b4cd7a4c,03fd1ff31db4866e8aa6bcc183680bd6d604caeb3fde9e8a86ada842337dadae,1,只有標題
e2,/home/u24/papers/beamshift/e2.pptx,60ba796c908387cdfe06c2b82e592bcce3205e2472c42566467bbbd89dcad024,14,Throughput 先定義：每秒交付資料，不是累積資料,PAIR-S014,ADOPT,"Separates throughput, power, and energy; rewrite units and examples for endpoint service and energy rather than legacy system EE.",CORRESPONDING_PAGE_REVIEW + rendered contact-sheet review; peer visible-text similarity 0.9933; notes present,Core 17–21: model bridge from packet/service outcome to endpoint energy,14,0.9933,False,False,False,a6f2109281cdec6199375e4db70d52ff63ff684dc06429a37315ac0c2ea898b7,39c61ee76bf92f0d6071e45e3546a2c2c93c2e1210791bdc43c0166d2d4db19e,36199b60b3338a55f3ee8c93dd7d345fc32dd7b22b1565c4cec0ca97392b8b87,3,只有標題
e2,/home/u24/papers/beamshift/e2.pptx,60ba796c908387cdfe06c2b82e592bcce3205e2472c42566467bbbd89dcad024,15,SINR 進入資料率前，先把 dB 還原成線性量,PAIR-S015,APPENDIX,"SINR and dB vocabulary can support optional interpretation, but it is not the endpoint-energy learning core.",CORRESPONDING_PAGE_REVIEW + rendered contact-sheet review; peer visible-text similarity 0.9941; notes present,Appendix APP-13–APP-15: optional quality/SINR/dB vocabulary,15,0.9941,False,False,False,10d305fa0a31e9ae410f75de6b26c284947cdb2057f9f8bc460faae1c147f410,d6e1b463bb7f52891e3fcc6db692899cf7e6d87a1ac8db13b636c8abd0de886f,4c0059b3790830d8eca2846b4da047729ed147f11e4b5ce04796db933a0f44c2,2,只有標題
e2,/home/u24/papers/beamshift/e2.pptx,60ba796c908387cdfe06c2b82e592bcce3205e2472c42566467bbbd89dcad024,16,資料率提高之後，功率與能量從何而來？,DUP-POWER-16-17,ADOPT,Causal chain from delivered data through SINR and RF output to power and energy is useful; merge the duplicate 17 concept and replace values.,SEMANTIC_DUP_REVIEW + rendered contact-sheet review; peer visible-text similarity 0.9918; notes present,Core 17–21: state/data → policy → service → power × time → energy,16,0.9918,False,False,False,f5099e9723e05fa346e192d0cc5d30cfe60816794630009545a1b4e2658cb38d,526e102cfa29591454d70ea578e001672b51e65dea8af2570c51d3cbf8d565dd,757d2339ad3409db676873f8a8d79222a1c21c32e9107a7e5c029762cf08a8c7,1,只有標題
e2,/home/u24/papers/beamshift/e2.pptx,60ba796c908387cdfe06c2b82e592bcce3205e2472c42566467bbbd89dcad024,17,資料率提高之後，功率與能量從何而來？,DUP-POWER-16-17,RETIRE,Near-duplicate of page 16; retain no separate page after the causal chain is rewritten for endpoint energy.,SEMANTIC_DUP_REVIEW + rendered contact-sheet review; peer visible-text similarity 0.9920; notes present,Merged into Core 17–21 concept; no standalone page,17,0.992,False,False,False,f6c63fd755bd46676bd9492debe070809210fda9848ef6cbc77adea591a72216,f74687ed0599b2e21c13b1b2ff12a203c8d32305b5804645f835871ae80a72cc,1b68b22e618914b9d97bd5c4f3db1382691d89236759dd961561daedb9a8b41c,0,只有標題
e2,/home/u24/papers/beamshift/e2.pptx,60ba796c908387cdfe06c2b82e592bcce3205e2472c42566467bbbd89dcad024,18,衛星運動改變角度與斜距，維持資料要回應,PAIR-S018,RETIRE,Satellite geometry scene repeats the service-window topic without current runner evidence; rebuild only if a current scenario screenshot exists.,CORRESPONDING_PAGE_REVIEW + rendered contact-sheet review; peer visible-text similarity 0.9925; notes present,"C120 route visuals generated from the current scenario, not donor art",18,0.9925,False,False,False,934720e3c1effe9776cb86e453e4be854548cced323f0cd6e6ac51892f97bf9d,e79f3f0d9f01db37245ba04a23fee27468ed5c88e331bbc3904b5ee69f49c4bf,185d76c68f5b331c45db56055a6ca8d1d9e77a059227b85e5e810944e489ca10,1,只有標題
e2,/home/u24/papers/beamshift/e2.pptx,60ba796c908387cdfe06c2b82e592bcce3205e2472c42566467bbbd89dcad024,19,三種服務反應，同時改變資料與能量,PAIR-S019,ADOPT,"Same-window A/B, service reaction, and W→J accounting boundary form a useful evidence loop; rewrite around the bounded policy and endpoint ledger.",CORRESPONDING_PAGE_REVIEW + rendered contact-sheet review; peer visible-text similarity 0.9943; notes present,Core 17–21: controlled comparison and endpoint energy accounting,19,0.9943,False,False,False,23b05228f8285eaec6df03187ebb778c05355cd45f22b963d74c85739c309590,5152abd97a2a9d26160b123dda9e3bb44332817220ba4600cfc3259545efec29,87879673375ceb6fb1a51eff2faa8f29b1ed91a4c3418b4fcb78f91f5fdc23d5,0,只有標題
e2,/home/u24/papers/beamshift/e2.pptx,60ba796c908387cdfe06c2b82e592bcce3205e2472c42566467bbbd89dcad024,20,A／B 先鎖在同一服務窗口,PAIR-S020,ADOPT,"Same-window A/B, service reaction, and W→J accounting boundary form a useful evidence loop; rewrite around the bounded policy and endpoint ledger.",CORRESPONDING_PAGE_REVIEW + rendered contact-sheet review; peer visible-text similarity 0.9922; notes present,Core 17–21: controlled comparison and endpoint energy accounting,20,0.9922,False,False,False,82fafa392120b36a91a888866c20ef8d6eb401c5dd53f6bd5312bf325fcd92f4,c0c1da2aeedaaf505c00232fe437b0eae54847b7ff7a445fd9e68104405db10b,37178fa34553dafe66d6b2a8ea44af62ef0ab9ca436ec5caf76fde948440e38d,0,只有標題
e2,/home/u24/papers/beamshift/e2.pptx,60ba796c908387cdfe06c2b82e592bcce3205e2472c42566467bbbd89dcad024,21,先畫出帳本邊界，再把功率累積成能量,PAIR-S021,ADOPT,"Same-window A/B, service reaction, and W→J accounting boundary form a useful evidence loop; rewrite around the bounded policy and endpoint ledger.",CORRESPONDING_PAGE_REVIEW + rendered contact-sheet review; peer visible-text similarity 0.9796; notes present,Core 17–21: controlled comparison and endpoint energy accounting,21,0.9796,False,False,False,b2f8fc1e57553628f0abe89f447333bedca3dc950e44775d2c90c631cd35e5e1,f80dc05108cf7a4d2c685d85a4036ea6c465c5df9fed5ae4dba69dff031b0a6a,6652ceb21f0f933611b3925ec2a8e5345963ce599ca1ed59be7eaab83a40566d,1,只有標題
e2,/home/u24/papers/beamshift/e2.pptx,60ba796c908387cdfe06c2b82e592bcce3205e2472c42566467bbbd89dcad024,22,發射設定是 dBm；先轉成線性 RF 輸出,PAIR-S022,APPENDIX,"RF, PA, angle, system-boundary, and source-detail derivations are optional reference material; preserve at most one concept per page.",CORRESPONDING_PAGE_REVIEW + rendered contact-sheet review; peer visible-text similarity 0.9908; notes present,"Appendix APP-07–APP-15: selected units, quality, angle, and boundary detail",22,0.9908,False,False,False,55facc10ad2e0ab35426fd6307b1a1b238097264dfed1dc7c01ec5815fc97e05,4f5cd10968a69731d2ed1fd62536501644617cc6b292959fd18801cb96d4e860,51a833789f3d85c140744300b90dcc4fc3f855909de5982853822cd2f41a1e13,1,只有標題
e2,/home/u24/papers/beamshift/e2.pptx,60ba796c908387cdfe06c2b82e592bcce3205e2472c42566467bbbd89dcad024,23,dB 不能直接進入 1 + SINR,PAIR-S023,APPENDIX,"RF, PA, angle, system-boundary, and source-detail derivations are optional reference material; preserve at most one concept per page.",CORRESPONDING_PAGE_REVIEW + rendered contact-sheet review; peer visible-text similarity 0.9928; notes present,"Appendix APP-07–APP-15: selected units, quality, angle, and boundary detail",23,0.9928,False,False,False,a6da4f364d66f1467a9e0b10fbca0fa007b505f0d6bc3b8f4861306170734e67,8f49e5f5a4267e33bf91715d90ee873e58e5a388c0b440ce2b6c118c1ac4f1e6,464a5c1e3f82bdf0868d06fbfa8d82d9bf70dd64352f229d6ddccb1327878e78,1,只有標題
e2,/home/u24/papers/beamshift/e2.pptx,60ba796c908387cdfe06c2b82e592bcce3205e2472c42566467bbbd89dcad024,24,log2(1+γ) 把 SINR 變成頻譜效率,PAIR-S024,APPENDIX,"RF, PA, angle, system-boundary, and source-detail derivations are optional reference material; preserve at most one concept per page.",CORRESPONDING_PAGE_REVIEW + rendered contact-sheet review; peer visible-text similarity 0.9937; notes present,"Appendix APP-07–APP-15: selected units, quality, angle, and boundary detail",24,0.9937,False,False,False,24267db36fa6eff548a50e7a88a75c52782a1a2bfa1d82bf94965e8e50220f2d,c109d8a935b0ce872c55704d003a2f1adb074a333669ae8beaec296d4de2c02d,276dcd2fcca11ba1092714cb1bac5084d73847d687cf9584e0009e9fd5f820dd,1,只有標題
e2,/home/u24/papers/beamshift/e2.pptx,60ba796c908387cdfe06c2b82e592bcce3205e2472c42566467bbbd89dcad024,25,PA 效率：同一 RF 輸出需要多少取電？,PAIR-S025,APPENDIX,"RF, PA, angle, system-boundary, and source-detail derivations are optional reference material; preserve at most one concept per page.",CORRESPONDING_PAGE_REVIEW + rendered contact-sheet review; peer visible-text similarity 0.9943; notes present,"Appendix APP-07–APP-15: selected units, quality, angle, and boundary detail",25,0.9943,False,False,False,1ab5ae9cfafe21f28a4596ed4a131715b307840ffa406d61838e7e418ba0f067,d19b29aecca93f87a2dc312a7b277b5df459bb1f25545eb6c6d98a6e049874e9,9907e2cb6ab2304165d3e13ae790fbe6922fa5ae563bcae05f85cbcd257b4528,1,只有標題
e2,/home/u24/papers/beamshift/e2.pptx,60ba796c908387cdfe06c2b82e592bcce3205e2472c42566467bbbd89dcad024,26,OBO (Output Back-Off，輸出回退) 與效率的權衡,PAIR-S026,APPENDIX,"RF, PA, angle, system-boundary, and source-detail derivations are optional reference material; preserve at most one concept per page.",CORRESPONDING_PAGE_REVIEW + rendered contact-sheet review; peer visible-text similarity 0.9918; notes present,"Appendix APP-07–APP-15: selected units, quality, angle, and boundary detail",26,0.9918,False,False,False,cf65f29ffaac9259d61a82386379915e9065e3f5c8a1a14a771c78c5fadc7e53,47fbbfeed46c6e6fb6eb1167b2361e6d64a886b1be82d7a1c45acc85894a4833,c77f0bb1f673191a19c420ae9c5216d9cd8cb462a976a380c4c1c1aef948434e,0,只有標題
e2,/home/u24/papers/beamshift/e2.pptx,60ba796c908387cdfe06c2b82e592bcce3205e2472c42566467bbbd89dcad024,27,完整的瞬時總功率：每個加總項都有物理意義,PAIR-S027,APPENDIX,"RF, PA, angle, system-boundary, and source-detail derivations are optional reference material; preserve at most one concept per page.",CORRESPONDING_PAGE_REVIEW + rendered contact-sheet review; peer visible-text similarity 0.9834; notes present,"Appendix APP-07–APP-15: selected units, quality, angle, and boundary detail",27,0.9834,False,False,False,5282438a8350902c18a13e7a19150224a6928c1fc1865fc01b968fe6117e6ace,3addf0107a410dc64adebe44d8d0b9ae2aa415b07cc725aab23daba6ff6438fa,e08218004a595675a4773c39b392ecf795f95d59dac45a650e2b72f7b0fc88a1,1,只有標題
e2,/home/u24/papers/beamshift/e2.pptx,60ba796c908387cdfe06c2b82e592bcce3205e2472c42566467bbbd89dcad024,28,系統功率只加總作用中服務波束,PAIR-S028,APPENDIX,"RF, PA, angle, system-boundary, and source-detail derivations are optional reference material; preserve at most one concept per page.",CORRESPONDING_PAGE_REVIEW + rendered contact-sheet review; peer visible-text similarity 0.9680; notes present,"Appendix APP-07–APP-15: selected units, quality, angle, and boundary detail",28,0.968,False,False,False,ed914f8681b5b4d21d24ab786a1cd07f26630ab2aadcc71dd19e54e9a4a5973c,d5de9603601c52385b1e5177b6c57496311653749b0b783e718b92e192edb5b1,5b31d389ab5a0fed499d92fcd26f4990c975314ba17eafaaf3839c95857c7d3a,1,只有標題
e2,/home/u24/papers/beamshift/e2.pptx,60ba796c908387cdfe06c2b82e592bcce3205e2472c42566467bbbd89dcad024,29,操作功率與事件能量如何計入？,PAIR-S029,APPENDIX,"RF, PA, angle, system-boundary, and source-detail derivations are optional reference material; preserve at most one concept per page.",CORRESPONDING_PAGE_REVIEW + rendered contact-sheet review; peer visible-text similarity 0.9878; notes present,"Appendix APP-07–APP-15: selected units, quality, angle, and boundary detail",29,0.9878,False,False,False,086e0481dcd38b1472a6e3a865be79ba87792648aa6e80c5ba1b9d687467eaa8,e4e0b075dfc0a2b08f5bc2dd7a1099d2fe1725fca13a228eb26923f0d9834d65,659f43890e51ed8ae5336f9240c45ec5dee24779a95ba0661ed3d1060168dff3,2,只有標題
e2,/home/u24/papers/beamshift/e2.pptx,60ba796c908387cdfe06c2b82e592bcce3205e2472c42566467bbbd89dcad024,30,兩個角度：一個改增益，一個判資格,PAIR-S030,APPENDIX,"RF, PA, angle, system-boundary, and source-detail derivations are optional reference material; preserve at most one concept per page.",CORRESPONDING_PAGE_REVIEW + rendered contact-sheet review; peer visible-text similarity 0.9725; notes present,"Appendix APP-07–APP-15: selected units, quality, angle, and boundary detail",30,0.9725,False,False,False,fb20f0421383f6a1b1c19beeeab1e8fcec2d105e8cc2ffa9ad334de164596106,9d4d4df17a37e140bd5fb5320555c4ea6a0319bb6d5f7ac3b4d001429a49444c,d05fe4fe7b952b8ed5c0061e5270ffe8fe09027b9853e47661882abb509795bc,1,只有標題
e2,/home/u24/papers/beamshift/e2.pptx,60ba796c908387cdfe06c2b82e592bcce3205e2472c42566467bbbd89dcad024,31,角度與距離走各自的因果支線,PAIR-S031,APPENDIX,"RF, PA, angle, system-boundary, and source-detail derivations are optional reference material; preserve at most one concept per page.",CORRESPONDING_PAGE_REVIEW + rendered contact-sheet review; peer visible-text similarity 0.9867; notes present,"Appendix APP-07–APP-15: selected units, quality, angle, and boundary detail",31,0.9867,False,False,False,2c33c7f9f76118a47035c671a823702f247e971cc3d472270c7099076fa26ea8,cb13d0596b15897279e9d18a584399ca333d6ea5de91f6b442ebb5cb3ef3e8f9,7eabd6cac96d53cbdf334b11ae3aa8283207b7c4ca34a636c7bad1a22c7c3ad9,1,只有標題
e2,/home/u24/papers/beamshift/e2.pptx,60ba796c908387cdfe06c2b82e592bcce3205e2472c42566467bbbd89dcad024,32,吞吐量有三個範圍，單位也不同,PAIR-S032,APPENDIX,"RF, PA, angle, system-boundary, and source-detail derivations are optional reference material; preserve at most one concept per page.",CORRESPONDING_PAGE_REVIEW + rendered contact-sheet review; peer visible-text similarity 0.9870; notes present,"Appendix APP-07–APP-15: selected units, quality, angle, and boundary detail",32,0.987,False,False,False,d8f7b35bcd3a0826d0ae46ad02798d5aa67208779c486b1f1138f1811b4b5653,2144a75f6769aa32497538b9a640f0d7bcb96f56d660d647bf6594de6af0a5a8,861b021baf9130801c82b5c9bb72237254ae873f3c9bb468bf941b14d5212063,1,只有標題
e2,/home/u24/papers/beamshift/e2.pptx,60ba796c908387cdfe06c2b82e592bcce3205e2472c42566467bbbd89dcad024,33,瞬時 EE 與窗口 EE 的計算邊界不同,PAIR-S033,APPENDIX,"RF, PA, angle, system-boundary, and source-detail derivations are optional reference material; preserve at most one concept per page.",CORRESPONDING_PAGE_REVIEW + rendered contact-sheet review; peer visible-text similarity 0.9899; notes present,"Appendix APP-07–APP-15: selected units, quality, angle, and boundary detail",33,0.9899,False,False,False,f1d4ac24a5fca691b267809d2210c5f1067637126511ee662b5f810ff12f4b12,64a1ace443df9dda3f49cd1e8a516d21bf8b03284f8cab5b29abfe52c52fc37c,ed0130fb319f691c2d3290c4c9927d6dd544bbbbbb486e543785e9403705b331,1,只有標題
e2,/home/u24/papers/beamshift/e2.pptx,60ba796c908387cdfe06c2b82e592bcce3205e2472c42566467bbbd89dcad024,34,目標 SINR 是反推輸入；實測 SINR 是評估輸出,PAIR-S034,APPENDIX,"RF, PA, angle, system-boundary, and source-detail derivations are optional reference material; preserve at most one concept per page.",CORRESPONDING_PAGE_REVIEW + rendered contact-sheet review; peer visible-text similarity 0.9898; notes present,"Appendix APP-07–APP-15: selected units, quality, angle, and boundary detail",34,0.9898,False,False,False,126c5ca759c40f1ff0f85f58a0254d1b93e32ee61c89d37c1771f58d08604761,6dc482df6c3c23c0a469bf5223f9862a6de2edd70d67dc09a23b87726f98b63c,b8b72556c581664d82e4aed327b5cb7d2c198658be01e447c368cd1ea9f37680,1,只有標題
e2,/home/u24/papers/beamshift/e2.pptx,60ba796c908387cdfe06c2b82e592bcce3205e2472c42566467bbbd89dcad024,35,有效狀態與 Δt 決定哪些樣本能進窗口,PAIR-S035,APPENDIX,"RF, PA, angle, system-boundary, and source-detail derivations are optional reference material; preserve at most one concept per page.",CORRESPONDING_PAGE_REVIEW + rendered contact-sheet review; peer visible-text similarity 0.9841; notes present,"Appendix APP-07–APP-15: selected units, quality, angle, and boundary detail",35,0.9841,False,False,False,d0739bd014758235672bf7071aaaa82a4ba317ce289331728d7ea7e6cea51b8b,c3f59c8ff027e49a3d55e6847b6f60dcacbc627c35ebec2dfc84556e99b4fe9c,9eb2ac7da8e468616f5478dc835800f864e9517038a48f53609b9ed78a8e41b2,1,只有標題
e2,/home/u24/papers/beamshift/e2.pptx,60ba796c908387cdfe06c2b82e592bcce3205e2472c42566467bbbd89dcad024,36,A／B 比較：用四組欄位判斷服務與節能,PAIR-S036,ADOPT,Fair A/B and control → intermediate state → observable evidence is directly reusable; replace old browser controls and screenshots with current policy runs.,CORRESPONDING_PAGE_REVIEW + rendered contact-sheet review; peer visible-text similarity 0.9920; notes present,"Core Labs A–C: fair baseline, candidate edit, prediction, evidence, debrief",36,0.992,False,False,False,cc9f96705a5446d8c093d01467782c80b23cb22d950f3a1caf47b62793d352a7,f74c56a6dc65287cafde516895faf8f571f2f4290b99787dbd95920d04b027fc,aa22691f4a54c4a524d98485696750d0d795bf0468299358fda706e81b50238c,0,只有標題
e2,/home/u24/papers/beamshift/e2.pptx,60ba796c908387cdfe06c2b82e592bcce3205e2472c42566467bbbd89dcad024,37,同一窗口的選擇：資料與品質可比，節能才有意義,PAIR-S037,ADOPT,Fair A/B and control → intermediate state → observable evidence is directly reusable; replace old browser controls and screenshots with current policy runs.,CORRESPONDING_PAGE_REVIEW + rendered contact-sheet review; peer visible-text similarity 0.9903; notes present,"Core Labs A–C: fair baseline, candidate edit, prediction, evidence, debrief",37,0.9903,False,False,False,073b8a8693860c748eb9866fdd68ab765c7c7363500304a74fde674a87bcec92,87f5da79abaf1f6849e8a55ac04032ba0aff84692b0132a13bed1d7cb37fc554,bd776db7e222040922751c60695aee422f5d017678cf181fe9a6635130033b3e,0,只有標題
e2,/home/u24/papers/beamshift/e2.pptx,60ba796c908387cdfe06c2b82e592bcce3205e2472c42566467bbbd89dcad024,38,服務窗口裡，控制改變如何傳到讀值？,PAIR-S038,ADOPT,Fair A/B and control → intermediate state → observable evidence is directly reusable; replace old browser controls and screenshots with current policy runs.,CORRESPONDING_PAGE_REVIEW + rendered contact-sheet review; peer visible-text similarity 0.9932; notes present,"Core Labs A–C: fair baseline, candidate edit, prediction, evidence, debrief",38,0.9932,False,False,False,a2db98b4e1725f098a8bf25c4e9fa10cffec1f9c5dec09b2ef261eeb75286eff,00a75ac074d20bc438bf9d75a917e5350ad1f818a2efbd2ce4f9d200fcd49539,0821bb029f76be2c079a45205afc16fbb44aa575dd1d151e519ba58afd41409b,0,只有標題
e2,/home/u24/papers/beamshift/e2.pptx,60ba796c908387cdfe06c2b82e592bcce3205e2472c42566467bbbd89dcad024,39,完整因果鏈：從控制到可觀察結果,PAIR-S039,ADOPT,Fair A/B and control → intermediate state → observable evidence is directly reusable; replace old browser controls and screenshots with current policy runs.,CORRESPONDING_PAGE_REVIEW + rendered contact-sheet review; peer visible-text similarity 0.9942; notes present,"Core Labs A–C: fair baseline, candidate edit, prediction, evidence, debrief",39,0.9942,False,False,False,0ebd3377cdec7d81e8cceb319839a944c389d1b91962f19d5645e14658b7be00,b53eb01ec6eebb5b48363369ee3cf2efbfffb4e1fa5b7c8d3b55d9cb5ea5eb61,289375edeb3f2a0cb6a74f710d0790def8ffadd49207d91e74c84e1ebcee4f85,0,只有標題
e2,/home/u24/papers/beamshift/e2.pptx,60ba796c908387cdfe06c2b82e592bcce3205e2472c42566467bbbd89dcad024,40,兩個窗口與兩種按鈕語義,PAIR-S040,RETIRE,"Old T1–T3 buttons, observation tables, producer states, and session semantics are not the C120 runner/import contract.",CORRESPONDING_PAGE_REVIEW + rendered contact-sheet review; peer visible-text similarity 0.9950; notes present,No target role; rebuild required with current runner and policy artifacts,40,0.995,False,False,False,c150492d1bbee9df733d6de2b4ae1c703cfe22570619d9ec1cb2e9f0a8945eee,a49ac0388cfcf9174ac8c9ad5b213b35f8d65fe0828e830731e50b6cd91b2e1e,1e824e98368bfe2d06002969e86d1068ceb81e14fa3a9de6deb491cd44b90442,0,只有標題
e2,/home/u24/papers/beamshift/e2.pptx,60ba796c908387cdfe06c2b82e592bcce3205e2472c42566467bbbd89dcad024,41,控制在哪裡：左側分頁與操作按鈕,PAIR-S041,RETIRE,"Old T1–T3 buttons, observation tables, producer states, and session semantics are not the C120 runner/import contract.",CORRESPONDING_PAGE_REVIEW + rendered contact-sheet review; peer visible-text similarity 0.9948; notes present,No target role; rebuild required with current runner and policy artifacts,41,0.9948,False,False,False,0f2b1856701dd3d52e5120314ea8459c3d364cd9df585c2825c5046a22a4aa13,46982a61f0c9dd8a377a64f9d3712425b6b090bda0d194a7586814f30953ffb1,e391b4c282efe4b39f45b7f9351e8795ebdbf989fa639158ea6fd87404b50146,1,只有標題
e2,/home/u24/papers/beamshift/e2.pptx,60ba796c908387cdfe06c2b82e592bcce3205e2472c42566467bbbd89dcad024,42,讀值在哪裡：右側明細與狀態,PAIR-S042,RETIRE,"Old T1–T3 buttons, observation tables, producer states, and session semantics are not the C120 runner/import contract.",CORRESPONDING_PAGE_REVIEW + rendered contact-sheet review; peer visible-text similarity 0.9942; notes present,No target role; rebuild required with current runner and policy artifacts,42,0.9942,False,False,False,868134f52aa592ca252c3bb8fe06ef7554632d94bfdfddec7122e5a6236bca02,559171f23a650711f3631c27ade7f57c743f6c54cfc7d0f2847f9c24ce4fd315,1f23821f752cf928b0886ce6633b55a3124052948c716430686f09efb53eaf66,2,只有標題
e2,/home/u24/papers/beamshift/e2.pptx,60ba796c908387cdfe06c2b82e592bcce3205e2472c42566467bbbd89dcad024,43,T1｜為什麼先核對功率鏈？,PAIR-S043,RETIRE,"Old T1–T3 buttons, observation tables, producer states, and session semantics are not the C120 runner/import contract.",CORRESPONDING_PAGE_REVIEW + rendered contact-sheet review; peer visible-text similarity 0.9929; notes present,No target role; rebuild required with current runner and policy artifacts,43,0.9929,False,False,False,0fe1d3f05aff841ccbfed5b94dc2f35ae4ba806bab6d1587a6c8e1b380234956,4a30b888ca0a5b90b18ac4abacd7ed96fad1304174ccaeff28909424432fe13f,9625d844fe0186030656ba61585fd0cb0892051cba3c7d6333a3780e702462da,1,只有標題
e2,/home/u24/papers/beamshift/e2.pptx,60ba796c908387cdfe06c2b82e592bcce3205e2472c42566467bbbd89dcad024,44,T1｜操作：調整電路功率，找中間量,PAIR-S044,RETIRE,"Old T1–T3 buttons, observation tables, producer states, and session semantics are not the C120 runner/import contract.",CORRESPONDING_PAGE_REVIEW + rendered contact-sheet review; peer visible-text similarity 0.9931; notes present,No target role; rebuild required with current runner and policy artifacts,44,0.9931,False,False,False,5d8c639eabf93a8b8e67ecc89aee9e85f75984d743b80375d651295b7b584961,d5e40f56bff97f673362e5dac07a99eff5770b3d893b7d946a530b5cad6e93b5,99e02ec143d8f0ee082c19845805c9adf16867af1e5ab358a448c1cd2c4c8a26,1,只有標題
e2,/home/u24/papers/beamshift/e2.pptx,60ba796c908387cdfe06c2b82e592bcce3205e2472c42566467bbbd89dcad024,45,T1｜空白觀察表：控制與窗口,DUP-T1-45-46,RETIRE,"Old T1–T3 buttons, observation tables, producer states, and session semantics are not the C120 runner/import contract.",SEMANTIC_DUP_REVIEW + rendered contact-sheet review; peer visible-text similarity 0.9928; notes present,No target role; rebuild required with current runner and policy artifacts,45,0.9928,False,False,False,0ff0f3b5eab9574ae94b2d835af9aedf87c13d3bb6060795039df29c93820142,a4a4c519582a45381a5fae7953fc8b28a0ef69f6a3be411c5377d14f6aa821f3,6b3c6a091adba6727207745a88d4e5d079a4c37ff78254ce68a2d3c69852be78,0,只有標題
e2,/home/u24/papers/beamshift/e2.pptx,60ba796c908387cdfe06c2b82e592bcce3205e2472c42566467bbbd89dcad024,46,T1｜實際數值：控制與窗口,DUP-T1-45-46,RETIRE,"Old T1–T3 buttons, observation tables, producer states, and session semantics are not the C120 runner/import contract.",SEMANTIC_DUP_REVIEW + rendered contact-sheet review; peer visible-text similarity 0.9939; notes present,No target role; rebuild required with current runner and policy artifacts,46,0.9939,False,False,False,b45b3203a0e27f0d9e609391588a42a0efca6247ddebbd7461b17f8213ad4b40,751e54644fa3a6f1118f8e78627e6df2d9de67eb39688a818609936d61e4b8f6,6d8db962d8d7f0a6a490e24bd08b2b8c696009112dfd5b6f1120a87c1b2c2e97,0,只有標題
e2,/home/u24/papers/beamshift/e2.pptx,60ba796c908387cdfe06c2b82e592bcce3205e2472c42566467bbbd89dcad024,47,T1｜解讀：控制與窗口先對齊,PAIR-S047,RETIRE,"Old T1–T3 buttons, observation tables, producer states, and session semantics are not the C120 runner/import contract.",CORRESPONDING_PAGE_REVIEW + rendered contact-sheet review; peer visible-text similarity 0.9932; notes present,No target role; rebuild required with current runner and policy artifacts,47,0.9932,False,False,False,2edaf478accd2a2184cc1ed2b2ceea69bce33cdcbca345ada575d8035fcf4362,596a8a74044fcfa6b4e7b870c6935096d5f77cfbc7b4ed8e46bd80328acb3af6,dda04053a12458b08310d3b11fdd6a5fdf56c1e62a449ddb0e07259d6356dae8,0,只有標題
e2,/home/u24/papers/beamshift/e2.pptx,60ba796c908387cdfe06c2b82e592bcce3205e2472c42566467bbbd89dcad024,48,T1｜空白觀察表：功率讀值,PAIR-S048,RETIRE,"Old T1–T3 buttons, observation tables, producer states, and session semantics are not the C120 runner/import contract.",CORRESPONDING_PAGE_REVIEW + rendered contact-sheet review; peer visible-text similarity 0.9848; notes present,No target role; rebuild required with current runner and policy artifacts,48,0.9848,False,False,False,852de2eeac43a2e0d1683ae8cc114c08c30e80d4f884280eed9613ca28264641,efcf14b7a4bb9da1569991ae7e0ccd4a383b62bb6d699865ce93c6aef4f6530c,615e89a9d71cf8294f98946c3c868ac2c3ec8ba04a2ba9450c1f3d892edb3893,1,只有標題
e2,/home/u24/papers/beamshift/e2.pptx,60ba796c908387cdfe06c2b82e592bcce3205e2472c42566467bbbd89dcad024,49,T1｜實際數值：功率讀值,PAIR-S049,RETIRE,"Old T1–T3 buttons, observation tables, producer states, and session semantics are not the C120 runner/import contract.",CORRESPONDING_PAGE_REVIEW + rendered contact-sheet review; peer visible-text similarity 0.9946; notes present,No target role; rebuild required with current runner and policy artifacts,49,0.9946,False,False,False,0d887452dcd4386a00afe607a13c87e4f7311e9cba38dcb04f82edb549018290,6a43e10b47730b8197cd60a7eebdc37d8047f7edfc650c40a2c23b628601e2ec,4352e0fcd254d83f49cd839969f8c681779d8325b565178fbd78892ae4be8d24,0,只有標題
e2,/home/u24/papers/beamshift/e2.pptx,60ba796c908387cdfe06c2b82e592bcce3205e2472c42566467bbbd89dcad024,50,T1｜解讀：總功率從哪裡來？,PAIR-S050,RETIRE,"Old T1–T3 buttons, observation tables, producer states, and session semantics are not the C120 runner/import contract.",CORRESPONDING_PAGE_REVIEW + rendered contact-sheet review; peer visible-text similarity 0.9945; notes present,No target role; rebuild required with current runner and policy artifacts,50,0.9945,False,False,False,98608ed57f075ce45e0ca2e8b6f6c38c45b9b602863e42f981ce60a40bcb33c6,459774f1375b4deabbf9bd38e6adefe83e43c43a5d4e3d6a4ebe44b8102f7739,dd903101824300a6e4c2a5efb86a8456dc654502da1c1e89acbc6cff39220adf,0,只有標題
e2,/home/u24/papers/beamshift/e2.pptx,60ba796c908387cdfe06c2b82e592bcce3205e2472c42566467bbbd89dcad024,51,T2｜為什麼分開調整三個能源參數？,PAIR-S051,RETIRE,"Old T1–T3 buttons, observation tables, producer states, and session semantics are not the C120 runner/import contract.",CORRESPONDING_PAGE_REVIEW + rendered contact-sheet review; peer visible-text similarity 0.9917; notes present,No target role; rebuild required with current runner and policy artifacts,51,0.9917,False,False,False,2412722f1e79e85b651361b7937bc8bbd1243348a73daa6d46cf209d37d6ccd0,fc84e7425c128297c75b48a57700a1a42aa22719500fa6d18d1acf31ae36be85,49f0e4c9f54f79d97871568275863e5454846ebd88147806e43728647a6903de,1,只有標題
e2,/home/u24/papers/beamshift/e2.pptx,60ba796c908387cdfe06c2b82e592bcce3205e2472c42566467bbbd89dcad024,52,T2｜操作：先建立基準，再改一個旋鈕,PAIR-S052,RETIRE,"Old T1–T3 buttons, observation tables, producer states, and session semantics are not the C120 runner/import contract.",CORRESPONDING_PAGE_REVIEW + rendered contact-sheet review; peer visible-text similarity 0.9913; notes present,No target role; rebuild required with current runner and policy artifacts,52,0.9913,False,False,False,544177ca3918303d0d84503ab3e2774fc68113d43ab8e83ef610daa4212343c9,2439e64da93ab4c61acee57ca90b1e8d34de720d768cdfe13e3accc433dd0f17,6fdca006d02d20ec1c2224a1889241b9dbb60a186d7c89654ceff7f32f2d2d36,0,只有標題
e2,/home/u24/papers/beamshift/e2.pptx,60ba796c908387cdfe06c2b82e592bcce3205e2472c42566467bbbd89dcad024,53,T2｜操作：讀畫面，確認當下控制值,PAIR-S053,RETIRE,"Old T1–T3 buttons, observation tables, producer states, and session semantics are not the C120 runner/import contract.",CORRESPONDING_PAGE_REVIEW + rendered contact-sheet review; peer visible-text similarity 0.9912; notes present,No target role; rebuild required with current runner and policy artifacts,53,0.9912,False,False,False,3f69177d1e3f92726952015fe755bcae873e32a9cdc2620649a7d8db8124875f,d276998e9398429b779f3703d3567fe2c90f46919c72b555fc854d5cd2cc4100,94ea13c97692d7518dcb18c1b91edaa60583c9e6195ff7fb229548a4cb6f2662,1,只有標題
e2,/home/u24/papers/beamshift/e2.pptx,60ba796c908387cdfe06c2b82e592bcce3205e2472c42566467bbbd89dcad024,54,T2｜空白觀察表：控制與持續運作功率,DUP-T2-54-55,RETIRE,"Old T1–T3 buttons, observation tables, producer states, and session semantics are not the C120 runner/import contract.",SEMANTIC_DUP_REVIEW + rendered contact-sheet review; peer visible-text similarity 0.9886; notes present,No target role; rebuild required with current runner and policy artifacts,54,0.9886,False,False,False,b7e1790ec92f786e17fed08a1021efb3817a9146b22ddf72839ed7603a81a9dd,a93c5b65e779189b9e17624c249713395db0c0dcb37bce2605ab9564349c1347,52ebaf9a4f9ce87507c07b80141817617e5cb644d29fa0926975353e97e1b447,0,只有標題
e2,/home/u24/papers/beamshift/e2.pptx,60ba796c908387cdfe06c2b82e592bcce3205e2472c42566467bbbd89dcad024,55,T2｜實際數值：控制與持續運作功率,DUP-T2-54-55,RETIRE,"Old T1–T3 buttons, observation tables, producer states, and session semantics are not the C120 runner/import contract.",SEMANTIC_DUP_REVIEW + rendered contact-sheet review; peer visible-text similarity 0.9943; notes present,No target role; rebuild required with current runner and policy artifacts,55,0.9943,False,False,False,6bc9592deb69f012c80fff154786410c421d8a9e112474591a972bdb3d520270,3ad36a767287dc276b875505a3d31949c239bc42ca384fff03c0e6a48eb04683,08ed3d61dcea78bfa498e9abc408a4b52ffefc3be859d19886701b7c3af1bcc2,0,只有標題
e2,/home/u24/papers/beamshift/e2.pptx,60ba796c908387cdfe06c2b82e592bcce3205e2472c42566467bbbd89dcad024,56,T2｜解讀：持續運作功率先看哪一列？,PAIR-S056,RETIRE,"Old T1–T3 buttons, observation tables, producer states, and session semantics are not the C120 runner/import contract.",CORRESPONDING_PAGE_REVIEW + rendered contact-sheet review; peer visible-text similarity 0.9939; notes present,No target role; rebuild required with current runner and policy artifacts,56,0.9939,False,False,False,9d5f6baa256f9bab714f1cbdffa337331388ae13c2607b766748a3a75b234fcc,618d44677d75c7284a6f1d49d9fa220764c360e5e5b36e99f061e7f9bde3c0dd,34c3a35846f69b4b5768beb71eed1014b4400e9b7942c4504f8202a70c25ee85,0,只有標題
e2,/home/u24/papers/beamshift/e2.pptx,60ba796c908387cdfe06c2b82e592bcce3205e2472c42566467bbbd89dcad024,57,T2｜空白觀察表：事件、總耗能與窗口,DUP-T2-57-58,RETIRE,"Old T1–T3 buttons, observation tables, producer states, and session semantics are not the C120 runner/import contract.",SEMANTIC_DUP_REVIEW + rendered contact-sheet review; peer visible-text similarity 0.9895; notes present,No target role; rebuild required with current runner and policy artifacts,57,0.9895,False,False,False,d8b070bed2eb9501316d151be0a6f6e0d9321e47471e7dbf003ebca2869e311b,d2cd1f569e4090b80c42a864a2ce14c7208c08dda253334136d543f20f8d40aa,207571aa6a6c917ed346288455238013a3d1ee38309d55709fd447ae52c32d11,0,只有標題
e2,/home/u24/papers/beamshift/e2.pptx,60ba796c908387cdfe06c2b82e592bcce3205e2472c42566467bbbd89dcad024,58,T2｜實際數值：事件、總耗能與窗口,DUP-T2-57-58,RETIRE,"Old T1–T3 buttons, observation tables, producer states, and session semantics are not the C120 runner/import contract.",SEMANTIC_DUP_REVIEW + rendered contact-sheet review; peer visible-text similarity 0.9951; notes present,No target role; rebuild required with current runner and policy artifacts,58,0.9951,False,False,False,d6cbf1fd1b9e03592359152a7611d3ae0b7a6e0a17532989c0d85ad2c99c6b57,dc556c8023bcd4cfccd672c5ad415fadbcdbf12d783f62d9f4fa890021400c48,994b442f6c257dedf1a24e5eae1909c904bb47d60bcdd6ae8f30d17eb2705d3d,0,只有標題
e2,/home/u24/papers/beamshift/e2.pptx,60ba796c908387cdfe06c2b82e592bcce3205e2472c42566467bbbd89dcad024,59,T2｜解讀：事件耗能何時改變結果？,PAIR-S059,RETIRE,"Old T1–T3 buttons, observation tables, producer states, and session semantics are not the C120 runner/import contract.",CORRESPONDING_PAGE_REVIEW + rendered contact-sheet review; peer visible-text similarity 0.9941; notes present,No target role; rebuild required with current runner and policy artifacts,59,0.9941,False,False,False,d57e5b430b7c165642ca9fd5e0fd256d830edf4d6e62b94eaf1612b0055ddfdd,b0e004f9471e097333312ec8f4ecdbccb9add3ce94a4f09d2215480ba94a12b5,2cdef5dd566079fee778f294934d21c7df278c1e4a11685eaedfdbd0cb5a079a,0,只有標題
e2,/home/u24/papers/beamshift/e2.pptx,60ba796c908387cdfe06c2b82e592bcce3205e2472c42566467bbbd89dcad024,60,T3｜為什麼速率不能只看一個方向？,PAIR-S060,RETIRE,"Old T1–T3 buttons, observation tables, producer states, and session semantics are not the C120 runner/import contract.",CORRESPONDING_PAGE_REVIEW + rendered contact-sheet review; peer visible-text similarity 0.9930; notes present,No target role; rebuild required with current runner and policy artifacts,60,0.993,False,False,False,41d9d90609e9fa6761059510959df7b7a0c4a24c4174f16efc1f4ef43e7488dc,456c72ea3cbf094bb978e23f8ba0865682a9a9b0de35fdd7c4ca3a050600a621,c37d1dc48fbf2a8243ba10076cc1d091e01e24cff65dda97d91633e15a04f8cb,2,只有標題
e2,/home/u24/papers/beamshift/e2.pptx,60ba796c908387cdfe06c2b82e592bcce3205e2472c42566467bbbd89dcad024,61,T3｜從 dB 到資料：三種量不能混在一起,PAIR-S061,RETIRE,"Old T1–T3 buttons, observation tables, producer states, and session semantics are not the C120 runner/import contract.",CORRESPONDING_PAGE_REVIEW + rendered contact-sheet review; peer visible-text similarity 0.9924; notes present,No target role; rebuild required with current runner and policy artifacts,61,0.9924,False,False,False,cad816c17bdcc03b8b39bfa20eb864e342a5b9b91fa2ccb090bc3cfdfa83d98c,bbce8feb19315a3d079b76ed3eda85b321f26904f127ecd4e1978a45304b8d92,485c9011060ad6e72e76e40b9dc60d1b3c6235d8e36bcfa0258af179ce06276e,1,只有標題
e2,/home/u24/papers/beamshift/e2.pptx,60ba796c908387cdfe06c2b82e592bcce3205e2472c42566467bbbd89dcad024,62,T3｜條件設計：同一基準，每列只調整一項,PAIR-S062,RETIRE,"Old T1–T3 buttons, observation tables, producer states, and session semantics are not the C120 runner/import contract.",CORRESPONDING_PAGE_REVIEW + rendered contact-sheet review; peer visible-text similarity 0.9932; notes present,No target role; rebuild required with current runner and policy artifacts,62,0.9932,False,False,False,0a0230916ea63ed27795bad71db5db44deda3aea24932d2e044d5366884e4a29,c5c521928cbed6b887c90ea3f4326140bc497fb1ff720e14bdb25e23f5ffccbc,bf4f3bb3d0b6ff9229e155da255b4cb5e2f734ca7e2e9bc63bb3ebe365d3c458,0,只有標題
e2,/home/u24/papers/beamshift/e2.pptx,60ba796c908387cdfe06c2b82e592bcce3205e2472c42566467bbbd89dcad024,63,T3｜操作：調整控制、開窗、讀同一組欄位,PAIR-S063,RETIRE,"Old T1–T3 buttons, observation tables, producer states, and session semantics are not the C120 runner/import contract.",CORRESPONDING_PAGE_REVIEW + rendered contact-sheet review; peer visible-text similarity 0.9926; notes present,No target role; rebuild required with current runner and policy artifacts,63,0.9926,False,False,False,fc33df92c91e8682d1e1bceda13086ed99b93963c1cf56c2e607713b2bc3633e,a74216b1e5dcd0993d0004f08f48297e87c3c5bf7df468074cf3bb062e9ba7ee,1084899c9e4264bd108cf7d8db1050f1a85c7e00df96f276c0e1fe00783a4bd7,0,只有標題
e2,/home/u24/papers/beamshift/e2.pptx,60ba796c908387cdfe06c2b82e592bcce3205e2472c42566467bbbd89dcad024,64,T3｜空白觀察表：控制與窗口,DUP-T3-64-65,RETIRE,"Old T1–T3 buttons, observation tables, producer states, and session semantics are not the C120 runner/import contract.",SEMANTIC_DUP_REVIEW + rendered contact-sheet review; peer visible-text similarity 0.9846; notes present,No target role; rebuild required with current runner and policy artifacts,64,0.9846,False,False,False,77b7459b7000ddc20b3c4658b2719a5f2d01a3830ead9dbb0a8690efdae3bc4e,add77314993800cb0f76f20aaf28716d07d3eb606e7413b5f2bae50254a7bdd4,d9b41f550d2d15a93c75ede47506afda31d434f41ba621314dcf1123a5b46865,0,只有標題
e2,/home/u24/papers/beamshift/e2.pptx,60ba796c908387cdfe06c2b82e592bcce3205e2472c42566467bbbd89dcad024,65,T3｜實際數值：控制與窗口,DUP-T3-64-65,RETIRE,"Old T1–T3 buttons, observation tables, producer states, and session semantics are not the C120 runner/import contract.",SEMANTIC_DUP_REVIEW + rendered contact-sheet review; peer visible-text similarity 0.9926; notes present,No target role; rebuild required with current runner and policy artifacts,65,0.9926,False,False,False,30806a13d2a628337e09ec442ac9a8785a7beb978158f452c9e34e021c2724ab,088996082baebb4958a19c80cb03fb4aad2dda883b3ea9cae4dd4fcbd3a3ab7f,7e0d2fe21003cb10bdfa8c1f256065fe8da47c61ce384b79574dc6e1d3939b3d,0,只有標題
e2,/home/u24/papers/beamshift/e2.pptx,60ba796c908387cdfe06c2b82e592bcce3205e2472c42566467bbbd89dcad024,66,T3｜解讀：固定條件才可比較,PAIR-S066,RETIRE,"Old T1–T3 buttons, observation tables, producer states, and session semantics are not the C120 runner/import contract.",CORRESPONDING_PAGE_REVIEW + rendered contact-sheet review; peer visible-text similarity 0.9929; notes present,No target role; rebuild required with current runner and policy artifacts,66,0.9929,False,False,False,2b7d6067c5aaa0f74ba4fb4e0a742d02832171e26a115695afa66c4f7aadbd29,be05fe6458f021f6ccc0b0e26adc17d73d8b8268db0ebc3e71484265fc0b2e09,a2aded158466391eb86c33d1cde72d023f9c9ccb3ac5e704201fd64f95afbcad,0,只有標題
e2,/home/u24/papers/beamshift/e2.pptx,60ba796c908387cdfe06c2b82e592bcce3205e2472c42566467bbbd89dcad024,67,T3｜空白觀察表：品質、負載與速率,DUP-T3-67-68,RETIRE,"Old T1–T3 buttons, observation tables, producer states, and session semantics are not the C120 runner/import contract.",SEMANTIC_DUP_REVIEW + rendered contact-sheet review; peer visible-text similarity 0.9859; notes present,No target role; rebuild required with current runner and policy artifacts,67,0.9859,False,False,False,f58382d73b4e4302ffd7456af72d9421d7524b3f77e263397ab950beee49af6f,82a1c65b9d28a6ac2a4acc74ec84b6a7b93ee7d58d149b97db3f8e01c722ed80,1f5acc058e7578e39a292116d3f9bc633a9babc310d154e10e4513a5621d6533,0,只有標題
e2,/home/u24/papers/beamshift/e2.pptx,60ba796c908387cdfe06c2b82e592bcce3205e2472c42566467bbbd89dcad024,68,T3｜實際數值：品質、負載與速率,DUP-T3-67-68,RETIRE,"Old T1–T3 buttons, observation tables, producer states, and session semantics are not the C120 runner/import contract.",SEMANTIC_DUP_REVIEW + rendered contact-sheet review; peer visible-text similarity 0.9937; notes present,No target role; rebuild required with current runner and policy artifacts,68,0.9937,False,False,False,262ca9493ee569725ac89fa1e60723f517236c09c458f77f90996cc68342f8b6,7a273908e0056985cd25e557722a49703515a8da854c57f3e3a79dd084f415e3,6375f46d2d6735c940d05e17a60c174cdaf324283817068dca600b83af699a01,0,只有標題
e2,/home/u24/papers/beamshift/e2.pptx,60ba796c908387cdfe06c2b82e592bcce3205e2472c42566467bbbd89dcad024,69,T3｜解讀：B／K 如何改變速率？,PAIR-S069,RETIRE,"Old T1–T3 buttons, observation tables, producer states, and session semantics are not the C120 runner/import contract.",CORRESPONDING_PAGE_REVIEW + rendered contact-sheet review; peer visible-text similarity 0.9932; notes present,No target role; rebuild required with current runner and policy artifacts,69,0.9932,False,False,False,1a57302aaee355df3cf9ea8dd3558d8f613aced3c34a786cc3299e69a5fdbdad,4c59259bf3fc71bae58fe83cddd999cefda1f266328a4bf64ec5d68c2d647f8e,a6d9dc6873a33f45b52e40f8584a468721bdee7bfbec1f522424c99176f903bd,0,只有標題
e2,/home/u24/papers/beamshift/e2.pptx,60ba796c908387cdfe06c2b82e592bcce3205e2472c42566467bbbd89dcad024,70,結論｜這筆量測何時才算有效證據？,PAIR-S070,ADOPT,"Evidence qualification, accumulated quantities, and validity gates support the evidence clinic; rewrite all labels and data around endpoint replay.",CORRESPONDING_PAGE_REVIEW + rendered contact-sheet review; peer visible-text similarity 0.9916; notes present,Core 63–66: evidence clinic and bounded claim interpretation,70,0.9916,False,False,False,edf43e0c567e39dbdb49ad5ac1e54e8e4d1fb57c9232b08c0d5339c29f890572,209881627492a499a29d30e384209058918bea4ef14f80187498b5c8a17b58aa,7958e7d301e0654f1cc14b326e364978b8e782f14d5dcbe6a17d0d9f5843f3a4,0,只有標題
e2,/home/u24/papers/beamshift/e2.pptx,60ba796c908387cdfe06c2b82e592bcce3205e2472c42566467bbbd89dcad024,71,從可操作到可採信：先固定比較資格,PAIR-S071,ADOPT,"Evidence qualification, accumulated quantities, and validity gates support the evidence clinic; rewrite all labels and data around endpoint replay.",CORRESPONDING_PAGE_REVIEW + rendered contact-sheet review; peer visible-text similarity 0.9922; notes present,Core 63–66: evidence clinic and bounded claim interpretation,71,0.9922,False,False,False,a3a670f0f558697c1f93ca804203c22057ce9753475f6acdb2d298a0ea4ed809,15193a472eec558875c74fb7aa6810638135966e2391bebdd47f8698732d8cbf,6a9e8585ebd355257e7e075ed07cc673c3e55fa4a74a03e25fc9147640bc7c48,0,只有標題
e2,/home/u24/papers/beamshift/e2.pptx,60ba796c908387cdfe06c2b82e592bcce3205e2472c42566467bbbd89dcad024,72,Run EE 的兩個累積量要一起看,PAIR-S072,ADOPT,"Evidence qualification, accumulated quantities, and validity gates support the evidence clinic; rewrite all labels and data around endpoint replay.",CORRESPONDING_PAGE_REVIEW + rendered contact-sheet review; peer visible-text similarity 0.9921; notes present,Core 63–66: evidence clinic and bounded claim interpretation,72,0.9921,False,False,False,01624b2e36c2bf1c7f455f1fcd4984f0d1fcf37e150892174b3116e0471d85d4,689c086e2bcff686a0af22f7ec122f10b09728eeecdfbd7001a50b7f8beeecf6,affe470e1affd227ed5dae105a67e27db6d7d69ec044d6a2f914e8fb2ba6f419,1,只有標題
e2,/home/u24/papers/beamshift/e2.pptx,60ba796c908387cdfe06c2b82e592bcce3205e2472c42566467bbbd89dcad024,73,一個能量數字，足以代表節能嗎？,PAIR-S073,ADOPT,"Evidence qualification, accumulated quantities, and validity gates support the evidence clinic; rewrite all labels and data around endpoint replay.",CORRESPONDING_PAGE_REVIEW + rendered contact-sheet review; peer visible-text similarity 0.9928; notes present,Core 63–66: evidence clinic and bounded claim interpretation,73,0.9928,False,False,False,b54ffb26cc44f33aa57496cc7c8f56b95a4d67cf7f702066b169c73cd4f206e0,a6b7e348d7ba174fabe51d33c23f55fb3241cb003420f5f0a0b00a33bb154c86,81a6a9205345f94cb76f7728d2dfd4af8b75c12af9f6b6cc7f30eb9a088af25f,0,只有標題
e2,/home/u24/papers/beamshift/e2.pptx,60ba796c908387cdfe06c2b82e592bcce3205e2472c42566467bbbd89dcad024,74,先固定比較範圍，再記錄實際讀值,PAIR-S074,ADOPT,"Evidence qualification, accumulated quantities, and validity gates support the evidence clinic; rewrite all labels and data around endpoint replay.",CORRESPONDING_PAGE_REVIEW + rendered contact-sheet review; peer visible-text similarity 0.9873; notes present,Core 63–66: evidence clinic and bounded claim interpretation,74,0.9873,False,False,False,8ad7815fac41e5ca4c37ec285f434836ddc22441ac9fa0a3c709571bd61930f6,413132a6d9d779b713c63b5162d205f7ae6ebeac07b333332b9969816d265615,dea5ddc4ce8ad308f2a0156196cdb5adba9ad45dde995e30b39db49e1dd2d4d0,5,只有標題
e2,/home/u24/papers/beamshift/e2.pptx,60ba796c908387cdfe06c2b82e592bcce3205e2472c42566467bbbd89dcad024,75,量測資格：四個條件必須對上,PAIR-S075,ADOPT,"Evidence qualification, accumulated quantities, and validity gates support the evidence clinic; rewrite all labels and data around endpoint replay.",CORRESPONDING_PAGE_REVIEW + rendered contact-sheet review; peer visible-text similarity 0.9924; notes present,Core 63–66: evidence clinic and bounded claim interpretation,75,0.9924,False,False,False,d3ae8f847e9f6f01d1b6d7e4c2bc8eac311b1d3385fba820233b181704900ee5,340b9c924820940bcc70bc75efbb2e20e31630629bd4739409bc80c7ab8a555c,447eacd0a09f29b2f3716f0fc47aa8529637741a4b4f612467ee6cbead02d437,1,只有標題
e2,/home/u24/papers/beamshift/e2.pptx,60ba796c908387cdfe06c2b82e592bcce3205e2472c42566467bbbd89dcad024,76,T4 目的：兩個量測按鈕是否改變同一件事？,PAIR-S076,RETIRE,Old T4–T6 operations and legacy Run EE tables are not current C120 semantics and can relabel or overclaim energy evidence.,CORRESPONDING_PAGE_REVIEW + rendered contact-sheet review; peer visible-text similarity 0.9951; notes present,No target role; replace with current Lab C and endpoint/system boundary,76,0.9951,False,False,False,7a57d714f888de938dd6962af7ff50b065dade1b40c0eab34ec4183e1de6115d,9446952254e2cca29569361fedf02a55f1e20e7e25abdf119f5f636ae07f6891,53cb40379dfb2bc21874a05ca8d072d2cfb5e7effa4fa96ef61c8c445c610097,0,只有標題
e2,/home/u24/papers/beamshift/e2.pptx,60ba796c908387cdfe06c2b82e592bcce3205e2472c42566467bbbd89dcad024,77,T4 操作：一次只檢查一個按鈕行為,PAIR-S077,RETIRE,Old T4–T6 operations and legacy Run EE tables are not current C120 semantics and can relabel or overclaim energy evidence.,CORRESPONDING_PAGE_REVIEW + rendered contact-sheet review; peer visible-text similarity 0.9960; notes present,No target role; replace with current Lab C and endpoint/system boundary,77,0.996,False,False,False,fec31f2daa5e8a9f35e64cd9da7e852a7ee0a796268a8e402713d7037046aa11,4bfe6ad5c88eab183549abdb20ab66be696ac0c208e701a09df65f068b6ea24c,7e3d88b722abc3e171d96cc3e4421da5a2e08f6c2b16586cd814f23e6972b9c1,0,只有標題
e2,/home/u24/papers/beamshift/e2.pptx,60ba796c908387cdfe06c2b82e592bcce3205e2472c42566467bbbd89dcad024,78,T4 空白觀測表：參數與窗口分開記,DUP-T4-78-80,RETIRE,Old T4–T6 operations and legacy Run EE tables are not current C120 semantics and can relabel or overclaim energy evidence.,SEMANTIC_DUP_REVIEW + rendered contact-sheet review; peer visible-text similarity 0.9938; notes present,No target role; replace with current Lab C and endpoint/system boundary,78,0.9938,False,False,False,bd02eb926d1590c864762a83ea8247f0bd42eff9ddf02097737954889a114309,74c2c8a2851f9fa076209874cd6b2f0c746b18b537b403c9aea507ec753925eb,adae2a5dad474ad51bc3a039275061a7e882c525d40d1803f0d88c926c37ef40,0,只有標題
e2,/home/u24/papers/beamshift/e2.pptx,60ba796c908387cdfe06c2b82e592bcce3205e2472c42566467bbbd89dcad024,79,T4 已填範例：重開窗口不改參數,DUP-T4-78-80,RETIRE,Old T4–T6 operations and legacy Run EE tables are not current C120 semantics and can relabel or overclaim energy evidence.,SEMANTIC_DUP_REVIEW + rendered contact-sheet review; peer visible-text similarity 0.9965; notes present,No target role; replace with current Lab C and endpoint/system boundary,79,0.9965,False,False,False,9952816166f37897cbcfa8f1d6d1076f66fcc9ab0e83539f816276b03cb83a57,2e80cca32ff557f8bb310f564e29c3f60479f567eb08294e6c603a0013c7c13e,9e6028ebb6645053a14f1ee6158a7041576db12499fb8505fe216710c7eb4163,1,只有標題
e2,/home/u24/papers/beamshift/e2.pptx,60ba796c908387cdfe06c2b82e592bcce3205e2472c42566467bbbd89dcad024,80,T4 解讀：先變的是帳本，不是物理量,DUP-T4-78-80,RETIRE,Old T4–T6 operations and legacy Run EE tables are not current C120 semantics and can relabel or overclaim energy evidence.,SEMANTIC_DUP_REVIEW + rendered contact-sheet review; peer visible-text similarity 0.9943; notes present,No target role; replace with current Lab C and endpoint/system boundary,80,0.9943,False,False,False,023d077013bb07c99f4479707efc5fb951c30428b888e075b59df98812b882e0,e48691a44bbf75fbd23a7eb76d520997b378f367d77af893818a741982a926f0,0b74cfd7a8ebcb2dccc475f1336c8c3b1487af2fdcb341b83a37ca145aac04aa,0,只有標題
e2,/home/u24/papers/beamshift/e2.pptx,60ba796c908387cdfe06c2b82e592bcce3205e2472c42566467bbbd89dcad024,81,T5 目的：50 → 35 dBm 是下降 15 dB,PAIR-S081,RETIRE,Old T4–T6 operations and legacy Run EE tables are not current C120 semantics and can relabel or overclaim energy evidence.,CORRESPONDING_PAGE_REVIEW + rendered contact-sheet review; peer visible-text similarity 0.9931; notes present,No target role; replace with current Lab C and endpoint/system boundary,81,0.9931,False,False,False,d0d7bbc7273e9e2b42c9d5193fe1ce67776048cef34c6be476c8ed3a25979920,324295a2416d4d54d0717031594a32dfbda2ae2330a5dc100ab45e8fec247fae,b10e2ac61383e72eaac3414bbfc6dd0492722ccca75e4452d474a037a9c5e585,0,只有標題
e2,/home/u24/papers/beamshift/e2.pptx,60ba796c908387cdfe06c2b82e592bcce3205e2472c42566467bbbd89dcad024,82,T5 操作：同一場景，只改一個 RF 設定,PAIR-S082,RETIRE,Old T4–T6 operations and legacy Run EE tables are not current C120 semantics and can relabel or overclaim energy evidence.,CORRESPONDING_PAGE_REVIEW + rendered contact-sheet review; peer visible-text similarity 0.9886; notes present,No target role; replace with current Lab C and endpoint/system boundary,82,0.9886,False,False,False,bf2dbe283b038614b956de5d31fd210e9b74da543f8d4c61ff01bc22d9de25d0,87e8de0c4bba049839887c435ecec7b060c12dd83b063c57e9e2f2cb003d15ba,ce32c0eb0d82f466b092897a2e8345b416a7de9ccb9e8d7d8ee46fe58f561cc8,1,只有標題
e2,/home/u24/papers/beamshift/e2.pptx,60ba796c908387cdfe06c2b82e592bcce3205e2472c42566467bbbd89dcad024,83,T5 空白觀測表：先記中間量，再記累積量,DUP-T5-83-86,RETIRE,Old T4–T6 operations and legacy Run EE tables are not current C120 semantics and can relabel or overclaim energy evidence.,SEMANTIC_DUP_REVIEW + rendered contact-sheet review; peer visible-text similarity 0.9917; notes present,No target role; replace with current Lab C and endpoint/system boundary,83,0.9917,False,False,False,db2d5b510f0b5aa5593a194751daceb6f2a6a47a750909dd3feec48e3d5cd58a,0d8cc263897f7d3ec9a879dfa17e093cba3c3d229a1d8fd0b90ca1e61155d9f2,0ac107085fdfe5499f96825c077c5328bc6fc4abcd1bb2fdb73093fa9fa079ac,0,只有標題
e2,/home/u24/papers/beamshift/e2.pptx,60ba796c908387cdfe06c2b82e592bcce3205e2472c42566467bbbd89dcad024,84,T5 已填讀值：資料量與窗口平均資料率,DUP-T5-83-86,RETIRE,Old T4–T6 operations and legacy Run EE tables are not current C120 semantics and can relabel or overclaim energy evidence.,SEMANTIC_DUP_REVIEW + rendered contact-sheet review; peer visible-text similarity 0.9944; notes present,No target role; replace with current Lab C and endpoint/system boundary,84,0.9944,False,False,False,9ecf071bdeeef6c44240b3040bb9286ad9eb6874e55f2360730db6ca79c2a18d,3582e74435e82995a723b05fd24367aa6407438b1c46720f06ae32453652a238,475ae871e08d8293d3398235d35aa49ef0fb6466078ed1488eac865f8d3a6021,1,只有標題
e2,/home/u24/papers/beamshift/e2.pptx,60ba796c908387cdfe06c2b82e592bcce3205e2472c42566467bbbd89dcad024,85,T5 已填範例：先看累積資料與總耗能,DUP-T5-83-86,RETIRE,Old T4–T6 operations and legacy Run EE tables are not current C120 semantics and can relabel or overclaim energy evidence.,SEMANTIC_DUP_REVIEW + rendered contact-sheet review; peer visible-text similarity 0.9956; notes present,No target role; replace with current Lab C and endpoint/system boundary,85,0.9956,False,False,False,151388cf94534df0452da3e6e2a0c41babc8c9db286d0ab34147c9fade1f1f07,09e0fc6195907ffe91e421753d4c7db7de3d5e982cd8bf9172effb6de04f6fad,73ed05647d75412344533eb3404b1f189826ff66c1e32ec09f5bb7be9e5e9fb3,0,只有標題
e2,/home/u24/papers/beamshift/e2.pptx,60ba796c908387cdfe06c2b82e592bcce3205e2472c42566467bbbd89dcad024,86,T5 解讀：資料量掉得比能量更快,DUP-T5-83-86,RETIRE,Old T4–T6 operations and legacy Run EE tables are not current C120 semantics and can relabel or overclaim energy evidence.,SEMANTIC_DUP_REVIEW + rendered contact-sheet review; peer visible-text similarity 0.9925; notes present,No target role; replace with current Lab C and endpoint/system boundary,86,0.9925,False,False,False,313a40274d3d042dd5992757fb323ca5789e38e783fae238e3be17b6bfd506dc,e37388e246396a20539e17aacef3fc105637158d942889c7a099985fd6355dfb,5b166ce8ccdb5bc22c8bca88eadb8a21ca9e176d57816bbd0a751e1125892d9d,1,只有標題
e2,/home/u24/papers/beamshift/e2.pptx,60ba796c908387cdfe06c2b82e592bcce3205e2472c42566467bbbd89dcad024,87,T5 四道門：能源、資料、品質、Run EE,PAIR-S087,RETIRE,Old T4–T6 operations and legacy Run EE tables are not current C120 semantics and can relabel or overclaim energy evidence.,CORRESPONDING_PAGE_REVIEW + rendered contact-sheet review; peer visible-text similarity 0.9880; notes present,No target role; replace with current Lab C and endpoint/system boundary,87,0.988,False,False,False,74777d60815f9539193884c64c1908547f1ab506b994446ed715254079f182fa,b81f7e4db839643a193f9d1f54749a981ba89fdf71168371974241210d0f718d,39d1b22fad9d910db5fcef4bbeb4c91932ef307c8bacb5ac06428f216ec7bdcb,1,只有標題
e2,/home/u24/papers/beamshift/e2.pptx,60ba796c908387cdfe06c2b82e592bcce3205e2472c42566467bbbd89dcad024,88,T5 判定：能源下降仍可能是假節能,PAIR-S088,RETIRE,Old T4–T6 operations and legacy Run EE tables are not current C120 semantics and can relabel or overclaim energy evidence.,CORRESPONDING_PAGE_REVIEW + rendered contact-sheet review; peer visible-text similarity 0.9904; notes present,No target role; replace with current Lab C and endpoint/system boundary,88,0.9904,False,False,False,faebc18e557192d402a6c480482d5ef044edeb06ce8c680114acf643df210b4e,d934162de0fcccdbf2f1626133de8410fed55e4266887aa1512b4a930228d195,63e17aff27dafa74077012db1c84ee810dcf4d3aede01499669779588121680c,0,只有標題
e2,/home/u24/papers/beamshift/e2.pptx,60ba796c908387cdfe06c2b82e592bcce3205e2472c42566467bbbd89dcad024,89,T5 替代解釋：服務縮小也會讓數字變好看,PAIR-S089,RETIRE,Old T4–T6 operations and legacy Run EE tables are not current C120 semantics and can relabel or overclaim energy evidence.,CORRESPONDING_PAGE_REVIEW + rendered contact-sheet review; peer visible-text similarity 0.9883; notes present,No target role; replace with current Lab C and endpoint/system boundary,89,0.9883,False,False,False,3026e215ef192648b17e3f07408f9c45a6aa34b4cf17e503b4c2603a5af22067,4fb6debe046606291499cb40427cbfc4c68a6b7951a6543b2ddadc983a7b1371,e3631f5541130f502ae914d009da70e802a0f5e0e6c0ef4da5cd6c531b6a365e,2,只有標題
e2,/home/u24/papers/beamshift/e2.pptx,60ba796c908387cdfe06c2b82e592bcce3205e2472c42566467bbbd89dcad024,90,T6 目的：同名 EE 是否來自同一筆帳？,PAIR-S090,RETIRE,Old T4–T6 operations and legacy Run EE tables are not current C120 semantics and can relabel or overclaim energy evidence.,CORRESPONDING_PAGE_REVIEW + rendered contact-sheet review; peer visible-text similarity 0.9945; notes present,No target role; replace with current Lab C and endpoint/system boundary,90,0.9945,False,False,False,bb60ee95858ae1d5c60de78a32bc06a83b958b8af9e9eb8519638102ac94c5d8,aa7a147ed42c0d07f6cb45c001bb00196ab67a290e84b5618c7922257deb05fc,4fe2e8cdd49fbe4b1333282d8e08c84701b45690c69f1628b065ca1e0edeea34,0,只有標題
e2,/home/u24/papers/beamshift/e2.pptx,60ba796c908387cdfe06c2b82e592bcce3205e2472c42566467bbbd89dcad024,91,T6 操作：只前進一個正的時間間隔,PAIR-S091,RETIRE,Old T4–T6 operations and legacy Run EE tables are not current C120 semantics and can relabel or overclaim energy evidence.,CORRESPONDING_PAGE_REVIEW + rendered contact-sheet review; peer visible-text similarity 0.9947; notes present,No target role; replace with current Lab C and endpoint/system boundary,91,0.9947,False,False,False,a5b7c95fd4431146c37a2fd2ecc860b273aa2e7890217815f245d745a341ca05,00423c6a0a7009d92bed3321c3b480731fac7a984736fc73c2096dec0f262451,dddd1c34ca9b2ff606353c82059d3976fc8662d4e60c1d23ebb31369c2337f40,0,只有標題
e2,/home/u24/papers/beamshift/e2.pptx,60ba796c908387cdfe06c2b82e592bcce3205e2472c42566467bbbd89dcad024,92,T6 空白觀測表：狀態、功率與 EE 分開記,DUP-T6-92-95,RETIRE,Old T4–T6 operations and legacy Run EE tables are not current C120 semantics and can relabel or overclaim energy evidence.,SEMANTIC_DUP_REVIEW + rendered contact-sheet review; peer visible-text similarity 0.9928; notes present,No target role; replace with current Lab C and endpoint/system boundary,92,0.9928,False,False,False,96196e42e993b2d0fb3af5d3b7611ac1a42571b865f53d9e387a4fa1700a0dca,abc9fb07c7f05e71bb62973b9d51eefc3c14c8f2fe4a8b99d3ebda2bc2399463,7434c70210021407b7c6a29e94b6aed26ceda301e5f9bd17e4e4870e4db56a1d,0,只有標題
e2,/home/u24/papers/beamshift/e2.pptx,60ba796c908387cdfe06c2b82e592bcce3205e2472c42566467bbbd89dcad024,93,T6 已填範例：第一幀與正時間差的讀值,DUP-T6-92-95,RETIRE,Old T4–T6 operations and legacy Run EE tables are not current C120 semantics and can relabel or overclaim energy evidence.,SEMANTIC_DUP_REVIEW + rendered contact-sheet review; peer visible-text similarity 0.9948; notes present,No target role; replace with current Lab C and endpoint/system boundary,93,0.9948,False,False,False,d2f9b470aa3243d40d4bf025fb6da65626463086805b23d1668c981778a85ba3,e8c0677de808609b1870222423f459aa05a9450b4f537f3da7bdbddb541f7fc5,9c0227b620802878da0921afe2544f56ff487b9a9ce2b47623feb3523f8ce933,0,只有標題
e2,/home/u24/papers/beamshift/e2.pptx,60ba796c908387cdfe06c2b82e592bcce3205e2472c42566467bbbd89dcad024,94,T6 解讀：貢獻值是帳務分攤，不是個人發射功率,DUP-T6-92-95,RETIRE,Old T4–T6 operations and legacy Run EE tables are not current C120 semantics and can relabel or overclaim energy evidence.,SEMANTIC_DUP_REVIEW + rendered contact-sheet review; peer visible-text similarity 0.9924; notes present,No target role; replace with current Lab C and endpoint/system boundary,94,0.9924,False,False,False,9b422e960f2c61e11547279bfd7599b65edd797815c6468a2f28fef553fac9eb,fa7fe452453a90821f57287aadf66154ce0002c4f27999df5fa0dcea57e91a85,b5d12748c4233f8a699e31e313215383660ff1530a05ea56e284911d67e96ac2,3,只有標題
e2,/home/u24/papers/beamshift/e2.pptx,60ba796c908387cdfe06c2b82e592bcce3205e2472c42566467bbbd89dcad024,95,T6 邊界：先看 Producer 狀態，再讀畫面,DUP-T6-92-95,RETIRE,Old T4–T6 operations and legacy Run EE tables are not current C120 semantics and can relabel or overclaim energy evidence.,SEMANTIC_DUP_REVIEW + rendered contact-sheet review; peer visible-text similarity 0.9882; notes present,No target role; replace with current Lab C and endpoint/system boundary,95,0.9882,False,False,False,833e25d193d5eeffb3208c56c525cc023f09b46f1485d073bfd664ae4110ebb2,e415a9ccf52746eeef74324dd64a77ac672deee9bb304a0182624e05387fa7c1,9752ea812eccfa0f6f0a308617d5fb8e35252722dc007024692deee61ec192d5,1,只有標題
e2,/home/u24/papers/beamshift/e2.pptx,60ba796c908387cdfe06c2b82e592bcce3205e2472c42566467bbbd89dcad024,96,證據邊界：畫面能支持哪些可重算主張？,PAIR-S096,ADOPT,Claim boundary and evidence-record structure are useful; rewrite to the current simulated endpoint-energy claim ceiling and provenance fields.,CORRESPONDING_PAGE_REVIEW + rendered contact-sheet review; peer visible-text similarity 0.9920; notes present,"Core 63–66: claim boundary, artifact record, and interpretation",96,0.992,False,False,False,03edd1b2aa207a0e464a228e6cac0fbdfc9b1bd193cf3527da56f6e594e41bae,fbc7340ae70ee431d7b5a552323c1fba8f88f4be5f8a2f7cf257f23310be0728,ee6cff51f45f8a94eed7dd2d47e01d9fb9b19863c8e96ab080e19ea610d2befc,0,只有標題
e2,/home/u24/papers/beamshift/e2.pptx,60ba796c908387cdfe06c2b82e592bcce3205e2472c42566467bbbd89dcad024,97,把數值、判定與限制一起留下,PAIR-S097,ADOPT,Claim boundary and evidence-record structure are useful; rewrite to the current simulated endpoint-energy claim ceiling and provenance fields.,CORRESPONDING_PAGE_REVIEW + rendered contact-sheet review; peer visible-text similarity 0.9890; notes present,"Core 63–66: claim boundary, artifact record, and interpretation",97,0.989,False,False,False,df28dfb4996c5082db6a1ab12667cccadcd2d1e41b6185c2752b704043887050,a3f7bdbfcbeb3871e4ed136f9c62d0febf79a3724ce7e9c49cbda9709e361cbd,bb1a6435dce53d054b94beca93c239add249375aa052233f4fb653d0ff15d397,0,只有標題
e2,/home/u24/papers/beamshift/e2.pptx,60ba796c908387cdfe06c2b82e592bcce3205e2472c42566467bbbd89dcad024,98,"兩行軌道元素集（Two-Line Element Set, TLE）：原始兩行與固定位置",DUP-TLE-07-98,APPENDIX,TLE/OMM/SGP4/TEME source detail is provenance deepening only; merge the alternate opening and keep the satellite example subordinate.,SEMANTIC_DUP_REVIEW + rendered contact-sheet review; peer visible-text similarity 0.9975; notes present,Appendix APP-10–APP-12: selected TLE/SGP4/source lineage,98,0.9975,False,False,False,b564c371f1bd41a4b471b40bf49fdda456798cacca70e0314560ca1f94b7cec1,5b6a74954ce93ce0477d00b0c6211f65c5cb451d49771265ad703ad0cc073737,89a0e37f3444f8b7845b409f875d797a44ebf184b14da2b8af0bfbe9e4e009bc,0,只有標題
e2,/home/u24/papers/beamshift/e2.pptx,60ba796c908387cdfe06c2b82e592bcce3205e2472c42566467bbbd89dcad024,99,TLE 第 1 行：物件識別欄位各有固定位置,PAIR-S099,APPENDIX,TLE/OMM/SGP4/TEME source detail is provenance deepening only; merge the alternate opening and keep the satellite example subordinate.,CORRESPONDING_PAGE_REVIEW + rendered contact-sheet review; peer visible-text similarity 0.9969; notes present,Appendix APP-10–APP-12: selected TLE/SGP4/source lineage,99,0.9969,False,False,False,e3a86a7fcea668d177098ad3f984d3f9f4917767769c975765923abb57014355,890dd3826e0a262599bc9c8d65453498389d18d3fba9aef8b7e8c17aed82add4,2d8c91683f9d40f61c556cf5446375dc567ab1665b39b0fb9c87e6295a2a68fa,0,只有標題
e2,/home/u24/papers/beamshift/e2.pptx,60ba796c908387cdfe06c2b82e592bcce3205e2472c42566467bbbd89dcad024,100,TLE 第 1 行：曆元與平均運動導數的格式位置,PAIR-S100,APPENDIX,TLE/OMM/SGP4/TEME source detail is provenance deepening only; merge the alternate opening and keep the satellite example subordinate.,CORRESPONDING_PAGE_REVIEW + rendered contact-sheet review; peer visible-text similarity 0.9973; notes present,Appendix APP-10–APP-12: selected TLE/SGP4/source lineage,100,0.9973,False,False,False,f5844828caca76c3cae1f331b1917e078a50ef4b0b255132d34bea2cc9a16f71,2428365fde1f7ac127acdecb6c3657d3c8c003f82a097b19ad70a18bddc630ba,0011a59bd7b147f99c4193c57ea7b24023e22671027d8a61c4fa30f79dae806a,0,只有標題
e2,/home/u24/papers/beamshift/e2.pptx,60ba796c908387cdfe06c2b82e592bcce3205e2472c42566467bbbd89dcad024,101,TLE 第 1 行：BSTAR、星曆類型與校驗欄位,PAIR-S101,APPENDIX,TLE/OMM/SGP4/TEME source detail is provenance deepening only; merge the alternate opening and keep the satellite example subordinate.,CORRESPONDING_PAGE_REVIEW + rendered contact-sheet review; peer visible-text similarity 0.9973; notes present,Appendix APP-10–APP-12: selected TLE/SGP4/source lineage,101,0.9973,False,False,False,648d179421b84d83cddbed5c0ae39907daeb28f9f1f729143594cf1cd4e03345,484c0f7f764cbbfbc79b0ba4d6ad0b61964d10494242fc81e782bdb745386d7e,6c3c09d7b1d7b8dc9abe015c36792f8a25fe72358e6c51eeed726d261310d084,0,只有標題
e2,/home/u24/papers/beamshift/e2.pptx,60ba796c908387cdfe06c2b82e592bcce3205e2472c42566467bbbd89dcad024,102,TLE 第 2 行：傾角、升交點赤經與偏心率,PAIR-S102,APPENDIX,TLE/OMM/SGP4/TEME source detail is provenance deepening only; merge the alternate opening and keep the satellite example subordinate.,CORRESPONDING_PAGE_REVIEW + rendered contact-sheet review; peer visible-text similarity 0.9973; notes present,Appendix APP-10–APP-12: selected TLE/SGP4/source lineage,102,0.9973,False,False,False,11024baa780d781c8606f13063ed6106268bf7ab568c197af458b5e6a89cc9d9,4c8e742d9b4ca98a89c8d8d2d6dc4fd6037faf8d4c8de6fc277e931b84dc8232,6a8caf84a0319741c065b966f6c55f52a77fe68d814792ac762d0b1660fa7f6e,0,只有標題
e2,/home/u24/papers/beamshift/e2.pptx,60ba796c908387cdfe06c2b82e592bcce3205e2472c42566467bbbd89dcad024,103,TLE 第 2 行：近地點幅角、平近點角與平均運動,PAIR-S103,APPENDIX,TLE/OMM/SGP4/TEME source detail is provenance deepening only; merge the alternate opening and keep the satellite example subordinate.,CORRESPONDING_PAGE_REVIEW + rendered contact-sheet review; peer visible-text similarity 0.9973; notes present,Appendix APP-10–APP-12: selected TLE/SGP4/source lineage,103,0.9973,False,False,False,1fb2a69c43dc5f0108832109091c250c743834d16950a687a1035119cf4af175,f92b2d9cf79d9990d601a383d51b45d5523cca9c32e35835707bcc0b3dd1c1e0,321657db9847c6376617ce2e141b54fd03841c1bb8e1369d798b9feea553ee63,0,只有標題
e2,/home/u24/papers/beamshift/e2.pptx,60ba796c908387cdfe06c2b82e592bcce3205e2472c42566467bbbd89dcad024,104,TLE 第 2 行：參考圈數與 checksum,PAIR-S104,APPENDIX,TLE/OMM/SGP4/TEME source detail is provenance deepening only; merge the alternate opening and keep the satellite example subordinate.,CORRESPONDING_PAGE_REVIEW + rendered contact-sheet review; peer visible-text similarity 0.9969; notes present,Appendix APP-10–APP-12: selected TLE/SGP4/source lineage,104,0.9969,False,False,False,03f10b91c9b91a2c5e0caca3624c93ada60f33694e911c798503a39b052e943c,f4ebdb1966da4f81a698739b645c0f16b0c7a1c528b9a1c7b5296c8790a0a25d,0db0782f9e585e513457af7abeb2ed095efbf69069493b69fafe51abeb968599,0,只有標題
e2,/home/u24/papers/beamshift/e2.pptx,60ba796c908387cdfe06c2b82e592bcce3205e2472c42566467bbbd89dcad024,105,平均軌道元素：六個欄位如何共同描述運動,PAIR-S105,APPENDIX,TLE/OMM/SGP4/TEME source detail is provenance deepening only; merge the alternate opening and keep the satellite example subordinate.,CORRESPONDING_PAGE_REVIEW + rendered contact-sheet review; peer visible-text similarity 0.9962; notes present,Appendix APP-10–APP-12: selected TLE/SGP4/source lineage,105,0.9962,False,False,False,658b5d00496176925d5fb20aeb929a118653fb276350a60ee3e35153388cc79e,1617ac932f5aae8ba59ebc1f3d6ab07ff38bbe039bf12239144a7ae96b415576,07936c2958160ff64ba4a5fd4bc0c9d42b5446320c206462edecf0f61f0e750b,0,只有標題
e2,/home/u24/papers/beamshift/e2.pptx,60ba796c908387cdfe06c2b82e592bcce3205e2472c42566467bbbd89dcad024,106,OMM：標準訊息與承載格式要分層理解,PAIR-S106,APPENDIX,TLE/OMM/SGP4/TEME source detail is provenance deepening only; merge the alternate opening and keep the satellite example subordinate.,CORRESPONDING_PAGE_REVIEW + rendered contact-sheet review; peer visible-text similarity 0.9967; notes present,Appendix APP-10–APP-12: selected TLE/SGP4/source lineage,106,0.9967,False,False,False,80542efd1159c3c436ef974e9fb8a4ad7243d4a48f46f92565c8a88dc73afeed,a8b255e830c3a277d83081df12d23b98681f2866d475033ce79a59b9b590e58d,705dad0497eff8d38350d94376dd62647a479f5d9b0bc066c8b77c7a0cff8c87,0,只有標題
e2,/home/u24/papers/beamshift/e2.pptx,60ba796c908387cdfe06c2b82e592bcce3205e2472c42566467bbbd89dcad024,107,SGP4：平均元素加目標時間，得到某一刻的位置與速度,PAIR-S107,APPENDIX,TLE/OMM/SGP4/TEME source detail is provenance deepening only; merge the alternate opening and keep the satellite example subordinate.,CORRESPONDING_PAGE_REVIEW + rendered contact-sheet review; peer visible-text similarity 0.9923; notes present,Appendix APP-10–APP-12: selected TLE/SGP4/source lineage,107,0.9923,False,False,False,e844b8f843b5c222cb4f7e7b11d9acaefb2b52a2da4a3675f80cfe1e7d54e679,21f587a8f284c6634030dc4077f69b7a4751ccfe3231ea9a0800f2b21a47f6c1,258ec480a4139f53d3b68fb7c8785e53b3a87ea44ebf7e49085cb5a632492ef5,1,只有標題
e2,/home/u24/papers/beamshift/e2.pptx,60ba796c908387cdfe06c2b82e592bcce3205e2472c42566467bbbd89dcad024,108,TEME：三維位置與速度的輸出參考框架,PAIR-S108,APPENDIX,TLE/OMM/SGP4/TEME source detail is provenance deepening only; merge the alternate opening and keep the satellite example subordinate.,CORRESPONDING_PAGE_REVIEW + rendered contact-sheet review; peer visible-text similarity 0.9944; notes present,Appendix APP-10–APP-12: selected TLE/SGP4/source lineage,108,0.9944,False,False,False,e3e2c6865f4d2bf19fd1f15b2c675d67536c4c4cfcc5e04c3cb2b4f039da89a7,11de4fa7d8f6664cb9b72042a101ca8a6cff950645f441776fcd9d68c743af08,ffee84325f6a1dbba247bb92d4a6e20b3f663f6a7e7deb34e51c2143a07e079c,0,只有標題
e2,/home/u24/papers/beamshift/e2.pptx,60ba796c908387cdfe06c2b82e592bcce3205e2472c42566467bbbd89dcad024,109,TEME → ECEF → ENU：位置轉成觀測者方向,PAIR-S109,APPENDIX,TLE/OMM/SGP4/TEME source detail is provenance deepening only; merge the alternate opening and keep the satellite example subordinate.,CORRESPONDING_PAGE_REVIEW + rendered contact-sheet review; peer visible-text similarity 0.9942; notes present,Appendix APP-10–APP-12: selected TLE/SGP4/source lineage,109,0.9942,False,False,False,6c0fa4e691182bf90e721ce7b39c3f9323aaa77690335f4f4f5d0be7b40a5c5f,96ce162776ceba74c1b61e06568b9c2b87d622bc521d1b2afea407f1286a8c07,7fdebe987cd3a466dd387beac9d58b28cdaa36e4d2c0d8d51904d77164727861,1,只有標題
e2,/home/u24/papers/beamshift/e2.pptx,60ba796c908387cdfe06c2b82e592bcce3205e2472c42566467bbbd89dcad024,110,可見性仰角：幾何門檻、離軸角與指向角,PAIR-S110,APPENDIX,TLE/OMM/SGP4/TEME source detail is provenance deepening only; merge the alternate opening and keep the satellite example subordinate.,CORRESPONDING_PAGE_REVIEW + rendered contact-sheet review; peer visible-text similarity 0.9941; notes present,Appendix APP-10–APP-12: selected TLE/SGP4/source lineage,110,0.9941,False,False,False,acabdb62449160d39e3980fc35575f60a7dedf2355d047bee80e55f4dd94fd28,282e3a3a3771b05b06c1bd9058e9b1db6bf083392ddee78c6e9491dca00865d4,4497b517819d8c1f65f6a0fe451fbfdadfe04cec1f2ada820734a6128c61f48e,1,只有標題
e2,/home/u24/papers/beamshift/e2.pptx,60ba796c908387cdfe06c2b82e592bcce3205e2472c42566467bbbd89dcad024,111,鏈路路徑：角度、斜距與 SINR 分開計算,PAIR-S111,APPENDIX,"Angle/SINR/PA detail may support instructor vocabulary, but must not become required derivation or core LEO instruction.",CORRESPONDING_PAGE_REVIEW + rendered contact-sheet review; peer visible-text similarity 0.9941; notes present,Appendix APP-13–APP-15: optional quality and power vocabulary,111,0.9941,False,False,False,b9743d01232d314d559f5da039d8eb238845dbc821355f1878323b8b87c444a4,2ab52f3db7059b6ec00785bf01a454a649d27e33ad039d14c75033934ad6f7eb,10b2739b90d8e4f98e96225317f088efa6d5e87bb4719df9bd79d32356a70002,1,只有標題
e2,/home/u24/papers/beamshift/e2.pptx,60ba796c908387cdfe06c2b82e592bcce3205e2472c42566467bbbd89dcad024,112,功率帳本：RF 輸出、PA 輸入與消耗功率,PAIR-S112,APPENDIX,"Angle/SINR/PA detail may support instructor vocabulary, but must not become required derivation or core LEO instruction.",CORRESPONDING_PAGE_REVIEW + rendered contact-sheet review; peer visible-text similarity 0.9945; notes present,Appendix APP-13–APP-15: optional quality and power vocabulary,112,0.9945,False,False,False,13f408c05fd05f079152614673ea45f572ff3e3725a7ee62a017b77b7b04151e,f7bea0a4b7ab63c36b89cc979d5646c5ba5d265d78b71d7d331e40b4cf12dcb4,926ce087fcd70586c0f98a4b9e2a35658f880af09d86b1c662b497410131fd95,1,只有標題
e2,/home/u24/papers/beamshift/e2.pptx,60ba796c908387cdfe06c2b82e592bcce3205e2472c42566467bbbd89dcad024,113,時間窗 EE：量測、推導、假設與模擬,PAIR-S113,ADOPT,Measured/derived/assumed/simulated classification protects the claim ceiling; rewrite it for the current endpoint artifact and source lineage.,CORRESPONDING_PAGE_REVIEW + rendered contact-sheet review; peer visible-text similarity 0.9944; notes present,Core 63–66 or APP-16–APP-18: claim classification and provenance,113,0.9944,False,False,False,f2edb817db0f4234455f1df3c1cd4c7d9d3402e6942791107d5771a6c1067705,c01f9c02ffffc4216a2647dea1a03681826fdb330c924b3b0ac14b5553808ed0,1cb836efca3bd1715b63a083d433cda3853ceacbca87ed5a25cfdf97c5262a19,1,只有標題
e2,/home/u24/papers/beamshift/e2.pptx,60ba796c908387cdfe06c2b82e592bcce3205e2472c42566467bbbd89dcad024,114,資料來源：格式、推算、座標與能量模型,PAIR-S114,APPENDIX,"Source index is useful as a citation handoff, but every entry must be refreshed for the pinned course package and current claims.",CORRESPONDING_PAGE_REVIEW + rendered contact-sheet review; peer visible-text similarity 0.9957; notes present,"Appendix APP-16–APP-18: citations, licenses, glossary, claim classification",114,0.9957,False,False,False,bf2b9cb6cca5f29f96480aa08cef5e9f8d8cc5447993d7ec8b74646949805069,9bd5093aee2bdcb226d610e31290f6050a2a4f25cba45d8eccfec43757965f64,0ea866a9d6e54e494fff4c55748b74a360ff7d264145a392fe3731d53dccf356,0,只有標題
delivery-variant,/home/u24/papers/beamshift/.scratch/teaching-course/v3-ee/delivery/satellite-energy-course-combined-handoff-v1.pptx,7dbdc23e17d7a3c6dc8d6ed76823100da6aa7f14512a8128201a42c59f5ddd34,1,2026高效率節能人工智慧模型服務平台培訓,PAIR-S001,RETIRE,Delivery variant is not an independent content source; Satellite-first title cannot open the C120 smart-energy/IoT story; replace from zero.,EXACT_TEXT_AND_XML_HASH + rendered contact-sheet review; no speaker notes,C120 opening slide: endpoint energy decision and course promise,1,1.0,True,True,True,7c638abfabf7b7474a8784a17d8f801e977dd5d5f6f274347f11e25d6c77dc3e,fa3668a1c6c47e0173fb21298fbd34cbca7879deb8d87ee7de693316c37ae5f2,,0,標題投影片
delivery-variant,/home/u24/papers/beamshift/.scratch/teaching-course/v3-ee/delivery/satellite-energy-course-combined-handoff-v1.pptx,7dbdc23e17d7a3c6dc8d6ed76823100da6aa7f14512a8128201a42c59f5ddd34,2,通訊核心問題：資料要送達，鏈路卻會變,PAIR-S002,APPENDIX,Delivery variant is visual/provenance comparison only; e2 owns the content/notes adoption. Useful causal opener: service outcome changes as the link changes; rewrite around endpoint packet and energy consequences.,CORRESPONDING_PAGE_REVIEW + rendered contact-sheet review; peer visible-text similarity 0.9868; no speaker notes,Visual comparison reference only; Core 1–5: why endpoint sleep/process/TX/RX and delivery are energy decisions,2,0.9868,False,False,False,469782c5553aa4f7f4bfd6169767a024239715a500be3acb4c08fa7332a44c23,78ab3ef22112a4afed2f69a5e22fd57dbd1681d6bc35a401602c9b7067199a93,,0,只有標題
delivery-variant,/home/u24/papers/beamshift/.scratch/teaching-course/v3-ee/delivery/satellite-energy-course-combined-handoff-v1.pptx,7dbdc23e17d7a3c6dc8d6ed76823100da6aa7f14512a8128201a42c59f5ddd34,3,衛星平台與通訊酬載分工,PAIR-S003,RETIRE,Delivery variant is not an independent content source; Payload/platform specialist framing delays the IoT energy question; rewrite the bridge from endpoint state to observable evidence.,CORRESPONDING_PAGE_REVIEW + rendered contact-sheet review; peer visible-text similarity 0.9927; no speaker notes,"C120 opening bridge, rebuilt without satellite-specialist framing",3,0.9927,False,False,False,27f9cc3f5a26505fc82a6ff0557ba3427a237627b2f9a282103c5ec6d2807f13,703c6247b61e9aa5c885b8b3d16472a02500ff346e7833f07365d6396d9e739a,,0,只有標題
delivery-variant,/home/u24/papers/beamshift/.scratch/teaching-course/v3-ee/delivery/satellite-energy-course-combined-handoff-v1.pptx,7dbdc23e17d7a3c6dc8d6ed76823100da6aa7f14512a8128201a42c59f5ddd34,4,服務窗口隨衛星移動而改變,PAIR-S004,APPENDIX,Delivery variant is visual/provenance comparison only; e2 owns the content/notes adoption. Changing-window and visibility diagrams provide a compact service example; relabel LEO as one example and connect the window to endpoint policy.,CORRESPONDING_PAGE_REVIEW + rendered contact-sheet review; peer visible-text similarity 0.9840; no speaker notes,"Visual comparison reference only; Core 6–8: changing service window, transfer to IoT, and course route",4,0.984,False,False,False,1052af6a733c066fafc241493c9243537d9bb826e76ba8368f0ab5827b044949,ce2da91bd0ffb6aa474270e2f48772695d33706f5b54cdf78a0a303f2a4ad756,,1,只有標題
delivery-variant,/home/u24/papers/beamshift/.scratch/teaching-course/v3-ee/delivery/satellite-energy-course-combined-handoff-v1.pptx,7dbdc23e17d7a3c6dc8d6ed76823100da6aa7f14512a8128201a42c59f5ddd34,5,可見性是必要條件，不是服務資格,PAIR-S005,APPENDIX,Delivery variant is visual/provenance comparison only; e2 owns the content/notes adoption. Changing-window and visibility diagrams provide a compact service example; relabel LEO as one example and connect the window to endpoint policy.,CORRESPONDING_PAGE_REVIEW + rendered contact-sheet review; peer visible-text similarity 0.9924; no speaker notes,"Visual comparison reference only; Core 6–8: changing service window, transfer to IoT, and course route",5,0.9924,False,False,False,d14af237a800385318f35cc09e8dec0216d290e9de1659f2a478591cba60b3ad,c9a0a2898bae55fe642ae88ce36af71ec7f1f3d4720148d0eeb26117d5099930,,1,只有標題
delivery-variant,/home/u24/papers/beamshift/.scratch/teaching-course/v3-ee/delivery/satellite-energy-course-combined-handoff-v1.pptx,7dbdc23e17d7a3c6dc8d6ed76823100da6aa7f14512a8128201a42c59f5ddd34,6,重疊把即將中斷的服務轉成換手機會,PAIR-S006,APPENDIX,Delivery variant is visual/provenance comparison only; e2 owns the content/notes adoption. Changing-window and visibility diagrams provide a compact service example; relabel LEO as one example and connect the window to endpoint policy.,CORRESPONDING_PAGE_REVIEW + rendered contact-sheet review; peer visible-text similarity 0.9923; no speaker notes,"Visual comparison reference only; Core 6–8: changing service window, transfer to IoT, and course route",6,0.9923,False,False,False,4983d203841155f7b838b8d8df0c107587c714b00d9be291babcb23c4da59e01,7854044278616b2023083c6511457338c9d5065923c7ea7e004bdc2e1da3aa53,,0,只有標題
delivery-variant,/home/u24/papers/beamshift/.scratch/teaching-course/v3-ee/delivery/satellite-energy-course-combined-handoff-v1.pptx,7dbdc23e17d7a3c6dc8d6ed76823100da6aa7f14512a8128201a42c59f5ddd34,7,"兩行軌道元素集（Two-Line Element Set, TLE）",DUP-TLE-07-98,APPENDIX,Delivery variant has no speaker notes and is visual/provenance comparison only; TLE/SGP4/TEME provenance is optional source deepening; keep one concept per page and never require the derivation.,SEMANTIC_DUP_REVIEW + rendered contact-sheet review; peer visible-text similarity 0.9970; no speaker notes,Visual comparison reference only; Appendix APP-10–APP-12: selected TLE/SGP4/source lineage,7,0.997,False,False,False,41554a20e11e10035cb1df6caa9d934b329e3a964b57f3277144f457cadc2bb6,332dcc73349d3354d390761c9a0ac059a632de4dfdb5e9d425b3fde0c1fe9c94,,0,只有標題
delivery-variant,/home/u24/papers/beamshift/.scratch/teaching-course/v3-ee/delivery/satellite-energy-course-combined-handoff-v1.pptx,7dbdc23e17d7a3c6dc8d6ed76823100da6aa7f14512a8128201a42c59f5ddd34,8,TLE + 目標時間 → SGP4 → TEME 狀態,PAIR-S008,APPENDIX,Delivery variant has no speaker notes and is visual/provenance comparison only; TLE/SGP4/TEME provenance is optional source deepening; keep one concept per page and never require the derivation.,CORRESPONDING_PAGE_REVIEW + rendered contact-sheet review; peer visible-text similarity 0.9931; no speaker notes,Visual comparison reference only; Appendix APP-10–APP-12: selected TLE/SGP4/source lineage,8,0.9931,False,False,False,5a9c4e7c7b3bb4593507c32600ead770ec309662b0e6c35d28dca3e2c0a3172d,4a6a5c80abbe9c2b3b071dae457cfc1b0b9c6656be986417763485e6ef932283,,0,只有標題
delivery-variant,/home/u24/papers/beamshift/.scratch/teaching-course/v3-ee/delivery/satellite-energy-course-combined-handoff-v1.pptx,7dbdc23e17d7a3c6dc8d6ed76823100da6aa7f14512a8128201a42c59f5ddd34,9,TEME 是慣性參考，還需座標轉換,PAIR-S009,APPENDIX,Delivery variant has no speaker notes and is visual/provenance comparison only; TLE/SGP4/TEME provenance is optional source deepening; keep one concept per page and never require the derivation.,CORRESPONDING_PAGE_REVIEW + rendered contact-sheet review; peer visible-text similarity 0.9925; no speaker notes,Visual comparison reference only; Appendix APP-10–APP-12: selected TLE/SGP4/source lineage,9,0.9925,False,False,False,108faee6f4790a2a72e962b109de51719c93007b54d48e6b9b7ea83824597c4f,c736d3dcaa0130164b09ec00cc30d3617be760b1d33a8c5e91241dc063edec4b,,0,只有標題
delivery-variant,/home/u24/papers/beamshift/.scratch/teaching-course/v3-ee/delivery/satellite-energy-course-combined-handoff-v1.pptx,7dbdc23e17d7a3c6dc8d6ed76823100da6aa7f14512a8128201a42c59f5ddd34,10,座標鏈把 SGP4 狀態變成地面觀測者看到的量,PAIR-S010,APPENDIX,Delivery variant has no speaker notes and is visual/provenance comparison only; TLE/SGP4/TEME provenance is optional source deepening; keep one concept per page and never require the derivation.,CORRESPONDING_PAGE_REVIEW + rendered contact-sheet review; peer visible-text similarity 0.9920; no speaker notes,Visual comparison reference only; Appendix APP-10–APP-12: selected TLE/SGP4/source lineage,10,0.992,False,False,False,34b4859a5252e16205c6cd567d4e5c7e3960a2567c2a763280c0d9b51ae87158,d8b9ee8fa7ee9acbf4a62618751edb8630a37d8cd5d2545e238f4b9d3c87e744,,0,只有標題
delivery-variant,/home/u24/papers/beamshift/.scratch/teaching-course/v3-ee/delivery/satellite-energy-course-combined-handoff-v1.pptx,7dbdc23e17d7a3c6dc8d6ed76823100da6aa7f14512a8128201a42c59f5ddd34,11,候選必須跨過 margin，並持續足夠久,PAIR-S011,RETIRE,Delivery variant is not an independent content source; Margin plot is a specialist handover explanation and repeats the service-window story; retain only a newly written policy counterexample if needed.,CORRESPONDING_PAGE_REVIEW + rendered contact-sheet review; peer visible-text similarity 0.9878; no speaker notes,"Contingency counterexample: slow switching, rebuilt around policy evidence",11,0.9878,False,False,False,08ce9af1b27a07bc219f980fe0563f71bc78738a6b060f36fd68ec9201d49b64,8067c36993738e2584c13da434ccd02b27169f4444d079d7aa74d0d10502f526,,0,只有標題
delivery-variant,/home/u24/papers/beamshift/.scratch/teaching-course/v3-ee/delivery/satellite-energy-course-combined-handoff-v1.pptx,7dbdc23e17d7a3c6dc8d6ed76823100da6aa7f14512a8128201a42c59f5ddd34,12,切換過慢會中斷，過快會形成 ping-pong,PAIR-S012,APPENDIX,Delivery variant is visual/provenance comparison only; e2 owns the content/notes adoption. The slow-switch versus ping-pong comparison is a useful falsifiable counterexample; replace legacy controls with current policy actions and results.,CORRESPONDING_PAGE_REVIEW + rendered contact-sheet review; peer visible-text similarity 0.9927; no speaker notes,Visual comparison reference only; Core 6–8 or contingency: service-window policy counterexample,12,0.9927,False,False,False,1b0eaaad1b1b7f99f03dbfee32982dd9fb1b0f5cea6400857ad7456d7328b655,45531b381013e8488592e912d7c4daa18da10581b2e8342bf556c1e896b630ac,,0,只有標題
delivery-variant,/home/u24/papers/beamshift/.scratch/teaching-course/v3-ee/delivery/satellite-energy-course-combined-handoff-v1.pptx,7dbdc23e17d7a3c6dc8d6ed76823100da6aa7f14512a8128201a42c59f5ddd34,13,SINR 分解訊號、干擾與雜訊,PAIR-S013,APPENDIX,"Delivery variant has no speaker notes and is visual/provenance comparison only; SINR and dB vocabulary can support optional interpretation, but it is not the endpoint-energy learning core.",CORRESPONDING_PAGE_REVIEW + rendered contact-sheet review; peer visible-text similarity 0.9891; no speaker notes,Visual comparison reference only; Appendix APP-13–APP-15: optional quality/SINR/dB vocabulary,13,0.9891,False,False,False,2310e11a3ae09634bf7071075e567bd21cfe99fbbdafba2f69e822516d3ff2af,cc7c6107bdd327fe68bb992defd00a70a9555aad33e2c97946174d9dda8aaba9,,0,只有標題
delivery-variant,/home/u24/papers/beamshift/.scratch/teaching-course/v3-ee/delivery/satellite-energy-course-combined-handoff-v1.pptx,7dbdc23e17d7a3c6dc8d6ed76823100da6aa7f14512a8128201a42c59f5ddd34,14,Throughput 先定義：每秒交付資料，不是累積資料,PAIR-S014,APPENDIX,"Delivery variant is visual/provenance comparison only; e2 owns the content/notes adoption. Separates throughput, power, and energy; rewrite units and examples for endpoint service and energy rather than legacy system EE.",CORRESPONDING_PAGE_REVIEW + rendered contact-sheet review; peer visible-text similarity 0.9933; no speaker notes,Visual comparison reference only; Core 17–21: model bridge from packet/service outcome to endpoint energy,14,0.9933,False,False,False,26bb204f815d6ea841e94ef897031ff3125d5091e426f7717184f84ed646c435,d34ba003914b3c40a3bc33ac370ad3ef54eb54bc288128aa7032df4c2fe0e3f8,,0,只有標題
delivery-variant,/home/u24/papers/beamshift/.scratch/teaching-course/v3-ee/delivery/satellite-energy-course-combined-handoff-v1.pptx,7dbdc23e17d7a3c6dc8d6ed76823100da6aa7f14512a8128201a42c59f5ddd34,15,SINR 進入資料率前，先把 dB 還原成線性量,PAIR-S015,APPENDIX,"Delivery variant has no speaker notes and is visual/provenance comparison only; SINR and dB vocabulary can support optional interpretation, but it is not the endpoint-energy learning core.",CORRESPONDING_PAGE_REVIEW + rendered contact-sheet review; peer visible-text similarity 0.9941; no speaker notes,Visual comparison reference only; Appendix APP-13–APP-15: optional quality/SINR/dB vocabulary,15,0.9941,False,False,False,44a83c8ec9c17cd15bd34e527d254646f37f4cbc75ab20ef386b64c245a8d25e,7c731c996e9ed4d14b3c1a8c67759a4c352722b78fe6b243a108b849c5d2d965,,0,只有標題
delivery-variant,/home/u24/papers/beamshift/.scratch/teaching-course/v3-ee/delivery/satellite-energy-course-combined-handoff-v1.pptx,7dbdc23e17d7a3c6dc8d6ed76823100da6aa7f14512a8128201a42c59f5ddd34,16,資料率提高之後，功率與能量從何而來？,DUP-POWER-16-17,APPENDIX,Delivery variant is visual/provenance comparison only; e2 owns the content/notes adoption. Causal chain from delivered data through SINR and RF output to power and energy is useful; merge the duplicate 17 concept and replace values.,SEMANTIC_DUP_REVIEW + rendered contact-sheet review; peer visible-text similarity 0.9918; no speaker notes,Visual comparison reference only; Core 17–21: state/data → policy → service → power × time → energy,16,0.9918,False,False,False,5fbf81bd73cf5a3867ddc59652cbc5772b6d01206c1b788864f1bd7bbcbfbec6,d7d96037f9a1180ce059e37b3c8185f549fbce3ed5afe07e23effebccde412eb,,0,只有標題
delivery-variant,/home/u24/papers/beamshift/.scratch/teaching-course/v3-ee/delivery/satellite-energy-course-combined-handoff-v1.pptx,7dbdc23e17d7a3c6dc8d6ed76823100da6aa7f14512a8128201a42c59f5ddd34,17,資料率提高之後，功率與能量從何而來？,DUP-POWER-16-17,RETIRE,Delivery variant is not an independent content source; Near-duplicate of page 16; retain no separate page after the causal chain is rewritten for endpoint energy.,SEMANTIC_DUP_REVIEW + rendered contact-sheet review; peer visible-text similarity 0.9920; no speaker notes,Merged into Core 17–21 concept; no standalone page,17,0.992,False,False,False,1e158782d6c916044a6fe26e75b5733e833ae6f825f416279b75648b3db301d2,86859f5e25082903e2781865746777da0fb914b874dbdd774aa354e7fecbbb28,,0,只有標題
delivery-variant,/home/u24/papers/beamshift/.scratch/teaching-course/v3-ee/delivery/satellite-energy-course-combined-handoff-v1.pptx,7dbdc23e17d7a3c6dc8d6ed76823100da6aa7f14512a8128201a42c59f5ddd34,18,衛星運動改變角度與斜距，維持資料要回應,PAIR-S018,RETIRE,Delivery variant is not an independent content source; Satellite geometry scene repeats the service-window topic without current runner evidence; rebuild only if a current scenario screenshot exists.,CORRESPONDING_PAGE_REVIEW + rendered contact-sheet review; peer visible-text similarity 0.9925; no speaker notes,"C120 route visuals generated from the current scenario, not donor art",18,0.9925,False,False,False,ccf55fc74aab652d32df03d19dd5031d0262e281acf5250373a58917379f651f,0b518b4cbbab057bf3287e13f2adb68ba4b3720757d4fb394a8f65fc447df8b1,,1,只有標題
delivery-variant,/home/u24/papers/beamshift/.scratch/teaching-course/v3-ee/delivery/satellite-energy-course-combined-handoff-v1.pptx,7dbdc23e17d7a3c6dc8d6ed76823100da6aa7f14512a8128201a42c59f5ddd34,19,三種服務反應，同時改變資料與能量,PAIR-S019,APPENDIX,"Delivery variant is visual/provenance comparison only; e2 owns the content/notes adoption. Same-window A/B, service reaction, and W→J accounting boundary form a useful evidence loop; rewrite around the bounded policy and endpoint ledger.",CORRESPONDING_PAGE_REVIEW + rendered contact-sheet review; peer visible-text similarity 0.9943; no speaker notes,Visual comparison reference only; Core 17–21: controlled comparison and endpoint energy accounting,19,0.9943,False,False,False,8297b2fe6b0660e42f880aa35973a8a1145e4bd545402c11b54f389f920e5666,e78666308916ed9ac599ab96a06a6bc7bb67e2621d479fce99a50b4c60d61b91,,0,只有標題
delivery-variant,/home/u24/papers/beamshift/.scratch/teaching-course/v3-ee/delivery/satellite-energy-course-combined-handoff-v1.pptx,7dbdc23e17d7a3c6dc8d6ed76823100da6aa7f14512a8128201a42c59f5ddd34,20,A／B 先鎖在同一服務窗口,PAIR-S020,APPENDIX,"Delivery variant is visual/provenance comparison only; e2 owns the content/notes adoption. Same-window A/B, service reaction, and W→J accounting boundary form a useful evidence loop; rewrite around the bounded policy and endpoint ledger.",CORRESPONDING_PAGE_REVIEW + rendered contact-sheet review; peer visible-text similarity 0.9922; no speaker notes,Visual comparison reference only; Core 17–21: controlled comparison and endpoint energy accounting,20,0.9922,False,False,False,bff439a1370993b18d3977765f403066cf3ce8d4f42f233c7d9ea9ec9508eb28,dc79552d818918d723d5b2883c8b98f0a380b4da369c305842ef84628d29c81b,,0,只有標題
delivery-variant,/home/u24/papers/beamshift/.scratch/teaching-course/v3-ee/delivery/satellite-energy-course-combined-handoff-v1.pptx,7dbdc23e17d7a3c6dc8d6ed76823100da6aa7f14512a8128201a42c59f5ddd34,21,先畫出帳本邊界，再把功率累積成能量,PAIR-S021,APPENDIX,"Delivery variant is visual/provenance comparison only; e2 owns the content/notes adoption. Same-window A/B, service reaction, and W→J accounting boundary form a useful evidence loop; rewrite around the bounded policy and endpoint ledger.",CORRESPONDING_PAGE_REVIEW + rendered contact-sheet review; peer visible-text similarity 0.9796; no speaker notes,Visual comparison reference only; Core 17–21: controlled comparison and endpoint energy accounting,21,0.9796,False,False,False,72983263f062df368a9bb661e1045596065580cb437de748a9c3887822b77fe4,b04f6551de3f166a59a0ecd8bf9b01f5c75d8fe5e55462bbcda2149c519ddee1,,0,只有標題
delivery-variant,/home/u24/papers/beamshift/.scratch/teaching-course/v3-ee/delivery/satellite-energy-course-combined-handoff-v1.pptx,7dbdc23e17d7a3c6dc8d6ed76823100da6aa7f14512a8128201a42c59f5ddd34,22,發射設定是 dBm；先轉成線性 RF 輸出,PAIR-S022,APPENDIX,"Delivery variant has no speaker notes and is visual/provenance comparison only; RF, PA, angle, system-boundary, and source-detail derivations are optional reference material; preserve at most one concept per page.",CORRESPONDING_PAGE_REVIEW + rendered contact-sheet review; peer visible-text similarity 0.9908; no speaker notes,"Visual comparison reference only; Appendix APP-07–APP-15: selected units, quality, angle, and boundary detail",22,0.9908,False,False,False,9638d9aa7ecb02721e8802dc84ebf906e62723bb65b800a6c7128ef0eaaf906c,3e4e67735b0f0132289fb7c9d9f749d43fdffb57b04e75394b196d960aa9da26,,0,只有標題
delivery-variant,/home/u24/papers/beamshift/.scratch/teaching-course/v3-ee/delivery/satellite-energy-course-combined-handoff-v1.pptx,7dbdc23e17d7a3c6dc8d6ed76823100da6aa7f14512a8128201a42c59f5ddd34,23,dB 不能直接進入 1 + SINR,PAIR-S023,APPENDIX,"Delivery variant has no speaker notes and is visual/provenance comparison only; RF, PA, angle, system-boundary, and source-detail derivations are optional reference material; preserve at most one concept per page.",CORRESPONDING_PAGE_REVIEW + rendered contact-sheet review; peer visible-text similarity 0.9928; no speaker notes,"Visual comparison reference only; Appendix APP-07–APP-15: selected units, quality, angle, and boundary detail",23,0.9928,False,False,False,30aa97224bb15a62f189bdd43fec41aa0889e2fe9895ac9a5638a306ef72f298,6c483afc1b357a1c6ec3b1e3658a0677ef6ae28a692946ce810bfd92eba7ec58,,0,只有標題
delivery-variant,/home/u24/papers/beamshift/.scratch/teaching-course/v3-ee/delivery/satellite-energy-course-combined-handoff-v1.pptx,7dbdc23e17d7a3c6dc8d6ed76823100da6aa7f14512a8128201a42c59f5ddd34,24,log2(1+γ) 把 SINR 變成頻譜效率,PAIR-S024,APPENDIX,"Delivery variant has no speaker notes and is visual/provenance comparison only; RF, PA, angle, system-boundary, and source-detail derivations are optional reference material; preserve at most one concept per page.",CORRESPONDING_PAGE_REVIEW + rendered contact-sheet review; peer visible-text similarity 0.9937; no speaker notes,"Visual comparison reference only; Appendix APP-07–APP-15: selected units, quality, angle, and boundary detail",24,0.9937,False,False,False,45db63c6ad6c1cd7f9b9972a3b8a53f7ff7c0db550bdc355bdca99078f689fd1,e878fc22a78fd12708f35d44cbaa734afe9f7ed7417bef00b0348688dcfd60f2,,0,只有標題
delivery-variant,/home/u24/papers/beamshift/.scratch/teaching-course/v3-ee/delivery/satellite-energy-course-combined-handoff-v1.pptx,7dbdc23e17d7a3c6dc8d6ed76823100da6aa7f14512a8128201a42c59f5ddd34,25,PA 效率：同一 RF 輸出需要多少取電？,PAIR-S025,APPENDIX,"Delivery variant has no speaker notes and is visual/provenance comparison only; RF, PA, angle, system-boundary, and source-detail derivations are optional reference material; preserve at most one concept per page.",CORRESPONDING_PAGE_REVIEW + rendered contact-sheet review; peer visible-text similarity 0.9943; no speaker notes,"Visual comparison reference only; Appendix APP-07–APP-15: selected units, quality, angle, and boundary detail",25,0.9943,False,False,False,c6533cb4398a86d1f2e0f05d8551c501e0655d4a8b2b58440058d5546dcac005,0ed460e12730bf314ed0fe06ad7fe3316fc1571db093c0f01764b0d7760a7543,,0,只有標題
delivery-variant,/home/u24/papers/beamshift/.scratch/teaching-course/v3-ee/delivery/satellite-energy-course-combined-handoff-v1.pptx,7dbdc23e17d7a3c6dc8d6ed76823100da6aa7f14512a8128201a42c59f5ddd34,26,OBO (Output Back-Off，輸出回退) 與效率的權衡,PAIR-S026,APPENDIX,"Delivery variant has no speaker notes and is visual/provenance comparison only; RF, PA, angle, system-boundary, and source-detail derivations are optional reference material; preserve at most one concept per page.",CORRESPONDING_PAGE_REVIEW + rendered contact-sheet review; peer visible-text similarity 0.9918; no speaker notes,"Visual comparison reference only; Appendix APP-07–APP-15: selected units, quality, angle, and boundary detail",26,0.9918,False,False,False,518b61cfda10234d9fde2eadeed9b29359eb809f32f690dfad80e357ad67c837,371755cb70d26402d1613166868bcbb92a095960321342053fd4b470ee392de7,,0,只有標題
delivery-variant,/home/u24/papers/beamshift/.scratch/teaching-course/v3-ee/delivery/satellite-energy-course-combined-handoff-v1.pptx,7dbdc23e17d7a3c6dc8d6ed76823100da6aa7f14512a8128201a42c59f5ddd34,27,完整的瞬時總功率：每個加總項都有物理意義,PAIR-S027,APPENDIX,"Delivery variant has no speaker notes and is visual/provenance comparison only; RF, PA, angle, system-boundary, and source-detail derivations are optional reference material; preserve at most one concept per page.",CORRESPONDING_PAGE_REVIEW + rendered contact-sheet review; peer visible-text similarity 0.9834; no speaker notes,"Visual comparison reference only; Appendix APP-07–APP-15: selected units, quality, angle, and boundary detail",27,0.9834,False,False,False,b330598534303e61f1799bbd7794b4f574d8cc9b1df7da6d4dba86ebc612a7f6,b7d1520f796df4b8ccf8cf495233a85ec449682fb9f2de0d7e3b960f41872355,,0,只有標題
delivery-variant,/home/u24/papers/beamshift/.scratch/teaching-course/v3-ee/delivery/satellite-energy-course-combined-handoff-v1.pptx,7dbdc23e17d7a3c6dc8d6ed76823100da6aa7f14512a8128201a42c59f5ddd34,28,系統功率只加總作用中服務波束,PAIR-S028,APPENDIX,"Delivery variant has no speaker notes and is visual/provenance comparison only; RF, PA, angle, system-boundary, and source-detail derivations are optional reference material; preserve at most one concept per page.",CORRESPONDING_PAGE_REVIEW + rendered contact-sheet review; peer visible-text similarity 0.9680; no speaker notes,"Visual comparison reference only; Appendix APP-07–APP-15: selected units, quality, angle, and boundary detail",28,0.968,False,False,False,fb5ef07d7b2cd1a2a7448b5fc294ecec3780e0a7f71a1aa0d7e6974504a82786,c7f9affea692b39404277d305e5ef224969429ad35639236d5704067648a4e25,,0,只有標題
delivery-variant,/home/u24/papers/beamshift/.scratch/teaching-course/v3-ee/delivery/satellite-energy-course-combined-handoff-v1.pptx,7dbdc23e17d7a3c6dc8d6ed76823100da6aa7f14512a8128201a42c59f5ddd34,29,操作功率與事件能量如何計入？,PAIR-S029,APPENDIX,"Delivery variant has no speaker notes and is visual/provenance comparison only; RF, PA, angle, system-boundary, and source-detail derivations are optional reference material; preserve at most one concept per page.",CORRESPONDING_PAGE_REVIEW + rendered contact-sheet review; peer visible-text similarity 0.9878; no speaker notes,"Visual comparison reference only; Appendix APP-07–APP-15: selected units, quality, angle, and boundary detail",29,0.9878,False,False,False,4c289d2ce359fd13450c337e5b1ca507ba5579d1c2d18d69d25121e4fe3853b6,25580a8a8483127a13380878299a1a053c77684c857401edb237bee1131e7237,,0,只有標題
delivery-variant,/home/u24/papers/beamshift/.scratch/teaching-course/v3-ee/delivery/satellite-energy-course-combined-handoff-v1.pptx,7dbdc23e17d7a3c6dc8d6ed76823100da6aa7f14512a8128201a42c59f5ddd34,30,兩個角度：一個改增益，一個判資格,PAIR-S030,APPENDIX,"Delivery variant has no speaker notes and is visual/provenance comparison only; RF, PA, angle, system-boundary, and source-detail derivations are optional reference material; preserve at most one concept per page.",CORRESPONDING_PAGE_REVIEW + rendered contact-sheet review; peer visible-text similarity 0.9725; no speaker notes,"Visual comparison reference only; Appendix APP-07–APP-15: selected units, quality, angle, and boundary detail",30,0.9725,False,False,False,1d501874cc97753460429a61994df8c54df97739b36b1097346b8eb4d07ebf9d,84c4da809dc256dd3b37ab6d8a84ff0ad54f7f4f9c5902227c85a003b89a5045,,1,只有標題
delivery-variant,/home/u24/papers/beamshift/.scratch/teaching-course/v3-ee/delivery/satellite-energy-course-combined-handoff-v1.pptx,7dbdc23e17d7a3c6dc8d6ed76823100da6aa7f14512a8128201a42c59f5ddd34,31,角度與距離走各自的因果支線,PAIR-S031,APPENDIX,"Delivery variant has no speaker notes and is visual/provenance comparison only; RF, PA, angle, system-boundary, and source-detail derivations are optional reference material; preserve at most one concept per page.",CORRESPONDING_PAGE_REVIEW + rendered contact-sheet review; peer visible-text similarity 0.9867; no speaker notes,"Visual comparison reference only; Appendix APP-07–APP-15: selected units, quality, angle, and boundary detail",31,0.9867,False,False,False,cd1ac83487d2ff6157febc18405ef7a39e0f1cbf8052e54861afa911caf31722,6f54551a8ae19381498226e6c5083dc11652e4fb2d4d23ff630e61a2b533bffd,,0,只有標題
delivery-variant,/home/u24/papers/beamshift/.scratch/teaching-course/v3-ee/delivery/satellite-energy-course-combined-handoff-v1.pptx,7dbdc23e17d7a3c6dc8d6ed76823100da6aa7f14512a8128201a42c59f5ddd34,32,吞吐量有三個範圍，單位也不同,PAIR-S032,APPENDIX,"Delivery variant has no speaker notes and is visual/provenance comparison only; RF, PA, angle, system-boundary, and source-detail derivations are optional reference material; preserve at most one concept per page.",CORRESPONDING_PAGE_REVIEW + rendered contact-sheet review; peer visible-text similarity 0.9870; no speaker notes,"Visual comparison reference only; Appendix APP-07–APP-15: selected units, quality, angle, and boundary detail",32,0.987,False,False,False,316fbccb773ae10f84c05310e947b68e18c27efad2258e39319cd957e200fefc,c44969ac6e5648f69aa55b2406bbeeb38e8d850b6796f8a8f50a24283b0c451f,,0,只有標題
delivery-variant,/home/u24/papers/beamshift/.scratch/teaching-course/v3-ee/delivery/satellite-energy-course-combined-handoff-v1.pptx,7dbdc23e17d7a3c6dc8d6ed76823100da6aa7f14512a8128201a42c59f5ddd34,33,瞬時 EE 與窗口 EE 的計算邊界不同,PAIR-S033,APPENDIX,"Delivery variant has no speaker notes and is visual/provenance comparison only; RF, PA, angle, system-boundary, and source-detail derivations are optional reference material; preserve at most one concept per page.",CORRESPONDING_PAGE_REVIEW + rendered contact-sheet review; peer visible-text similarity 0.9899; no speaker notes,"Visual comparison reference only; Appendix APP-07–APP-15: selected units, quality, angle, and boundary detail",33,0.9899,False,False,False,0ced6aa47e1ff590c5fcba3df7a4e63c5413731ee867af4cc198b572a0baa176,d14954bc00505c67e19a6d07692085ed768f4a7bcb85bdd0a80105717ae3a4d4,,0,只有標題
delivery-variant,/home/u24/papers/beamshift/.scratch/teaching-course/v3-ee/delivery/satellite-energy-course-combined-handoff-v1.pptx,7dbdc23e17d7a3c6dc8d6ed76823100da6aa7f14512a8128201a42c59f5ddd34,34,目標 SINR 是反推輸入；實測 SINR 是評估輸出,PAIR-S034,APPENDIX,"Delivery variant has no speaker notes and is visual/provenance comparison only; RF, PA, angle, system-boundary, and source-detail derivations are optional reference material; preserve at most one concept per page.",CORRESPONDING_PAGE_REVIEW + rendered contact-sheet review; peer visible-text similarity 0.9898; no speaker notes,"Visual comparison reference only; Appendix APP-07–APP-15: selected units, quality, angle, and boundary detail",34,0.9898,False,False,False,fc36d49e0212b5fbc6f277aa859aba5b10b67f96b8635bcd320a2ada345c9936,76754b89d1dfa214b17f927d378e6422d609e04b30fb8b1ef2c4991299fdb872,,0,只有標題
delivery-variant,/home/u24/papers/beamshift/.scratch/teaching-course/v3-ee/delivery/satellite-energy-course-combined-handoff-v1.pptx,7dbdc23e17d7a3c6dc8d6ed76823100da6aa7f14512a8128201a42c59f5ddd34,35,有效狀態與 Δt 決定哪些樣本能進窗口,PAIR-S035,APPENDIX,"Delivery variant has no speaker notes and is visual/provenance comparison only; RF, PA, angle, system-boundary, and source-detail derivations are optional reference material; preserve at most one concept per page.",CORRESPONDING_PAGE_REVIEW + rendered contact-sheet review; peer visible-text similarity 0.9841; no speaker notes,"Visual comparison reference only; Appendix APP-07–APP-15: selected units, quality, angle, and boundary detail",35,0.9841,False,False,False,21aca06b847052026adba25f55e80f1b9ae17cda37294e753a04ba5921f41b27,031c825e5f3c74816ca13e25f954c8c368d1f0add64be0105193e62eb5339a4b,,0,只有標題
delivery-variant,/home/u24/papers/beamshift/.scratch/teaching-course/v3-ee/delivery/satellite-energy-course-combined-handoff-v1.pptx,7dbdc23e17d7a3c6dc8d6ed76823100da6aa7f14512a8128201a42c59f5ddd34,36,A／B 比較：用四組欄位判斷服務與節能,PAIR-S036,APPENDIX,Delivery variant is visual/provenance comparison only; e2 owns the content/notes adoption. Fair A/B and control → intermediate state → observable evidence is directly reusable; replace old browser controls and screenshots with current policy runs.,CORRESPONDING_PAGE_REVIEW + rendered contact-sheet review; peer visible-text similarity 0.9920; no speaker notes,"Visual comparison reference only; Core Labs A–C: fair baseline, candidate edit, prediction, evidence, debrief",36,0.992,False,False,False,fee11070ffeed12657aee0a2b595f9cf399be313b2b56133c6446ec3f24ed66e,53f6865def8be6a378fcb863329ef3f273920efff18e11525ba25e1af4cedb2e,,0,只有標題
delivery-variant,/home/u24/papers/beamshift/.scratch/teaching-course/v3-ee/delivery/satellite-energy-course-combined-handoff-v1.pptx,7dbdc23e17d7a3c6dc8d6ed76823100da6aa7f14512a8128201a42c59f5ddd34,37,同一窗口的選擇：資料與品質可比，節能才有意義,PAIR-S037,APPENDIX,Delivery variant is visual/provenance comparison only; e2 owns the content/notes adoption. Fair A/B and control → intermediate state → observable evidence is directly reusable; replace old browser controls and screenshots with current policy runs.,CORRESPONDING_PAGE_REVIEW + rendered contact-sheet review; peer visible-text similarity 0.9903; no speaker notes,"Visual comparison reference only; Core Labs A–C: fair baseline, candidate edit, prediction, evidence, debrief",37,0.9903,False,False,False,5e44ab02d10c980491b16f785721c2b4a0366a0dfcb300cee6ba4da9c52e871c,925ab9b2319c67534c80e674e45e60171922e2f385260ad175203ac8e5c737da,,0,只有標題
delivery-variant,/home/u24/papers/beamshift/.scratch/teaching-course/v3-ee/delivery/satellite-energy-course-combined-handoff-v1.pptx,7dbdc23e17d7a3c6dc8d6ed76823100da6aa7f14512a8128201a42c59f5ddd34,38,服務窗口裡，控制改變如何傳到讀值？,PAIR-S038,APPENDIX,Delivery variant is visual/provenance comparison only; e2 owns the content/notes adoption. Fair A/B and control → intermediate state → observable evidence is directly reusable; replace old browser controls and screenshots with current policy runs.,CORRESPONDING_PAGE_REVIEW + rendered contact-sheet review; peer visible-text similarity 0.9932; no speaker notes,"Visual comparison reference only; Core Labs A–C: fair baseline, candidate edit, prediction, evidence, debrief",38,0.9932,False,False,False,ad330d66f19e8c51d55eae7670d30ddb1c5632a90d71e54ca5b7fe8380c9fa59,d1c7b39a6644cb311ed329c78d3ae8b7ee5c521b4cb13347500ec78a6691f11b,,0,只有標題
delivery-variant,/home/u24/papers/beamshift/.scratch/teaching-course/v3-ee/delivery/satellite-energy-course-combined-handoff-v1.pptx,7dbdc23e17d7a3c6dc8d6ed76823100da6aa7f14512a8128201a42c59f5ddd34,39,完整因果鏈：從控制到可觀察結果,PAIR-S039,APPENDIX,Delivery variant is visual/provenance comparison only; e2 owns the content/notes adoption. Fair A/B and control → intermediate state → observable evidence is directly reusable; replace old browser controls and screenshots with current policy runs.,CORRESPONDING_PAGE_REVIEW + rendered contact-sheet review; peer visible-text similarity 0.9942; no speaker notes,"Visual comparison reference only; Core Labs A–C: fair baseline, candidate edit, prediction, evidence, debrief",39,0.9942,False,False,False,0c7bafa8d614a29c8cf5a4c68f67c05386982d983d769c2f2a9709d073d87ed5,ee5618a26a03faa4510044765041c6ef0dad0e71717d0f8d371959a891aeca75,,0,只有標題
delivery-variant,/home/u24/papers/beamshift/.scratch/teaching-course/v3-ee/delivery/satellite-energy-course-combined-handoff-v1.pptx,7dbdc23e17d7a3c6dc8d6ed76823100da6aa7f14512a8128201a42c59f5ddd34,40,兩個窗口與兩種按鈕語義,PAIR-S040,RETIRE,"Delivery variant is not an independent content source; Old T1–T3 buttons, observation tables, producer states, and session semantics are not the C120 runner/import contract.",CORRESPONDING_PAGE_REVIEW + rendered contact-sheet review; peer visible-text similarity 0.9950; no speaker notes,No target role; rebuild required with current runner and policy artifacts,40,0.995,False,False,False,4164a190f10b34b4d0eda133cd8a742136c231065e91b45c8ec64121f30100f5,48abd774bf0fe7d90d3c32320035a20ff6f7b019263c8f258f1e9f952cb10a6b,,0,只有標題
delivery-variant,/home/u24/papers/beamshift/.scratch/teaching-course/v3-ee/delivery/satellite-energy-course-combined-handoff-v1.pptx,7dbdc23e17d7a3c6dc8d6ed76823100da6aa7f14512a8128201a42c59f5ddd34,41,控制在哪裡：左側分頁與操作按鈕,PAIR-S041,RETIRE,"Delivery variant is not an independent content source; Old T1–T3 buttons, observation tables, producer states, and session semantics are not the C120 runner/import contract.",CORRESPONDING_PAGE_REVIEW + rendered contact-sheet review; peer visible-text similarity 0.9948; no speaker notes,No target role; rebuild required with current runner and policy artifacts,41,0.9948,False,False,False,2a35a640bed7d07a4210af56d5230c5afb1db4d332444d1ed244ced130ba0add,2a25b70fbfed74a32e2421a4381928ef6e5088726f30397e07acd6efe68e8ba3,,1,只有標題
delivery-variant,/home/u24/papers/beamshift/.scratch/teaching-course/v3-ee/delivery/satellite-energy-course-combined-handoff-v1.pptx,7dbdc23e17d7a3c6dc8d6ed76823100da6aa7f14512a8128201a42c59f5ddd34,42,讀值在哪裡：右側明細與狀態,PAIR-S042,RETIRE,"Delivery variant is not an independent content source; Old T1–T3 buttons, observation tables, producer states, and session semantics are not the C120 runner/import contract.",CORRESPONDING_PAGE_REVIEW + rendered contact-sheet review; peer visible-text similarity 0.9942; no speaker notes,No target role; rebuild required with current runner and policy artifacts,42,0.9942,False,False,False,01b235020433502b2c5622f00c89feadd7dfc6e9bfe76b6af506574a8de43698,c218e6da7e14440c93d57088a29968a1f28dc71d743421a621e0171fbb68f02b,,2,只有標題
delivery-variant,/home/u24/papers/beamshift/.scratch/teaching-course/v3-ee/delivery/satellite-energy-course-combined-handoff-v1.pptx,7dbdc23e17d7a3c6dc8d6ed76823100da6aa7f14512a8128201a42c59f5ddd34,43,T1｜為什麼先核對功率鏈？,PAIR-S043,RETIRE,"Delivery variant is not an independent content source; Old T1–T3 buttons, observation tables, producer states, and session semantics are not the C120 runner/import contract.",CORRESPONDING_PAGE_REVIEW + rendered contact-sheet review; peer visible-text similarity 0.9929; no speaker notes,No target role; rebuild required with current runner and policy artifacts,43,0.9929,False,False,False,e267a674e06ae09ade0daaa6c08f3132fcb3f03fd08cdacdc322e2a983b8dba2,d0e353a7a17904e3fd3098c1ad62365ab93ad28caa8d11bdf0de349e7e6f76f7,,0,只有標題
delivery-variant,/home/u24/papers/beamshift/.scratch/teaching-course/v3-ee/delivery/satellite-energy-course-combined-handoff-v1.pptx,7dbdc23e17d7a3c6dc8d6ed76823100da6aa7f14512a8128201a42c59f5ddd34,44,T1｜操作：調整電路功率，找中間量,PAIR-S044,RETIRE,"Delivery variant is not an independent content source; Old T1–T3 buttons, observation tables, producer states, and session semantics are not the C120 runner/import contract.",CORRESPONDING_PAGE_REVIEW + rendered contact-sheet review; peer visible-text similarity 0.9931; no speaker notes,No target role; rebuild required with current runner and policy artifacts,44,0.9931,False,False,False,0a51003716d90f2d954cbfdbe25b9b51336c610211004831861264c2fbe9716e,824c804410b85eb946903915e8cb0f6dff6dece0e62d42c75078bdd2c91e43ae,,1,只有標題
delivery-variant,/home/u24/papers/beamshift/.scratch/teaching-course/v3-ee/delivery/satellite-energy-course-combined-handoff-v1.pptx,7dbdc23e17d7a3c6dc8d6ed76823100da6aa7f14512a8128201a42c59f5ddd34,45,T1｜空白觀察表：控制與窗口,DUP-T1-45-46,RETIRE,"Delivery variant is not an independent content source; Old T1–T3 buttons, observation tables, producer states, and session semantics are not the C120 runner/import contract.",SEMANTIC_DUP_REVIEW + rendered contact-sheet review; peer visible-text similarity 0.9928; no speaker notes,No target role; rebuild required with current runner and policy artifacts,45,0.9928,False,False,False,77c000fc611c542df329f68228395ad0e9ae2fe31b42365c2525d98ae87c7091,eeef8e5df4848446224fe83b32e406fa326bc5781e05457490d70c0ae38c4fae,,0,只有標題
delivery-variant,/home/u24/papers/beamshift/.scratch/teaching-course/v3-ee/delivery/satellite-energy-course-combined-handoff-v1.pptx,7dbdc23e17d7a3c6dc8d6ed76823100da6aa7f14512a8128201a42c59f5ddd34,46,T1｜實際數值：控制與窗口,DUP-T1-45-46,RETIRE,"Delivery variant is not an independent content source; Old T1–T3 buttons, observation tables, producer states, and session semantics are not the C120 runner/import contract.",SEMANTIC_DUP_REVIEW + rendered contact-sheet review; peer visible-text similarity 0.9939; no speaker notes,No target role; rebuild required with current runner and policy artifacts,46,0.9939,False,False,False,078f6c1f63c5476e030e6583bb9bdeb29b08766d6b88ea8492ac767d960e7913,e1a1706169060785bc2f66a1f563b335b14de8dd314e41cf6ec4adf470cd002c,,0,只有標題
delivery-variant,/home/u24/papers/beamshift/.scratch/teaching-course/v3-ee/delivery/satellite-energy-course-combined-handoff-v1.pptx,7dbdc23e17d7a3c6dc8d6ed76823100da6aa7f14512a8128201a42c59f5ddd34,47,T1｜解讀：控制與窗口先對齊,PAIR-S047,RETIRE,"Delivery variant is not an independent content source; Old T1–T3 buttons, observation tables, producer states, and session semantics are not the C120 runner/import contract.",CORRESPONDING_PAGE_REVIEW + rendered contact-sheet review; peer visible-text similarity 0.9932; no speaker notes,No target role; rebuild required with current runner and policy artifacts,47,0.9932,False,False,False,fed516342a172aafd6bf5c7db68ad419b117033751bdb92871a30cb1c454725b,21776822a44b339e81afe3674346bb00b3f9c71ed6a2ce2ac6f7f140527d6475,,0,只有標題
delivery-variant,/home/u24/papers/beamshift/.scratch/teaching-course/v3-ee/delivery/satellite-energy-course-combined-handoff-v1.pptx,7dbdc23e17d7a3c6dc8d6ed76823100da6aa7f14512a8128201a42c59f5ddd34,48,T1｜空白觀察表：功率讀值,PAIR-S048,RETIRE,"Delivery variant is not an independent content source; Old T1–T3 buttons, observation tables, producer states, and session semantics are not the C120 runner/import contract.",CORRESPONDING_PAGE_REVIEW + rendered contact-sheet review; peer visible-text similarity 0.9848; no speaker notes,No target role; rebuild required with current runner and policy artifacts,48,0.9848,False,False,False,cdb9fcb549ebbfa12b5fd6dd80e9104c621b21a4bef58c5fc740b6ad719bdc82,f8839187e8af23f5fe599286bb5ae207e4800b4aa37d64fc4aca62b1c0971479,,0,只有標題
delivery-variant,/home/u24/papers/beamshift/.scratch/teaching-course/v3-ee/delivery/satellite-energy-course-combined-handoff-v1.pptx,7dbdc23e17d7a3c6dc8d6ed76823100da6aa7f14512a8128201a42c59f5ddd34,49,T1｜實際數值：功率讀值,PAIR-S049,RETIRE,"Delivery variant is not an independent content source; Old T1–T3 buttons, observation tables, producer states, and session semantics are not the C120 runner/import contract.",CORRESPONDING_PAGE_REVIEW + rendered contact-sheet review; peer visible-text similarity 0.9946; no speaker notes,No target role; rebuild required with current runner and policy artifacts,49,0.9946,False,False,False,d506dd98d19067d9bab888b85e6418c876deca80a2b6fbd7f397aeed706b77f4,477d848811a7929e987dc141ad3bf90682cf03a9951788d02dd9ddd10c7d50ef,,0,只有標題
delivery-variant,/home/u24/papers/beamshift/.scratch/teaching-course/v3-ee/delivery/satellite-energy-course-combined-handoff-v1.pptx,7dbdc23e17d7a3c6dc8d6ed76823100da6aa7f14512a8128201a42c59f5ddd34,50,T1｜解讀：總功率從哪裡來？,PAIR-S050,RETIRE,"Delivery variant is not an independent content source; Old T1–T3 buttons, observation tables, producer states, and session semantics are not the C120 runner/import contract.",CORRESPONDING_PAGE_REVIEW + rendered contact-sheet review; peer visible-text similarity 0.9945; no speaker notes,No target role; rebuild required with current runner and policy artifacts,50,0.9945,False,False,False,aebdbd84b71da1dfc90a84ba14b5c1737ba679db59274269c7133ff8ea2c53bf,f4d5e66fc2da4b6cf037c99720285e1f606d66f8425fe03ffbaf03f790ca7f64,,0,只有標題
delivery-variant,/home/u24/papers/beamshift/.scratch/teaching-course/v3-ee/delivery/satellite-energy-course-combined-handoff-v1.pptx,7dbdc23e17d7a3c6dc8d6ed76823100da6aa7f14512a8128201a42c59f5ddd34,51,T2｜為什麼分開調整三個能源參數？,PAIR-S051,RETIRE,"Delivery variant is not an independent content source; Old T1–T3 buttons, observation tables, producer states, and session semantics are not the C120 runner/import contract.",CORRESPONDING_PAGE_REVIEW + rendered contact-sheet review; peer visible-text similarity 0.9917; no speaker notes,No target role; rebuild required with current runner and policy artifacts,51,0.9917,False,False,False,73c1df0a07ce77bbe1fe5faf62d8d42da9e0ceb865d0d1cfb4cc4429c4f44c85,f2e1218d96d18d7f231090e0b49087e289e6ab7f44895203e8017441591143e4,,0,只有標題
delivery-variant,/home/u24/papers/beamshift/.scratch/teaching-course/v3-ee/delivery/satellite-energy-course-combined-handoff-v1.pptx,7dbdc23e17d7a3c6dc8d6ed76823100da6aa7f14512a8128201a42c59f5ddd34,52,T2｜操作：先建立基準，再改一個旋鈕,PAIR-S052,RETIRE,"Delivery variant is not an independent content source; Old T1–T3 buttons, observation tables, producer states, and session semantics are not the C120 runner/import contract.",CORRESPONDING_PAGE_REVIEW + rendered contact-sheet review; peer visible-text similarity 0.9913; no speaker notes,No target role; rebuild required with current runner and policy artifacts,52,0.9913,False,False,False,c219fe10daff175be7eeeafbb3fbaf1c7c1274973ab8449c5818641b10fec462,9ba594007f4be89638406b0af5cb765dd6333d8d3ba23d671fae9767aecfa819,,0,只有標題
delivery-variant,/home/u24/papers/beamshift/.scratch/teaching-course/v3-ee/delivery/satellite-energy-course-combined-handoff-v1.pptx,7dbdc23e17d7a3c6dc8d6ed76823100da6aa7f14512a8128201a42c59f5ddd34,53,T2｜操作：讀畫面，確認當下控制值,PAIR-S053,RETIRE,"Delivery variant is not an independent content source; Old T1–T3 buttons, observation tables, producer states, and session semantics are not the C120 runner/import contract.",CORRESPONDING_PAGE_REVIEW + rendered contact-sheet review; peer visible-text similarity 0.9912; no speaker notes,No target role; rebuild required with current runner and policy artifacts,53,0.9912,False,False,False,9b257939a2486a99dc068c66998373bcf215c1339e8e30f8b0d4423456fb434b,db45444b05d795f1101b3d56e4fa37d6cb71f70ce5e3a7841636441082936b9f,,1,只有標題
delivery-variant,/home/u24/papers/beamshift/.scratch/teaching-course/v3-ee/delivery/satellite-energy-course-combined-handoff-v1.pptx,7dbdc23e17d7a3c6dc8d6ed76823100da6aa7f14512a8128201a42c59f5ddd34,54,T2｜空白觀察表：控制與持續運作功率,DUP-T2-54-55,RETIRE,"Delivery variant is not an independent content source; Old T1–T3 buttons, observation tables, producer states, and session semantics are not the C120 runner/import contract.",SEMANTIC_DUP_REVIEW + rendered contact-sheet review; peer visible-text similarity 0.9886; no speaker notes,No target role; rebuild required with current runner and policy artifacts,54,0.9886,False,False,False,e7ea976028777a70c3c674cc1e2d4d662dee38429e2b34b8c527d57fbc734af1,76ceb62cbd831543d05e7fce59fc207c2126e44c015ac78b699d1f54133f8591,,0,只有標題
delivery-variant,/home/u24/papers/beamshift/.scratch/teaching-course/v3-ee/delivery/satellite-energy-course-combined-handoff-v1.pptx,7dbdc23e17d7a3c6dc8d6ed76823100da6aa7f14512a8128201a42c59f5ddd34,55,T2｜實際數值：控制與持續運作功率,DUP-T2-54-55,RETIRE,"Delivery variant is not an independent content source; Old T1–T3 buttons, observation tables, producer states, and session semantics are not the C120 runner/import contract.",SEMANTIC_DUP_REVIEW + rendered contact-sheet review; peer visible-text similarity 0.9943; no speaker notes,No target role; rebuild required with current runner and policy artifacts,55,0.9943,False,False,False,c03d5ee37e1ab32d4bab3c4dce5a015f4722e16d12ce65a5695a99472e98357b,91dc57f3fb3a76a44a12e81e5fab6977066de716a167e5fdeaaa5916bbb058ba,,0,只有標題
delivery-variant,/home/u24/papers/beamshift/.scratch/teaching-course/v3-ee/delivery/satellite-energy-course-combined-handoff-v1.pptx,7dbdc23e17d7a3c6dc8d6ed76823100da6aa7f14512a8128201a42c59f5ddd34,56,T2｜解讀：持續運作功率先看哪一列？,PAIR-S056,RETIRE,"Delivery variant is not an independent content source; Old T1–T3 buttons, observation tables, producer states, and session semantics are not the C120 runner/import contract.",CORRESPONDING_PAGE_REVIEW + rendered contact-sheet review; peer visible-text similarity 0.9939; no speaker notes,No target role; rebuild required with current runner and policy artifacts,56,0.9939,False,False,False,fc323ff7f60bf2c2c0900e84e6a4278deeca8b3bc75f22fec5042cb0f4203fcf,808f054d57f259e7b8b6b1111d0bb0847711cf8f328b9f9c92d4507c1067b1e8,,0,只有標題
delivery-variant,/home/u24/papers/beamshift/.scratch/teaching-course/v3-ee/delivery/satellite-energy-course-combined-handoff-v1.pptx,7dbdc23e17d7a3c6dc8d6ed76823100da6aa7f14512a8128201a42c59f5ddd34,57,T2｜空白觀察表：事件、總耗能與窗口,DUP-T2-57-58,RETIRE,"Delivery variant is not an independent content source; Old T1–T3 buttons, observation tables, producer states, and session semantics are not the C120 runner/import contract.",SEMANTIC_DUP_REVIEW + rendered contact-sheet review; peer visible-text similarity 0.9895; no speaker notes,No target role; rebuild required with current runner and policy artifacts,57,0.9895,False,False,False,9450d04b540ab82d7558ef4e83165ab59d4dccd807ea98916e7159832f6e8ab7,28a291dd1afea4c4dae4edcffc71c89095d9469796d48887ea60f320a8358567,,0,只有標題
delivery-variant,/home/u24/papers/beamshift/.scratch/teaching-course/v3-ee/delivery/satellite-energy-course-combined-handoff-v1.pptx,7dbdc23e17d7a3c6dc8d6ed76823100da6aa7f14512a8128201a42c59f5ddd34,58,T2｜實際數值：事件、總耗能與窗口,DUP-T2-57-58,RETIRE,"Delivery variant is not an independent content source; Old T1–T3 buttons, observation tables, producer states, and session semantics are not the C120 runner/import contract.",SEMANTIC_DUP_REVIEW + rendered contact-sheet review; peer visible-text similarity 0.9951; no speaker notes,No target role; rebuild required with current runner and policy artifacts,58,0.9951,False,False,False,91acbf1fdbe289cedea5e565c2273add07e9214739eeeab887c7787b95edf44a,5ad7f18f9e9b8f536f64d20fc7b6042e9dee6957ef6471bd91c557e79e1e6574,,0,只有標題
delivery-variant,/home/u24/papers/beamshift/.scratch/teaching-course/v3-ee/delivery/satellite-energy-course-combined-handoff-v1.pptx,7dbdc23e17d7a3c6dc8d6ed76823100da6aa7f14512a8128201a42c59f5ddd34,59,T2｜解讀：事件耗能何時改變結果？,PAIR-S059,RETIRE,"Delivery variant is not an independent content source; Old T1–T3 buttons, observation tables, producer states, and session semantics are not the C120 runner/import contract.",CORRESPONDING_PAGE_REVIEW + rendered contact-sheet review; peer visible-text similarity 0.9941; no speaker notes,No target role; rebuild required with current runner and policy artifacts,59,0.9941,False,False,False,118ba7c9157304afc43750422103b19541b8d915f9d1dbe65c8fa09b89f840d3,6c68c5c44677638303cb04353a45597ee594c0ca05c5206f0855ebf672804017,,0,只有標題
delivery-variant,/home/u24/papers/beamshift/.scratch/teaching-course/v3-ee/delivery/satellite-energy-course-combined-handoff-v1.pptx,7dbdc23e17d7a3c6dc8d6ed76823100da6aa7f14512a8128201a42c59f5ddd34,60,T3｜為什麼速率不能只看一個方向？,PAIR-S060,RETIRE,"Delivery variant is not an independent content source; Old T1–T3 buttons, observation tables, producer states, and session semantics are not the C120 runner/import contract.",CORRESPONDING_PAGE_REVIEW + rendered contact-sheet review; peer visible-text similarity 0.9930; no speaker notes,No target role; rebuild required with current runner and policy artifacts,60,0.993,False,False,False,8621486128fdd77476e3721feae378e9249e951ad934a9f99ce804450931a289,00c6b30ebe2df4e30f3a56908dd69a92f3de817259ac2a243577293906e3eec9,,0,只有標題
delivery-variant,/home/u24/papers/beamshift/.scratch/teaching-course/v3-ee/delivery/satellite-energy-course-combined-handoff-v1.pptx,7dbdc23e17d7a3c6dc8d6ed76823100da6aa7f14512a8128201a42c59f5ddd34,61,T3｜從 dB 到資料：三種量不能混在一起,PAIR-S061,RETIRE,"Delivery variant is not an independent content source; Old T1–T3 buttons, observation tables, producer states, and session semantics are not the C120 runner/import contract.",CORRESPONDING_PAGE_REVIEW + rendered contact-sheet review; peer visible-text similarity 0.9924; no speaker notes,No target role; rebuild required with current runner and policy artifacts,61,0.9924,False,False,False,3b243383132abacd433aa43e5cab1330bb0038333bd23e28c98a13cbb8b262ce,a81cf1473d33d730fdbf542998548a2fe123925758a5aad2d0581544120b3b1b,,0,只有標題
delivery-variant,/home/u24/papers/beamshift/.scratch/teaching-course/v3-ee/delivery/satellite-energy-course-combined-handoff-v1.pptx,7dbdc23e17d7a3c6dc8d6ed76823100da6aa7f14512a8128201a42c59f5ddd34,62,T3｜條件設計：同一基準，每列只調整一項,PAIR-S062,RETIRE,"Delivery variant is not an independent content source; Old T1–T3 buttons, observation tables, producer states, and session semantics are not the C120 runner/import contract.",CORRESPONDING_PAGE_REVIEW + rendered contact-sheet review; peer visible-text similarity 0.9932; no speaker notes,No target role; rebuild required with current runner and policy artifacts,62,0.9932,False,False,False,bc70b1444937834328ef4a7c830e8db12f4b2dc6583341808b27f22b63245265,49082e24328740c4245d61b742cff97a4b3ed3829646bea2587435c3b75b71ae,,0,只有標題
delivery-variant,/home/u24/papers/beamshift/.scratch/teaching-course/v3-ee/delivery/satellite-energy-course-combined-handoff-v1.pptx,7dbdc23e17d7a3c6dc8d6ed76823100da6aa7f14512a8128201a42c59f5ddd34,63,T3｜操作：調整控制、開窗、讀同一組欄位,PAIR-S063,RETIRE,"Delivery variant is not an independent content source; Old T1–T3 buttons, observation tables, producer states, and session semantics are not the C120 runner/import contract.",CORRESPONDING_PAGE_REVIEW + rendered contact-sheet review; peer visible-text similarity 0.9926; no speaker notes,No target role; rebuild required with current runner and policy artifacts,63,0.9926,False,False,False,8f2d5fb4ebca531e936ae4ad181abb244cfab095c34ce6b58b4e1cd16c624505,e25d9de77ce563fc5bec99ac70d09e52903060bb85027773ea2c82bfe424a679,,0,只有標題
delivery-variant,/home/u24/papers/beamshift/.scratch/teaching-course/v3-ee/delivery/satellite-energy-course-combined-handoff-v1.pptx,7dbdc23e17d7a3c6dc8d6ed76823100da6aa7f14512a8128201a42c59f5ddd34,64,T3｜空白觀察表：控制與窗口,DUP-T3-64-65,RETIRE,"Delivery variant is not an independent content source; Old T1–T3 buttons, observation tables, producer states, and session semantics are not the C120 runner/import contract.",SEMANTIC_DUP_REVIEW + rendered contact-sheet review; peer visible-text similarity 0.9846; no speaker notes,No target role; rebuild required with current runner and policy artifacts,64,0.9846,False,False,False,e56ee6674794c801fd2cccf9968dea26ae10d7e6cdbedcf2681c984a33fb6e1e,08bf5cccdd38555a0d7c88f9e5cf2b9896ece9a1be663c0a646c1d8ae4d0a82c,,0,只有標題
delivery-variant,/home/u24/papers/beamshift/.scratch/teaching-course/v3-ee/delivery/satellite-energy-course-combined-handoff-v1.pptx,7dbdc23e17d7a3c6dc8d6ed76823100da6aa7f14512a8128201a42c59f5ddd34,65,T3｜實際數值：控制與窗口,DUP-T3-64-65,RETIRE,"Delivery variant is not an independent content source; Old T1–T3 buttons, observation tables, producer states, and session semantics are not the C120 runner/import contract.",SEMANTIC_DUP_REVIEW + rendered contact-sheet review; peer visible-text similarity 0.9926; no speaker notes,No target role; rebuild required with current runner and policy artifacts,65,0.9926,False,False,False,eb84d0ae0e86a3af3ae59d1f2b5b511655a818bc55f36e51ec8ba3af57cd0e00,5973932b7c3d9c46a684c43e4d55d220993c0eb39c1f239d3d6a653264abdf05,,0,只有標題
delivery-variant,/home/u24/papers/beamshift/.scratch/teaching-course/v3-ee/delivery/satellite-energy-course-combined-handoff-v1.pptx,7dbdc23e17d7a3c6dc8d6ed76823100da6aa7f14512a8128201a42c59f5ddd34,66,T3｜解讀：固定條件才可比較,PAIR-S066,RETIRE,"Delivery variant is not an independent content source; Old T1–T3 buttons, observation tables, producer states, and session semantics are not the C120 runner/import contract.",CORRESPONDING_PAGE_REVIEW + rendered contact-sheet review; peer visible-text similarity 0.9929; no speaker notes,No target role; rebuild required with current runner and policy artifacts,66,0.9929,False,False,False,9ec7a239fa3de7d4ead87a08fdd2f45e4711813edb6190cf04e4920b57f4b379,ab27b7d980c3c3633f7bf084d5b733e7dc28a048c3918773086cc61a83b1dae5,,0,只有標題
delivery-variant,/home/u24/papers/beamshift/.scratch/teaching-course/v3-ee/delivery/satellite-energy-course-combined-handoff-v1.pptx,7dbdc23e17d7a3c6dc8d6ed76823100da6aa7f14512a8128201a42c59f5ddd34,67,T3｜空白觀察表：品質、負載與速率,DUP-T3-67-68,RETIRE,"Delivery variant is not an independent content source; Old T1–T3 buttons, observation tables, producer states, and session semantics are not the C120 runner/import contract.",SEMANTIC_DUP_REVIEW + rendered contact-sheet review; peer visible-text similarity 0.9859; no speaker notes,No target role; rebuild required with current runner and policy artifacts,67,0.9859,False,False,False,22890f8d43e0805e6ee3aea51a8db66224371a59c659994d184d4289052acfa3,d836f25a3dc35689e8e7f6598716b83ae836db9b09a30f1c358794e531bba036,,0,只有標題
delivery-variant,/home/u24/papers/beamshift/.scratch/teaching-course/v3-ee/delivery/satellite-energy-course-combined-handoff-v1.pptx,7dbdc23e17d7a3c6dc8d6ed76823100da6aa7f14512a8128201a42c59f5ddd34,68,T3｜實際數值：品質、負載與速率,DUP-T3-67-68,RETIRE,"Delivery variant is not an independent content source; Old T1–T3 buttons, observation tables, producer states, and session semantics are not the C120 runner/import contract.",SEMANTIC_DUP_REVIEW + rendered contact-sheet review; peer visible-text similarity 0.9937; no speaker notes,No target role; rebuild required with current runner and policy artifacts,68,0.9937,False,False,False,ba8e3dd2253c02455757ba633cc3799ae1461e8df345e69e2ef6e45223e6afa9,faafcd7ed2ec7ec1652228953bdf3d9f06f3642d469b2aa37edc24b04ff4f66c,,0,只有標題
delivery-variant,/home/u24/papers/beamshift/.scratch/teaching-course/v3-ee/delivery/satellite-energy-course-combined-handoff-v1.pptx,7dbdc23e17d7a3c6dc8d6ed76823100da6aa7f14512a8128201a42c59f5ddd34,69,T3｜解讀：B／K 如何改變速率？,PAIR-S069,RETIRE,"Delivery variant is not an independent content source; Old T1–T3 buttons, observation tables, producer states, and session semantics are not the C120 runner/import contract.",CORRESPONDING_PAGE_REVIEW + rendered contact-sheet review; peer visible-text similarity 0.9932; no speaker notes,No target role; rebuild required with current runner and policy artifacts,69,0.9932,False,False,False,4c3615048b364f8024533d8f27edee04c95c5c633c0c8fa5042c26f35dea76da,810f78eef3f9ffe88f971580d13db43e9aac597b0c5102a92a00dd60bc185771,,0,只有標題
delivery-variant,/home/u24/papers/beamshift/.scratch/teaching-course/v3-ee/delivery/satellite-energy-course-combined-handoff-v1.pptx,7dbdc23e17d7a3c6dc8d6ed76823100da6aa7f14512a8128201a42c59f5ddd34,70,結論｜這筆量測何時才算有效證據？,PAIR-S070,APPENDIX,"Delivery variant is visual/provenance comparison only; e2 owns the content/notes adoption. Evidence qualification, accumulated quantities, and validity gates support the evidence clinic; rewrite all labels and data around endpoint replay.",CORRESPONDING_PAGE_REVIEW + rendered contact-sheet review; peer visible-text similarity 0.9916; no speaker notes,Visual comparison reference only; Core 63–66: evidence clinic and bounded claim interpretation,70,0.9916,False,False,False,689c98cde8f06475b44ab3e62643f6bab81ad0543116343e18692ed6d3008541,9bacb1f9ff4f5579d42318ace327b5249c27cb533335145b5882be3dde0c52ba,,0,只有標題
delivery-variant,/home/u24/papers/beamshift/.scratch/teaching-course/v3-ee/delivery/satellite-energy-course-combined-handoff-v1.pptx,7dbdc23e17d7a3c6dc8d6ed76823100da6aa7f14512a8128201a42c59f5ddd34,71,從可操作到可採信：先固定比較資格,PAIR-S071,APPENDIX,"Delivery variant is visual/provenance comparison only; e2 owns the content/notes adoption. Evidence qualification, accumulated quantities, and validity gates support the evidence clinic; rewrite all labels and data around endpoint replay.",CORRESPONDING_PAGE_REVIEW + rendered contact-sheet review; peer visible-text similarity 0.9922; no speaker notes,Visual comparison reference only; Core 63–66: evidence clinic and bounded claim interpretation,71,0.9922,False,False,False,348ac106f53438ff47d4a278e341d237a19a209670ec77cc029e43b199742607,6957f0612b1a5ed0b66b33164c047d10d37ef470e8fba1d6415957f9bb43d96f,,0,只有標題
delivery-variant,/home/u24/papers/beamshift/.scratch/teaching-course/v3-ee/delivery/satellite-energy-course-combined-handoff-v1.pptx,7dbdc23e17d7a3c6dc8d6ed76823100da6aa7f14512a8128201a42c59f5ddd34,72,Run EE 的兩個累積量要一起看,PAIR-S072,APPENDIX,"Delivery variant is visual/provenance comparison only; e2 owns the content/notes adoption. Evidence qualification, accumulated quantities, and validity gates support the evidence clinic; rewrite all labels and data around endpoint replay.",CORRESPONDING_PAGE_REVIEW + rendered contact-sheet review; peer visible-text similarity 0.9921; no speaker notes,Visual comparison reference only; Core 63–66: evidence clinic and bounded claim interpretation,72,0.9921,False,False,False,7dd0477507bfa6a0fe98b605221a4ce2d6379c60597f9f3cf7c5fb23ef2132c6,e806e640a333cf5b3ff76e558225b0dd8a1a7fa42b5075d2c7d4b12a52216a58,,0,只有標題
delivery-variant,/home/u24/papers/beamshift/.scratch/teaching-course/v3-ee/delivery/satellite-energy-course-combined-handoff-v1.pptx,7dbdc23e17d7a3c6dc8d6ed76823100da6aa7f14512a8128201a42c59f5ddd34,73,一個能量數字，足以代表節能嗎？,PAIR-S073,APPENDIX,"Delivery variant is visual/provenance comparison only; e2 owns the content/notes adoption. Evidence qualification, accumulated quantities, and validity gates support the evidence clinic; rewrite all labels and data around endpoint replay.",CORRESPONDING_PAGE_REVIEW + rendered contact-sheet review; peer visible-text similarity 0.9928; no speaker notes,Visual comparison reference only; Core 63–66: evidence clinic and bounded claim interpretation,73,0.9928,False,False,False,ee558a06f55985182a08144329f589c29da4eac6334c1dce851c2f96668bad12,dc198c19261dfd519a9c5bf95a2cb209f5dfc21efa3d5622164758ed7bce8d30,,0,只有標題
delivery-variant,/home/u24/papers/beamshift/.scratch/teaching-course/v3-ee/delivery/satellite-energy-course-combined-handoff-v1.pptx,7dbdc23e17d7a3c6dc8d6ed76823100da6aa7f14512a8128201a42c59f5ddd34,74,先固定比較範圍，再記錄實際讀值,PAIR-S074,APPENDIX,"Delivery variant is visual/provenance comparison only; e2 owns the content/notes adoption. Evidence qualification, accumulated quantities, and validity gates support the evidence clinic; rewrite all labels and data around endpoint replay.",CORRESPONDING_PAGE_REVIEW + rendered contact-sheet review; peer visible-text similarity 0.9873; no speaker notes,Visual comparison reference only; Core 63–66: evidence clinic and bounded claim interpretation,74,0.9873,False,False,False,af5e17307779fed3d7c4fa28c7cc86b67063e4ebe06aeec3e47f3f1e7402c1d1,114a972de1f9880a3753e4a155aecc2cd60066e11a0d791f66177ad4ae7e14a3,,4,只有標題
delivery-variant,/home/u24/papers/beamshift/.scratch/teaching-course/v3-ee/delivery/satellite-energy-course-combined-handoff-v1.pptx,7dbdc23e17d7a3c6dc8d6ed76823100da6aa7f14512a8128201a42c59f5ddd34,75,量測資格：四個條件必須對上,PAIR-S075,APPENDIX,"Delivery variant is visual/provenance comparison only; e2 owns the content/notes adoption. Evidence qualification, accumulated quantities, and validity gates support the evidence clinic; rewrite all labels and data around endpoint replay.",CORRESPONDING_PAGE_REVIEW + rendered contact-sheet review; peer visible-text similarity 0.9924; no speaker notes,Visual comparison reference only; Core 63–66: evidence clinic and bounded claim interpretation,75,0.9924,False,False,False,07859770529e4c13874c0a85eda578f1678bde0f76ea68a016dadc9f91ce7037,2043fe6ae85eff049b7aca3b0f1ba8347c32e5a62088ad640db86fd974c8d3aa,,0,只有標題
delivery-variant,/home/u24/papers/beamshift/.scratch/teaching-course/v3-ee/delivery/satellite-energy-course-combined-handoff-v1.pptx,7dbdc23e17d7a3c6dc8d6ed76823100da6aa7f14512a8128201a42c59f5ddd34,76,T4 目的：兩個量測按鈕是否改變同一件事？,PAIR-S076,RETIRE,Delivery variant is not an independent content source; Old T4–T6 operations and legacy Run EE tables are not current C120 semantics and can relabel or overclaim energy evidence.,CORRESPONDING_PAGE_REVIEW + rendered contact-sheet review; peer visible-text similarity 0.9951; no speaker notes,No target role; replace with current Lab C and endpoint/system boundary,76,0.9951,False,False,False,e90333a55a87e480575b9c04af99964558a6b99e609616378a0d94183e83d8e3,e2bd9613ade0a3fea46ae6daefb1fa40cb9be306e54d38576be735be9f945ba4,,0,只有標題
delivery-variant,/home/u24/papers/beamshift/.scratch/teaching-course/v3-ee/delivery/satellite-energy-course-combined-handoff-v1.pptx,7dbdc23e17d7a3c6dc8d6ed76823100da6aa7f14512a8128201a42c59f5ddd34,77,T4 操作：一次只檢查一個按鈕行為,PAIR-S077,RETIRE,Delivery variant is not an independent content source; Old T4–T6 operations and legacy Run EE tables are not current C120 semantics and can relabel or overclaim energy evidence.,CORRESPONDING_PAGE_REVIEW + rendered contact-sheet review; peer visible-text similarity 0.9960; no speaker notes,No target role; replace with current Lab C and endpoint/system boundary,77,0.996,False,False,False,fc0d8afda97996b25afcb6e217df7053640e63c12761571183bec396faec4e95,b05576b3a14d22fbaf188c793453fb71c746fe891a75affd741bc560d8f47784,,0,只有標題
delivery-variant,/home/u24/papers/beamshift/.scratch/teaching-course/v3-ee/delivery/satellite-energy-course-combined-handoff-v1.pptx,7dbdc23e17d7a3c6dc8d6ed76823100da6aa7f14512a8128201a42c59f5ddd34,78,T4 空白觀測表：參數與窗口分開記,DUP-T4-78-80,RETIRE,Delivery variant is not an independent content source; Old T4–T6 operations and legacy Run EE tables are not current C120 semantics and can relabel or overclaim energy evidence.,SEMANTIC_DUP_REVIEW + rendered contact-sheet review; peer visible-text similarity 0.9938; no speaker notes,No target role; replace with current Lab C and endpoint/system boundary,78,0.9938,False,False,False,64d677cfb4cd1e81c4f5b238f57a816ba0727aa0a9ac331c0d228d3f9f76999f,71fa09b2d1c1043cc5f23bef10f7043cdf9f8b2105ac080e2d063c7974fee09b,,0,只有標題
delivery-variant,/home/u24/papers/beamshift/.scratch/teaching-course/v3-ee/delivery/satellite-energy-course-combined-handoff-v1.pptx,7dbdc23e17d7a3c6dc8d6ed76823100da6aa7f14512a8128201a42c59f5ddd34,79,T4 已填範例：重開窗口不改參數,DUP-T4-78-80,RETIRE,Delivery variant is not an independent content source; Old T4–T6 operations and legacy Run EE tables are not current C120 semantics and can relabel or overclaim energy evidence.,SEMANTIC_DUP_REVIEW + rendered contact-sheet review; peer visible-text similarity 0.9965; no speaker notes,No target role; replace with current Lab C and endpoint/system boundary,79,0.9965,False,False,False,1f9e24b58ea493e1ab7a70941923e265b5f8a68d67a1af0cc6751813673eafc4,e2e0d9cdf1adf523fe6bcc1dbc90bd8ee6bb5dc3a6359eb77cc338d704f5c87e,,0,只有標題
delivery-variant,/home/u24/papers/beamshift/.scratch/teaching-course/v3-ee/delivery/satellite-energy-course-combined-handoff-v1.pptx,7dbdc23e17d7a3c6dc8d6ed76823100da6aa7f14512a8128201a42c59f5ddd34,80,T4 解讀：先變的是帳本，不是物理量,DUP-T4-78-80,RETIRE,Delivery variant is not an independent content source; Old T4–T6 operations and legacy Run EE tables are not current C120 semantics and can relabel or overclaim energy evidence.,SEMANTIC_DUP_REVIEW + rendered contact-sheet review; peer visible-text similarity 0.9943; no speaker notes,No target role; replace with current Lab C and endpoint/system boundary,80,0.9943,False,False,False,adf93938e252dff4d5a494d9eee9fd7afeda55436056edb0ba635d3a60d9a238,e41ff3a513083067cb6522380c01e93a1556e97b026f0700aad4c7da5ee7720f,,0,只有標題
delivery-variant,/home/u24/papers/beamshift/.scratch/teaching-course/v3-ee/delivery/satellite-energy-course-combined-handoff-v1.pptx,7dbdc23e17d7a3c6dc8d6ed76823100da6aa7f14512a8128201a42c59f5ddd34,81,T5 目的：50 → 35 dBm 是下降 15 dB,PAIR-S081,RETIRE,Delivery variant is not an independent content source; Old T4–T6 operations and legacy Run EE tables are not current C120 semantics and can relabel or overclaim energy evidence.,CORRESPONDING_PAGE_REVIEW + rendered contact-sheet review; peer visible-text similarity 0.9931; no speaker notes,No target role; replace with current Lab C and endpoint/system boundary,81,0.9931,False,False,False,30325b3a6c95fda3b3fcc5dd6e81d1c65e1068065ad7d4c39469d69c47bc6f55,446715af30de0507b55e3f47fdcb7cd78f1038aaa8527d7ec90207280111c6d5,,0,只有標題
delivery-variant,/home/u24/papers/beamshift/.scratch/teaching-course/v3-ee/delivery/satellite-energy-course-combined-handoff-v1.pptx,7dbdc23e17d7a3c6dc8d6ed76823100da6aa7f14512a8128201a42c59f5ddd34,82,T5 操作：同一場景，只改一個 RF 設定,PAIR-S082,RETIRE,Delivery variant is not an independent content source; Old T4–T6 operations and legacy Run EE tables are not current C120 semantics and can relabel or overclaim energy evidence.,CORRESPONDING_PAGE_REVIEW + rendered contact-sheet review; peer visible-text similarity 0.9886; no speaker notes,No target role; replace with current Lab C and endpoint/system boundary,82,0.9886,False,False,False,dcefdb1af551ee98d6bce37c1d9254e848074f869ccd1b81d6ddc4a7131075cc,5295de9299648eac123bec5633afdf80954eb2c43e77e4d3bcd9fc3afd5f7f4b,,1,只有標題
delivery-variant,/home/u24/papers/beamshift/.scratch/teaching-course/v3-ee/delivery/satellite-energy-course-combined-handoff-v1.pptx,7dbdc23e17d7a3c6dc8d6ed76823100da6aa7f14512a8128201a42c59f5ddd34,83,T5 空白觀測表：先記中間量，再記累積量,DUP-T5-83-86,RETIRE,Delivery variant is not an independent content source; Old T4–T6 operations and legacy Run EE tables are not current C120 semantics and can relabel or overclaim energy evidence.,SEMANTIC_DUP_REVIEW + rendered contact-sheet review; peer visible-text similarity 0.9917; no speaker notes,No target role; replace with current Lab C and endpoint/system boundary,83,0.9917,False,False,False,9e20fd6c1f9ad8b409e45a41070e528ab355772f5c8d7adc5fdba11e989a55b8,f97635c3d3134bf2b2572e398c02230a19d227a6a1785d439b178320817ebe82,,0,只有標題
delivery-variant,/home/u24/papers/beamshift/.scratch/teaching-course/v3-ee/delivery/satellite-energy-course-combined-handoff-v1.pptx,7dbdc23e17d7a3c6dc8d6ed76823100da6aa7f14512a8128201a42c59f5ddd34,84,T5 已填讀值：資料量與窗口平均資料率,DUP-T5-83-86,RETIRE,Delivery variant is not an independent content source; Old T4–T6 operations and legacy Run EE tables are not current C120 semantics and can relabel or overclaim energy evidence.,SEMANTIC_DUP_REVIEW + rendered contact-sheet review; peer visible-text similarity 0.9944; no speaker notes,No target role; replace with current Lab C and endpoint/system boundary,84,0.9944,False,False,False,fa3903fd7a45ab0119ad6ef91c8f25db35b8e8ec405b55ac8fc38ff5203ea14e,b783a5f444008e36e93a87052a38bc68ee7ac65f9ff3613cdaffced5629dc379,,0,只有標題
delivery-variant,/home/u24/papers/beamshift/.scratch/teaching-course/v3-ee/delivery/satellite-energy-course-combined-handoff-v1.pptx,7dbdc23e17d7a3c6dc8d6ed76823100da6aa7f14512a8128201a42c59f5ddd34,85,T5 已填範例：先看累積資料與總耗能,DUP-T5-83-86,RETIRE,Delivery variant is not an independent content source; Old T4–T6 operations and legacy Run EE tables are not current C120 semantics and can relabel or overclaim energy evidence.,SEMANTIC_DUP_REVIEW + rendered contact-sheet review; peer visible-text similarity 0.9956; no speaker notes,No target role; replace with current Lab C and endpoint/system boundary,85,0.9956,False,False,False,a24b1c04a9a526a0364f9d51e3643ec7d061704976a60a519cb8b03dd9319cf7,7883cf2fb493b6f491fba89ec73982a3409811ad262c589c8e75dc6085aa4218,,0,只有標題
delivery-variant,/home/u24/papers/beamshift/.scratch/teaching-course/v3-ee/delivery/satellite-energy-course-combined-handoff-v1.pptx,7dbdc23e17d7a3c6dc8d6ed76823100da6aa7f14512a8128201a42c59f5ddd34,86,T5 解讀：資料量掉得比能量更快,DUP-T5-83-86,RETIRE,Delivery variant is not an independent content source; Old T4–T6 operations and legacy Run EE tables are not current C120 semantics and can relabel or overclaim energy evidence.,SEMANTIC_DUP_REVIEW + rendered contact-sheet review; peer visible-text similarity 0.9925; no speaker notes,No target role; replace with current Lab C and endpoint/system boundary,86,0.9925,False,False,False,ef5c00967e89d20b44fd6a5dbf33f34d9bfe07da48c60825ea94344ceb25c852,cd979f65891dd58c7f3f6d241fb1e4fe4bb44a7ca7e2d82d104dec29df55b0f8,,0,只有標題
delivery-variant,/home/u24/papers/beamshift/.scratch/teaching-course/v3-ee/delivery/satellite-energy-course-combined-handoff-v1.pptx,7dbdc23e17d7a3c6dc8d6ed76823100da6aa7f14512a8128201a42c59f5ddd34,87,T5 四道門：能源、資料、品質、Run EE,PAIR-S087,RETIRE,Delivery variant is not an independent content source; Old T4–T6 operations and legacy Run EE tables are not current C120 semantics and can relabel or overclaim energy evidence.,CORRESPONDING_PAGE_REVIEW + rendered contact-sheet review; peer visible-text similarity 0.9880; no speaker notes,No target role; replace with current Lab C and endpoint/system boundary,87,0.988,False,False,False,ed9d73005603ae1ff4ec875de1c1d0a36de40c46d4906130de56d2fd9e690cf6,cac4ea7459ec5b6a1be1d3528cdba55c47131b88faa62668f6e44405d2fa1a51,,0,只有標題
delivery-variant,/home/u24/papers/beamshift/.scratch/teaching-course/v3-ee/delivery/satellite-energy-course-combined-handoff-v1.pptx,7dbdc23e17d7a3c6dc8d6ed76823100da6aa7f14512a8128201a42c59f5ddd34,88,T5 判定：能源下降仍可能是假節能,PAIR-S088,RETIRE,Delivery variant is not an independent content source; Old T4–T6 operations and legacy Run EE tables are not current C120 semantics and can relabel or overclaim energy evidence.,CORRESPONDING_PAGE_REVIEW + rendered contact-sheet review; peer visible-text similarity 0.9904; no speaker notes,No target role; replace with current Lab C and endpoint/system boundary,88,0.9904,False,False,False,4d774d0e6e7cbe6aa8081c7abdeb9a17acfd5def35d6cba6d5130dcd44fcaf7b,ec1a682dbd878f3885aa3b2b73a1ea8deca2d0c8c149fa045c3bfb21b55f18cb,,0,只有標題
delivery-variant,/home/u24/papers/beamshift/.scratch/teaching-course/v3-ee/delivery/satellite-energy-course-combined-handoff-v1.pptx,7dbdc23e17d7a3c6dc8d6ed76823100da6aa7f14512a8128201a42c59f5ddd34,89,T5 替代解釋：服務縮小也會讓數字變好看,PAIR-S089,RETIRE,Delivery variant is not an independent content source; Old T4–T6 operations and legacy Run EE tables are not current C120 semantics and can relabel or overclaim energy evidence.,CORRESPONDING_PAGE_REVIEW + rendered contact-sheet review; peer visible-text similarity 0.9883; no speaker notes,No target role; replace with current Lab C and endpoint/system boundary,89,0.9883,False,False,False,c486c7206945db3ca38ddd01b0753996e43823de21421bf7ec5a9f05b6dd0f88,6660b60d3a6e7af89df8eee4e3324a9b1937d040350cad85edd2ca1b0b96e664,,2,只有標題
delivery-variant,/home/u24/papers/beamshift/.scratch/teaching-course/v3-ee/delivery/satellite-energy-course-combined-handoff-v1.pptx,7dbdc23e17d7a3c6dc8d6ed76823100da6aa7f14512a8128201a42c59f5ddd34,90,T6 目的：同名 EE 是否來自同一筆帳？,PAIR-S090,RETIRE,Delivery variant is not an independent content source; Old T4–T6 operations and legacy Run EE tables are not current C120 semantics and can relabel or overclaim energy evidence.,CORRESPONDING_PAGE_REVIEW + rendered contact-sheet review; peer visible-text similarity 0.9945; no speaker notes,No target role; replace with current Lab C and endpoint/system boundary,90,0.9945,False,False,False,20b88977a775e6319aaccbb714d6c34c38616aa91c0d84d6d0c16d978b6db3b7,fc90dad628424d18d8963abd03b2e0da8d6190b7c847d3c6a25cddc13cef51f5,,0,只有標題
delivery-variant,/home/u24/papers/beamshift/.scratch/teaching-course/v3-ee/delivery/satellite-energy-course-combined-handoff-v1.pptx,7dbdc23e17d7a3c6dc8d6ed76823100da6aa7f14512a8128201a42c59f5ddd34,91,T6 操作：只前進一個正的時間間隔,PAIR-S091,RETIRE,Delivery variant is not an independent content source; Old T4–T6 operations and legacy Run EE tables are not current C120 semantics and can relabel or overclaim energy evidence.,CORRESPONDING_PAGE_REVIEW + rendered contact-sheet review; peer visible-text similarity 0.9947; no speaker notes,No target role; replace with current Lab C and endpoint/system boundary,91,0.9947,False,False,False,793fa3cf0322c78f9f787679b1aa424980adb8a56af5cf42a704e6e7ba0a7c4d,f0767af854dc15201f994978da1ff0f0fb71ea3167242ff629bff4b44e911792,,0,只有標題
delivery-variant,/home/u24/papers/beamshift/.scratch/teaching-course/v3-ee/delivery/satellite-energy-course-combined-handoff-v1.pptx,7dbdc23e17d7a3c6dc8d6ed76823100da6aa7f14512a8128201a42c59f5ddd34,92,T6 空白觀測表：狀態、功率與 EE 分開記,DUP-T6-92-95,RETIRE,Delivery variant is not an independent content source; Old T4–T6 operations and legacy Run EE tables are not current C120 semantics and can relabel or overclaim energy evidence.,SEMANTIC_DUP_REVIEW + rendered contact-sheet review; peer visible-text similarity 0.9928; no speaker notes,No target role; replace with current Lab C and endpoint/system boundary,92,0.9928,False,False,False,763e0663c5911cea8807be505a84d2256ffc2e243be20514449a481f4d167ff2,1c9e8cab7b17521723e2ec6ec3c419750449c4e14a20b644487d2c186f976066,,0,只有標題
delivery-variant,/home/u24/papers/beamshift/.scratch/teaching-course/v3-ee/delivery/satellite-energy-course-combined-handoff-v1.pptx,7dbdc23e17d7a3c6dc8d6ed76823100da6aa7f14512a8128201a42c59f5ddd34,93,T6 已填範例：第一幀與正時間差的讀值,DUP-T6-92-95,RETIRE,Delivery variant is not an independent content source; Old T4–T6 operations and legacy Run EE tables are not current C120 semantics and can relabel or overclaim energy evidence.,SEMANTIC_DUP_REVIEW + rendered contact-sheet review; peer visible-text similarity 0.9948; no speaker notes,No target role; replace with current Lab C and endpoint/system boundary,93,0.9948,False,False,False,361c24d653be7b41878c7f68eadd919aba730a0a130f2384827ab46ca0b2e0e2,db87ba15b7f551adcfc524a80e336eab1ec86faaf3aa124589b38763338cfaf6,,0,只有標題
delivery-variant,/home/u24/papers/beamshift/.scratch/teaching-course/v3-ee/delivery/satellite-energy-course-combined-handoff-v1.pptx,7dbdc23e17d7a3c6dc8d6ed76823100da6aa7f14512a8128201a42c59f5ddd34,94,T6 解讀：貢獻值是帳務分攤，不是個人發射功率,DUP-T6-92-95,RETIRE,Delivery variant is not an independent content source; Old T4–T6 operations and legacy Run EE tables are not current C120 semantics and can relabel or overclaim energy evidence.,SEMANTIC_DUP_REVIEW + rendered contact-sheet review; peer visible-text similarity 0.9924; no speaker notes,No target role; replace with current Lab C and endpoint/system boundary,94,0.9924,False,False,False,cc62bed26d4056876bd16b4cd54663bcf5ea4be0128c0022a1abcf7eb89239fb,34c8341de6f67eac4636289f4ac0081b889ffcc9e02a8b3f1fd0f5958498e9cd,,0,只有標題
delivery-variant,/home/u24/papers/beamshift/.scratch/teaching-course/v3-ee/delivery/satellite-energy-course-combined-handoff-v1.pptx,7dbdc23e17d7a3c6dc8d6ed76823100da6aa7f14512a8128201a42c59f5ddd34,95,T6 邊界：先看 Producer 狀態，再讀畫面,DUP-T6-92-95,RETIRE,Delivery variant is not an independent content source; Old T4–T6 operations and legacy Run EE tables are not current C120 semantics and can relabel or overclaim energy evidence.,SEMANTIC_DUP_REVIEW + rendered contact-sheet review; peer visible-text similarity 0.9882; no speaker notes,No target role; replace with current Lab C and endpoint/system boundary,95,0.9882,False,False,False,924969bfb9c6c9fa188d3a0b37099b044255d3c9f2ce65b9e86bc9b674308028,d4448f5192552f30162aee888be14ca9d9b1db845f071c71973432a881b7376a,,1,只有標題
delivery-variant,/home/u24/papers/beamshift/.scratch/teaching-course/v3-ee/delivery/satellite-energy-course-combined-handoff-v1.pptx,7dbdc23e17d7a3c6dc8d6ed76823100da6aa7f14512a8128201a42c59f5ddd34,96,證據邊界：畫面能支持哪些可重算主張？,PAIR-S096,APPENDIX,Delivery variant is visual/provenance comparison only; e2 owns the content/notes adoption. Claim boundary and evidence-record structure are useful; rewrite to the current simulated endpoint-energy claim ceiling and provenance fields.,CORRESPONDING_PAGE_REVIEW + rendered contact-sheet review; peer visible-text similarity 0.9920; no speaker notes,"Visual comparison reference only; Core 63–66: claim boundary, artifact record, and interpretation",96,0.992,False,False,False,0a43f040352f5b372c2552f5917bbbfed26c428526810d1adb8a2578918a9f62,24e50fdb91e6c82331ac159e70c161f9c56a2a16c7875be471b2fed9c7d5ecc1,,0,只有標題
delivery-variant,/home/u24/papers/beamshift/.scratch/teaching-course/v3-ee/delivery/satellite-energy-course-combined-handoff-v1.pptx,7dbdc23e17d7a3c6dc8d6ed76823100da6aa7f14512a8128201a42c59f5ddd34,97,把數值、判定與限制一起留下,PAIR-S097,APPENDIX,Delivery variant is visual/provenance comparison only; e2 owns the content/notes adoption. Claim boundary and evidence-record structure are useful; rewrite to the current simulated endpoint-energy claim ceiling and provenance fields.,CORRESPONDING_PAGE_REVIEW + rendered contact-sheet review; peer visible-text similarity 0.9890; no speaker notes,"Visual comparison reference only; Core 63–66: claim boundary, artifact record, and interpretation",97,0.989,False,False,False,3db13f1fe2a3b239246dbd1b5cbee819cdeeeb2d20ac2f53f5e92eb8b9a6cd4c,b13608bf11f873e0c2b075a0e16c74a7991c24bcca097250c8c4b649ef275ba7,,0,只有標題
delivery-variant,/home/u24/papers/beamshift/.scratch/teaching-course/v3-ee/delivery/satellite-energy-course-combined-handoff-v1.pptx,7dbdc23e17d7a3c6dc8d6ed76823100da6aa7f14512a8128201a42c59f5ddd34,98,"兩行軌道元素集（Two-Line Element Set, TLE）：原始兩行與固定位置",DUP-TLE-07-98,APPENDIX,Delivery variant has no speaker notes and is visual/provenance comparison only; TLE/OMM/SGP4/TEME source detail is provenance deepening only; merge the alternate opening and keep the satellite example subordinate.,SEMANTIC_DUP_REVIEW + rendered contact-sheet review; peer visible-text similarity 0.9975; no speaker notes,Visual comparison reference only; Appendix APP-10–APP-12: selected TLE/SGP4/source lineage,98,0.9975,False,False,False,f0f936fb2480239008d4b1064d222b1b8eded10228142237c114d2bb9f4c437b,f6dbd206947a856179650c92a8e70a184ae399109cfd2b38dad5cb9d426b0c70,,0,只有標題
delivery-variant,/home/u24/papers/beamshift/.scratch/teaching-course/v3-ee/delivery/satellite-energy-course-combined-handoff-v1.pptx,7dbdc23e17d7a3c6dc8d6ed76823100da6aa7f14512a8128201a42c59f5ddd34,99,TLE 第 1 行：物件識別欄位各有固定位置,PAIR-S099,APPENDIX,Delivery variant has no speaker notes and is visual/provenance comparison only; TLE/OMM/SGP4/TEME source detail is provenance deepening only; merge the alternate opening and keep the satellite example subordinate.,CORRESPONDING_PAGE_REVIEW + rendered contact-sheet review; peer visible-text similarity 0.9969; no speaker notes,Visual comparison reference only; Appendix APP-10–APP-12: selected TLE/SGP4/source lineage,99,0.9969,False,False,False,2e223d324616e8345ec1ee95d68404b05277cf21ccbc698b99b052c0e3805b3a,98b362c1544ca7eae42f1c5d1c20c65071bfe97de82597178febd033961e2f47,,0,只有標題
delivery-variant,/home/u24/papers/beamshift/.scratch/teaching-course/v3-ee/delivery/satellite-energy-course-combined-handoff-v1.pptx,7dbdc23e17d7a3c6dc8d6ed76823100da6aa7f14512a8128201a42c59f5ddd34,100,TLE 第 1 行：曆元與平均運動導數的格式位置,PAIR-S100,APPENDIX,Delivery variant has no speaker notes and is visual/provenance comparison only; TLE/OMM/SGP4/TEME source detail is provenance deepening only; merge the alternate opening and keep the satellite example subordinate.,CORRESPONDING_PAGE_REVIEW + rendered contact-sheet review; peer visible-text similarity 0.9973; no speaker notes,Visual comparison reference only; Appendix APP-10–APP-12: selected TLE/SGP4/source lineage,100,0.9973,False,False,False,eece6e8212879d278c93d75143225ccad4ea1a30dc88d0380eca1d2d01394fd7,f6f1ff9f547429229f9b16bd2c93d3cbf228a76c032cfe4fc4955ba26d890a63,,0,只有標題
delivery-variant,/home/u24/papers/beamshift/.scratch/teaching-course/v3-ee/delivery/satellite-energy-course-combined-handoff-v1.pptx,7dbdc23e17d7a3c6dc8d6ed76823100da6aa7f14512a8128201a42c59f5ddd34,101,TLE 第 1 行：BSTAR、星曆類型與校驗欄位,PAIR-S101,APPENDIX,Delivery variant has no speaker notes and is visual/provenance comparison only; TLE/OMM/SGP4/TEME source detail is provenance deepening only; merge the alternate opening and keep the satellite example subordinate.,CORRESPONDING_PAGE_REVIEW + rendered contact-sheet review; peer visible-text similarity 0.9973; no speaker notes,Visual comparison reference only; Appendix APP-10–APP-12: selected TLE/SGP4/source lineage,101,0.9973,False,False,False,e87f0593a5e73bd7ab4e58fbdfe1bce57cf92d9c2805467cd28d1d4477bc25f6,62844446f1c5cc4909807c86bb9a86f65471822a8dcf8d4e05913f44141b7772,,0,只有標題
delivery-variant,/home/u24/papers/beamshift/.scratch/teaching-course/v3-ee/delivery/satellite-energy-course-combined-handoff-v1.pptx,7dbdc23e17d7a3c6dc8d6ed76823100da6aa7f14512a8128201a42c59f5ddd34,102,TLE 第 2 行：傾角、升交點赤經與偏心率,PAIR-S102,APPENDIX,Delivery variant has no speaker notes and is visual/provenance comparison only; TLE/OMM/SGP4/TEME source detail is provenance deepening only; merge the alternate opening and keep the satellite example subordinate.,CORRESPONDING_PAGE_REVIEW + rendered contact-sheet review; peer visible-text similarity 0.9973; no speaker notes,Visual comparison reference only; Appendix APP-10–APP-12: selected TLE/SGP4/source lineage,102,0.9973,False,False,False,2af3d98da35c02f1485d2bb357d8b313715f997edaedf9f8fd00e3d6d6fb3c91,d366c5a140e021400c5caa067f0ce8e356b231f942d4423d76afa6ef348542b5,,0,只有標題
delivery-variant,/home/u24/papers/beamshift/.scratch/teaching-course/v3-ee/delivery/satellite-energy-course-combined-handoff-v1.pptx,7dbdc23e17d7a3c6dc8d6ed76823100da6aa7f14512a8128201a42c59f5ddd34,103,TLE 第 2 行：近地點幅角、平近點角與平均運動,PAIR-S103,APPENDIX,Delivery variant has no speaker notes and is visual/provenance comparison only; TLE/OMM/SGP4/TEME source detail is provenance deepening only; merge the alternate opening and keep the satellite example subordinate.,CORRESPONDING_PAGE_REVIEW + rendered contact-sheet review; peer visible-text similarity 0.9973; no speaker notes,Visual comparison reference only; Appendix APP-10–APP-12: selected TLE/SGP4/source lineage,103,0.9973,False,False,False,76f39aa282db275403618b878fe7e600a81caa18dd2be0c269cd43e426c784af,d793d289d8829d8559343ec2b6e5b1e6a4445d0b07d6d5806bc73c03c3f47a0a,,0,只有標題
delivery-variant,/home/u24/papers/beamshift/.scratch/teaching-course/v3-ee/delivery/satellite-energy-course-combined-handoff-v1.pptx,7dbdc23e17d7a3c6dc8d6ed76823100da6aa7f14512a8128201a42c59f5ddd34,104,TLE 第 2 行：參考圈數與 checksum,PAIR-S104,APPENDIX,Delivery variant has no speaker notes and is visual/provenance comparison only; TLE/OMM/SGP4/TEME source detail is provenance deepening only; merge the alternate opening and keep the satellite example subordinate.,CORRESPONDING_PAGE_REVIEW + rendered contact-sheet review; peer visible-text similarity 0.9969; no speaker notes,Visual comparison reference only; Appendix APP-10–APP-12: selected TLE/SGP4/source lineage,104,0.9969,False,False,False,f4db93524e6667c1855968cab0a7e54eb99cb2553da529d10b0809001a6b9c07,486e656b94ea0734137ec7829566d39a33aed792d4dd070bd12106e5725c9f0d,,0,只有標題
delivery-variant,/home/u24/papers/beamshift/.scratch/teaching-course/v3-ee/delivery/satellite-energy-course-combined-handoff-v1.pptx,7dbdc23e17d7a3c6dc8d6ed76823100da6aa7f14512a8128201a42c59f5ddd34,105,平均軌道元素：六個欄位如何共同描述運動,PAIR-S105,APPENDIX,Delivery variant has no speaker notes and is visual/provenance comparison only; TLE/OMM/SGP4/TEME source detail is provenance deepening only; merge the alternate opening and keep the satellite example subordinate.,CORRESPONDING_PAGE_REVIEW + rendered contact-sheet review; peer visible-text similarity 0.9962; no speaker notes,Visual comparison reference only; Appendix APP-10–APP-12: selected TLE/SGP4/source lineage,105,0.9962,False,False,False,969d2bb2aafff4bd98a90f46181aebfedb3e97d4b85a28e67305807dc7254c3a,b3c0793acd79afad16accbe6467c6a73ff33c40462ce021737369cbfda83ef50,,0,只有標題
delivery-variant,/home/u24/papers/beamshift/.scratch/teaching-course/v3-ee/delivery/satellite-energy-course-combined-handoff-v1.pptx,7dbdc23e17d7a3c6dc8d6ed76823100da6aa7f14512a8128201a42c59f5ddd34,106,OMM：標準訊息與承載格式要分層理解,PAIR-S106,APPENDIX,Delivery variant has no speaker notes and is visual/provenance comparison only; TLE/OMM/SGP4/TEME source detail is provenance deepening only; merge the alternate opening and keep the satellite example subordinate.,CORRESPONDING_PAGE_REVIEW + rendered contact-sheet review; peer visible-text similarity 0.9967; no speaker notes,Visual comparison reference only; Appendix APP-10–APP-12: selected TLE/SGP4/source lineage,106,0.9967,False,False,False,96cf9221ba33b64a6bc3e8349400e5c4f14299cad9af8734138c85e792a5cd3b,f7a207fdf5b2b8ead89dc5f71b6fad602b7cc97918765f30cf58383805437efb,,0,只有標題
delivery-variant,/home/u24/papers/beamshift/.scratch/teaching-course/v3-ee/delivery/satellite-energy-course-combined-handoff-v1.pptx,7dbdc23e17d7a3c6dc8d6ed76823100da6aa7f14512a8128201a42c59f5ddd34,107,SGP4：平均元素加目標時間，得到某一刻的位置與速度,PAIR-S107,APPENDIX,Delivery variant has no speaker notes and is visual/provenance comparison only; TLE/OMM/SGP4/TEME source detail is provenance deepening only; merge the alternate opening and keep the satellite example subordinate.,CORRESPONDING_PAGE_REVIEW + rendered contact-sheet review; peer visible-text similarity 0.9923; no speaker notes,Visual comparison reference only; Appendix APP-10–APP-12: selected TLE/SGP4/source lineage,107,0.9923,False,False,False,879ea3258f6a64fcdf535ab8ce23cd2d599a7b8533d076124555499c93ca4c50,463672db195503e225fc860cb369725cb6c27e4f2e64bd40667592b8083b1765,,0,只有標題
delivery-variant,/home/u24/papers/beamshift/.scratch/teaching-course/v3-ee/delivery/satellite-energy-course-combined-handoff-v1.pptx,7dbdc23e17d7a3c6dc8d6ed76823100da6aa7f14512a8128201a42c59f5ddd34,108,TEME：三維位置與速度的輸出參考框架,PAIR-S108,APPENDIX,Delivery variant has no speaker notes and is visual/provenance comparison only; TLE/OMM/SGP4/TEME source detail is provenance deepening only; merge the alternate opening and keep the satellite example subordinate.,CORRESPONDING_PAGE_REVIEW + rendered contact-sheet review; peer visible-text similarity 0.9944; no speaker notes,Visual comparison reference only; Appendix APP-10–APP-12: selected TLE/SGP4/source lineage,108,0.9944,False,False,False,be662d59cf83ac1fa10804ea74a3e5c52b16a9920f7b0063b5b808ca83d23c53,f0f175abc0ccb07022e00fbbbf7e4afb026795d4812fc5ece8de195a2ec50659,,0,只有標題
delivery-variant,/home/u24/papers/beamshift/.scratch/teaching-course/v3-ee/delivery/satellite-energy-course-combined-handoff-v1.pptx,7dbdc23e17d7a3c6dc8d6ed76823100da6aa7f14512a8128201a42c59f5ddd34,109,TEME → ECEF → ENU：位置轉成觀測者方向,PAIR-S109,APPENDIX,Delivery variant has no speaker notes and is visual/provenance comparison only; TLE/OMM/SGP4/TEME source detail is provenance deepening only; merge the alternate opening and keep the satellite example subordinate.,CORRESPONDING_PAGE_REVIEW + rendered contact-sheet review; peer visible-text similarity 0.9942; no speaker notes,Visual comparison reference only; Appendix APP-10–APP-12: selected TLE/SGP4/source lineage,109,0.9942,False,False,False,c6314bbd6944f2b39af845b5b9b0acda29572e307cc43a4c957e211894b4e9bf,e976561c18814a536e5e1dcda5ce4b2a7408ffd136c12de89ecdda52d7e84b59,,0,只有標題
delivery-variant,/home/u24/papers/beamshift/.scratch/teaching-course/v3-ee/delivery/satellite-energy-course-combined-handoff-v1.pptx,7dbdc23e17d7a3c6dc8d6ed76823100da6aa7f14512a8128201a42c59f5ddd34,110,可見性仰角：幾何門檻、離軸角與指向角,PAIR-S110,APPENDIX,Delivery variant has no speaker notes and is visual/provenance comparison only; TLE/OMM/SGP4/TEME source detail is provenance deepening only; merge the alternate opening and keep the satellite example subordinate.,CORRESPONDING_PAGE_REVIEW + rendered contact-sheet review; peer visible-text similarity 0.9941; no speaker notes,Visual comparison reference only; Appendix APP-10–APP-12: selected TLE/SGP4/source lineage,110,0.9941,False,False,False,352b819e27b32ae31927d091d8d2ccfcf76f215cb66317035b452efdfe03e8e1,71592cad6d2cd2c4001b808bef8b0a5dd8a5dd1fcc0fd4b4358c51d976cf67c1,,1,只有標題
delivery-variant,/home/u24/papers/beamshift/.scratch/teaching-course/v3-ee/delivery/satellite-energy-course-combined-handoff-v1.pptx,7dbdc23e17d7a3c6dc8d6ed76823100da6aa7f14512a8128201a42c59f5ddd34,111,鏈路路徑：角度、斜距與 SINR 分開計算,PAIR-S111,APPENDIX,"Delivery variant has no speaker notes and is visual/provenance comparison only; Angle/SINR/PA detail may support instructor vocabulary, but must not become required derivation or core LEO instruction.",CORRESPONDING_PAGE_REVIEW + rendered contact-sheet review; peer visible-text similarity 0.9941; no speaker notes,Visual comparison reference only; Appendix APP-13–APP-15: optional quality and power vocabulary,111,0.9941,False,False,False,b621c6eb79fded9de8b50582fe84e99e8196447ba8ea7fbba69eb563d2e4ec97,96ffbc877be3d306afdb1fdf241e8032a190b291737a56c929f2b37e9868a149,,0,只有標題
delivery-variant,/home/u24/papers/beamshift/.scratch/teaching-course/v3-ee/delivery/satellite-energy-course-combined-handoff-v1.pptx,7dbdc23e17d7a3c6dc8d6ed76823100da6aa7f14512a8128201a42c59f5ddd34,112,功率帳本：RF 輸出、PA 輸入與消耗功率,PAIR-S112,APPENDIX,"Delivery variant has no speaker notes and is visual/provenance comparison only; Angle/SINR/PA detail may support instructor vocabulary, but must not become required derivation or core LEO instruction.",CORRESPONDING_PAGE_REVIEW + rendered contact-sheet review; peer visible-text similarity 0.9945; no speaker notes,Visual comparison reference only; Appendix APP-13–APP-15: optional quality and power vocabulary,112,0.9945,False,False,False,608e5faa750ccdec8d8cb7b84073eccbf9917ef871ffd00cfa04bcdb0822354a,5040e4234c087719a291e4806dfd9274903a779fe828e91d280266203dab102a,,0,只有標題
delivery-variant,/home/u24/papers/beamshift/.scratch/teaching-course/v3-ee/delivery/satellite-energy-course-combined-handoff-v1.pptx,7dbdc23e17d7a3c6dc8d6ed76823100da6aa7f14512a8128201a42c59f5ddd34,113,時間窗 EE：量測、推導、假設與模擬,PAIR-S113,APPENDIX,Delivery variant is visual/provenance comparison only; e2 owns the content/notes adoption. Measured/derived/assumed/simulated classification protects the claim ceiling; rewrite it for the current endpoint artifact and source lineage.,CORRESPONDING_PAGE_REVIEW + rendered contact-sheet review; peer visible-text similarity 0.9944; no speaker notes,Visual comparison reference only; Core 63–66 or APP-16–APP-18: claim classification and provenance,113,0.9944,False,False,False,4b5d29cf083066f12e28ced2369f06e99d7192ff318354e8227162bdb9690028,c54f463275413a4846a2bf511322e958875d3ec68cf8f8461df29adf9544cd07,,0,只有標題
delivery-variant,/home/u24/papers/beamshift/.scratch/teaching-course/v3-ee/delivery/satellite-energy-course-combined-handoff-v1.pptx,7dbdc23e17d7a3c6dc8d6ed76823100da6aa7f14512a8128201a42c59f5ddd34,114,資料來源：格式、推算、座標與能量模型,PAIR-S114,APPENDIX,"Delivery variant has no speaker notes and is visual/provenance comparison only; Source index is useful as a citation handoff, but every entry must be refreshed for the pinned course package and current claims.",CORRESPONDING_PAGE_REVIEW + rendered contact-sheet review; peer visible-text similarity 0.9957; no speaker notes,"Visual comparison reference only; Appendix APP-16–APP-18: citations, licenses, glossary, claim classification",114,0.9957,False,False,False,8f58fe131dd20eac1bd7408cd2039a16e54ab6f00d1a2574ddfa2557ebfb1dc2,aa077e101bfe20de922b8c908ce0401b1f39d426f9db309af014baf349c6d649,,0,只有標題
