deck_id,source_path,source_sha256,source_bytes,slide_no,slide_xml_sha256,title,body,notes,notes_nonempty,visible_text_sha256,normalized_text_sha256,notes_sha256,layout_name,layout_type,layout_part,master_part,shape_count,text_shape_count,shape_type_counts,media_count,media_types,media_sha256
e2,/home/u24/papers/beamshift/e2.pptx,60ba796c908387cdfe06c2b82e592bcce3205e2472c42566467bbbd89dcad024,2065216,1,04d0c9dcf18b97037de7b814c2f2d041c5d6a98af8a8c39c9101a8d226bbea17,2026高效率節能人工智慧模型服務平台培訓,低軌衛星換手互動模擬實作,"Slide 1: 2026高效率節能人工智慧模型服務平台培訓
頁面目的：開場，點出低軌衛星換手互動模擬實作的主題。
建議口述內容：歡迎各位。今天我們將探討低軌衛星通訊中的鏈路管理與能量效率。我們將從衛星運動開始，了解如何維持通訊品質，並探討隨之而來的能量代價與取捨。
公式或圖表怎麼說：本頁無複雜圖表，請稍微停留讓聽眾看清標題即可。
常見誤解／限制：常見誤解是只把重點放在省電；還必須同時說明通訊服務與品質是否維持。
因果銜接：衛星的存在是為了傳遞資料，因此接下來馬上來看看，要維持資料傳輸，衛星的高速移動會帶來什麼根本的通訊問題。",True,7c638abfabf7b7474a8784a17d8f801e977dd5d5f6f274347f11e25d6c77dc3e,fa3668a1c6c47e0173fb21298fbd34cbca7879deb8d87ee7de693316c37ae5f2,f9ff0d290e5aa5658bc404caf0f8baee67136aa451a9080d4187dbc5fe112a74,標題投影片,,ppt/slideLayouts/slideLayout1.xml,ppt/slideMasters/slideMaster1.xml,2,2,"{""PLACEHOLDER"": 2}",0,,
e2,/home/u24/papers/beamshift/e2.pptx,60ba796c908387cdfe06c2b82e592bcce3205e2472c42566467bbbd89dcad024,2065216,2,8d8f734009e577321d874cf2f9ce13c5351650989599e7d6e3cebc76ccb2458a,通訊核心問題：資料要送達，鏈路卻會變,"衛星要把資料送到地面，但移動中的鏈路與資源都有限。
衛星移動
服務窗口與 SINR改變
鏈路與資源
需調整
功率隨時間
累積成能量
不能只看功率下降，還要確認送達資料與服務品質是否維持。","Slide 2: 通訊核心問題：資料要送達，鏈路卻會變
頁面目的：點出整份簡報的根本動機，也就是通訊服務是目標，資源有限是現實。
建議口述內容：衛星存在的核心目的是要把資料順利送到地面。但因為衛星在軌道上不斷移動，能提供服務的窗口與訊號品質也會不斷改變。為了維持甚至提升資料傳輸量，我們必須調整鏈路與系統資源，而這每一時刻的射頻輸出，都會隨著時間累積成實質的能量成本。不能只看功率下降，還要確認送達資料與服務品質是否維持。
公式或圖表怎麼說：請順著圖表的四個方塊，由左至右說明因果連鎖：從衛星移動，導致服務窗口與品質變化，進而需要調整鏈路與資源，最終累積成能量代價。
常見誤解／限制：不能單純說我們要研究如何省電。省能只有在維持資料送達與服務品質的前提下才有意義。
因果銜接：既然通訊是衛星存在的原因，我們就必須先區分衛星上的硬體。到底是哪些設備在執行通訊？接著我們來看通訊酬載與衛星平台的任務分工。",True,522e413a24e753b01cc529a751cca33708f272714ca046abe7765d060a5df791,94717ec5d6c5d5bddb9afa83a4f366c89b9d4ef89b449f3f6424cdb62ab7ffd5,6aabe22e9504b535ba7d439e9cc4226f4e20ab484d38263082ad2efb95f7cccd,只有標題,,ppt/slideLayouts/slideLayout5.xml,ppt/slideMasters/slideMaster1.xml,15,7,"{""AUTO_SHAPE"": 8, ""PLACEHOLDER"": 1, ""TEXT_BOX"": 6}",0,,
e2,/home/u24/papers/beamshift/e2.pptx,60ba796c908387cdfe06c2b82e592bcce3205e2472c42566467bbbd89dcad024,2065216,3,d76a25e0e5fdacd7584880fd672f6ea8b67839fede08d2d04dd3d92090141d2b,衛星平台與通訊酬載分工,"衛星平台提供支援；通訊酬載直接執行通訊任務。
衛星平台
提供電力、熱控、姿態
與結構支援，讓酬載
可持續工作
支援
通訊酬載
直接執行通訊任務：
天線、射頻收發、功率放大
波束形成、基頻處理
平台提供支援，酬載直接完成通訊；兩者共同把資料送到地面。","Slide 3: 衛星平台與通訊酬載分工
頁面目的：定義並區分衛星平台與通訊酬載，確立後續討論耗能的主體。
建議口述內容：在一顆通訊衛星中，設備可分為兩大區塊。圖右是通訊酬載，也就是直接執行通訊任務的設備集合，包含天線、射頻收發、功率放大、波束形成與基頻處理；圖左是衛星平台，負責維持衛星運作，提供電力、熱控與姿態等支援。兩者共同合作才能把資料送達地面。
公式或圖表怎麼說：引導聽眾看左右兩個方塊。指出由左向右的支援箭頭，說明平台提供支援，而酬載直接完成通訊任務。
常見誤解／限制：通訊酬載必須被明確理解為直接執行通訊任務的設備集合，避免任何其他無關的比喻。
因果銜接：了解通訊是由酬載執行後，我們要看衛星在軌道上移動時，這個通訊任務能發生在什麼時候。這就帶出了服務窗口的概念。",True,0b69bb5ccd8f8a75df92f79c4a3e775231bfa44a922a6f1d1f143620e5e2c856,9fe166292e11ceb23c4050ab64df650296166f819bf7ef3725c28c1b73c3024a,0087cbcc720d6b631641f09e1488922729c014fcab78009808fe55f3c2ce2f3d,只有標題,,ppt/slideLayouts/slideLayout5.xml,ppt/slideMasters/slideMaster1.xml,12,8,"{""AUTO_SHAPE"": 4, ""PLACEHOLDER"": 1, ""TEXT_BOX"": 7}",0,,
e2,/home/u24/papers/beamshift/e2.pptx,60ba796c908387cdfe06c2b82e592bcce3205e2472c42566467bbbd89dcad024,2065216,4,26b5e13f7a3b0eed9a6e30c550c2de212418759234d4c945321eca104e57ef41,服務窗口隨衛星移動而改變,"服務區的可用時間有限；窗口關閉前，接續服務鏈路必須準備就緒。
衛星 A｜目前服務
衛星 B｜候選
地面服務點
服務窗口
A｜目前服務
B｜候選接續
重疊時段可準備換手
兩條鏈路指向同一服務點；可用時間重疊，才有接續空間。","Slide 4: 服務窗口隨衛星移動而改變
頁面目的：說明衛星與地面點的幾何關係是動態的，單一衛星的服務時間有限。
建議口述內容：因為衛星在軌道上高速飛行，對同一個地面服務點來說，服務的窗口時間是有限的。從圖中可以看到，目前正在服務的衛星 A 即將飛離，而衛星 B 正在靠近。我們必須在 A 的窗口關閉前，準備好把服務交接給 B。兩條鏈路指向同一服務點，可用時間重疊，才有接續空間。
公式或圖表怎麼說：先解釋左圖中衛星移動帶來的相對位置變化，接著指向右方的時間窗。說明青色粗線代表衛星 A 的目前服務窗口，橘色粗線是衛星 B 的候選時間，兩者重疊時段可準備換手。
常見誤解／限制：不要把衛星移動當作純粹的物理軌跡觀賞，必須與通訊鏈路可用時間結合。
因果銜接：既然衛星 B 進入了範圍，是否代表它一定能提供服務？這取決於它的幾何位置與訊號品質，也就是隨後要檢查的門檻。",True,9370ac66147c2d82eeb362aecc693fd8547718e5c40ca805bf8e90c67e386c29,87258af8fca6e69e65aabebaa47aa9de74b550a5b5431092873c9448dd8d54f5,ecbbb9359518ece634b649f58bad0f098ae893fc0afb673009cf6415f1b0920c,只有標題,,ppt/slideLayouts/slideLayout5.xml,ppt/slideMasters/slideMaster1.xml,27,10,"{""AUTO_SHAPE"": 4, ""LINE"": 11, ""PICTURE"": 2, ""PLACEHOLDER"": 1, ""TEXT_BOX"": 9}",1,image/png,c87913bd0b7a835106ea5d257c2b22f238a297876ed4f374ec05b7bff76cc4fa
e2,/home/u24/papers/beamshift/e2.pptx,60ba796c908387cdfe06c2b82e592bcce3205e2472c42566467bbbd89dcad024,2065216,5,f43c4623730dc4fdcdf66b6d0aab819d9029f32790e4dea46b8306a5705ef1b4,可見性是必要條件，不是服務資格,"可見性是必要條件；幾何位置與 RF 品質必須逐層通過。
候選鏈路
地平線
仰角
地面服務點
地平線
候選位於地平線以上
仰角
仰角達到門檻
RF 品質
品質可維持服務
可用候選
過了幾何門檻，還要比較目前服務與候選鏈路的品質差。","Slide 5: 可見性是必要條件，不是服務資格
頁面目的：釐清看得見與能服務的差異，建立層層過濾的觀念。
建議口述內容：要讓候選衛星接手服務，必須通過層層過濾。首先是幾何上的可見性：衛星必須高於地平線，且仰角達到一定標準，才不會被地形嚴重阻擋。但過了幾何門檻，這只是必要條件，最後還必須比較目前服務與候選鏈路的射頻品質，才能確認它具備接續服務的資格。
公式或圖表怎麼說：帶領視線從左圖的地平線往上看，說明仰角的概念；並依序對應右側的三個過濾門檻：地平線、仰角、與射頻品質。
常見誤解／限制：幾何位置達標不代表訊號品質足以維持通訊，必須強調品質是最後的決定因素。
因果銜接：在切換鏈路時，這兩個衛星的服務窗口必須有重疊的餘裕，才能確保品質判斷與交接能順利進行。",True,b524e96903310d5e28a7c44f54af5087fb31e01e738d1040ad25bc8e725a1303,f7dfbae9d1a14f29bb39f34b43342db8291d168ed766949e9297bb4fa515c297,4920eda3338e48f96fe1e74f94840d096cc59db420d5c83bb7751a8465e2f97b,只有標題,,ppt/slideLayouts/slideLayout5.xml,ppt/slideMasters/slideMaster1.xml,35,14,"{""AUTO_SHAPE"": 7, ""LINE"": 13, ""PICTURE"": 1, ""PLACEHOLDER"": 1, ""TEXT_BOX"": 13}",1,image/png,c87913bd0b7a835106ea5d257c2b22f238a297876ed4f374ec05b7bff76cc4fa
e2,/home/u24/papers/beamshift/e2.pptx,60ba796c908387cdfe06c2b82e592bcce3205e2472c42566467bbbd89dcad024,2065216,6,3d22da120e8be900d974a92cec385571bdbea3599da50334ed139f0fb65a14dd,重疊把即將中斷的服務轉成換手機會,"候選出現、條件持續與完成換手不是同一時刻；可用時間的重疊區提供判斷餘裕。
時間軸
開始
結束
共同可用區間
衛星 A
衛星 B
1
候選出現
2
條件持續
3
換手完成
重疊寬度提供決策餘裕；位置與時刻仍必須由軌道資料推得。","Slide 6: 重疊把即將中斷的服務轉成換手機會
頁面目的：說明時間重疊區間在換手決策與執行過程中的關鍵作用。
建議口述內容：在時間軸上，衛星 A 與 B 的服務窗口會有一段重疊的時間。這段共同可用區間給了系統決策的餘裕。因為從候選衛星出現、條件持續滿足，到真正完成換手，都不是在同一時刻發生。重疊區間正是讓這些步驟得以順利發生、不致斷線的關鍵。
公式或圖表怎麼說：解釋下方兩條粗線重疊的區間，並依序指出標號 1 候選出現、2 條件持續、3 換手完成，說明這些階段都發生在重疊區內。
常見誤解／限制：候選衛星一出現的瞬間並不能立刻換手，必須預留時間觀察條件是否穩定。
因果銜接：我們知道幾何與時間窗口很重要，但在真實系統中，這些衛星未來的位置與時刻是怎麼推算出來的？我們必須依賴兩行軌道元素集資料。",True,bf7e970086220aa805b581c929864367a64f94e8f7c0ccad007181700a62aadb,dd6e152753cf81dbb9aebc73615caf1a72275e26a0604281237cf87f5af6ce3a,ffad8902996de3e70d2de096a7761e65f421385258b253b7b4cfc01bccfd95af,只有標題,,ppt/slideLayouts/slideLayout5.xml,ppt/slideMasters/slideMaster1.xml,28,15,"{""AUTO_SHAPE"": 5, ""LINE"": 8, ""PLACEHOLDER"": 1, ""TEXT_BOX"": 14}",0,,
e2,/home/u24/papers/beamshift/e2.pptx,60ba796c908387cdfe06c2b82e592bcce3205e2472c42566467bbbd89dcad024,2065216,7,32a2b67cc9628fac0b7f3c986e5f6d0b1118df9b1487155a884e5ab19c473854,"兩行軌道元素集（Two-Line Element Set, TLE）","TLE 提供 SGP4 的軌道狀態起點；它描述參考時刻附近的軌道，不是地面位置。
STARLINK-1008
1 44714U 19074B 26218.22193858 .00020050 00000+0 25471-3 0 9996
2 44714 53.1486 187.7993 0006450 25.2950 334.8378 15.59407221371992
starlink-20260806.tle · 共 10709 筆，此為第 1 筆 · 曆元 2026-08-06
用途：提供 SGP4 的軌道起點
推算：指定時間的位置／速度
保留完整兩行，才能追溯 SGP4 的輸入與推算結果。","Slide 7: 兩行軌道元素集（Two-Line Element Set, TLE）
頁面目的：介紹 TLE 的原始格式，並釐清它作為推算起點的功能，而非直接的地面座標。
建議口述內容：畫面上看到的是兩行軌道元素集，簡稱 TLE。這兩行數字描述的是衛星在某個特定參考時刻的軌道狀態。它不是直接的地面位置，而是保留完整的兩行，用來提供 SGP4 模型軌道起點，以推算指定時間的位置與速度。
公式或圖表怎麼說：向觀眾指出畫面上兩行密集的數字，說明這就是 TLE 的真實面貌。指出它提供軌道起點，並用於推算指定時間的狀態。
常見誤解／限制：切勿把 TLE 當成衛星當下的直接位置。觀眾不需要知道每一個數字的意思，但要明白這是一份供模型讀取的軌道參數。
因果銜接：既然 TLE 只是起點，我們怎麼從這份起點得知衛星未來的狀態？這就需要把它輸入到 SGP4 軌道模型中。",True,619e2f0dd3eadd033b0b7956fa83e88e282aee1b95d2ad2ae336b0ccb847e360,8863da9b4a2204a9402cded16c1e7495a728d64a34eb40047b8326336c3bb1f2,b953b9544c78434517f8ebf78be49986cd9e45fb72232d176dde4949f0ed0d17,只有標題,,ppt/slideLayouts/slideLayout5.xml,ppt/slideMasters/slideMaster1.xml,13,9,"{""AUTO_SHAPE"": 4, ""PLACEHOLDER"": 1, ""TEXT_BOX"": 8}",0,,
e2,/home/u24/papers/beamshift/e2.pptx,60ba796c908387cdfe06c2b82e592bcce3205e2472c42566467bbbd89dcad024,2065216,8,3aff6c99a814e0fc1becd5b5aa6265c7c7f920325e1653ebb24f55040aeb76a8,TLE + 目標時間 → SGP4 → TEME 狀態,"TLE 與目標時間交給 SGP4，得到該時刻的 TEME 位置與速度。
輸入
TLE
目標時間 t
SGP4
推進軌道
計算指定時刻
輸出
TEME 位置
TEME 速度
輸入：軌道起點與時間　→　輸出：指定時刻的 TEME 狀態","Slide 8: TLE + 目標時間 → SGP4 → TEME 狀態
頁面目的：解釋 SGP4 模型將 TLE 推算成 TEME 位置與速度的作用。
建議口述內容：我們將剛才的 TLE，加上我們想查詢的目標時間，一起作為輸入交給 SGP4 模型。SGP4 會把 TLE 與目標時間推算成該指定時刻的 TEME 位置與速度。
公式或圖表怎麼說：順著三個方塊說明流程：最左側的輸入是 TLE 與時間，經過中間的 SGP4 模型運算推進軌道，得到最右側的輸出，也就是指定時刻的 TEME 狀態。
常見誤解／限制：只需強調 SGP4 是用來算出 TEME 位置與速度，此處不要提前解釋 TEME 或座標轉換細節。
因果銜接：模型算出的 TEME 狀態，地面的天線還沒辦法直接用它來對準衛星，因此還需要進一步的轉換。",True,abbfd4bc893e72cc85d0d2ca14d623d86406a0292010d1b672bda867e43b0069,af913782432723ebc7de74347186e55e98264f893459227ade30047bef451b25,0cedf7062a43bf31af0ada314158ce042ac52665aefc7d3a45e76d4e650b9b34,只有標題,,ppt/slideLayouts/slideLayout5.xml,ppt/slideMasters/slideMaster1.xml,17,9,"{""AUTO_SHAPE"": 6, ""LINE"": 2, ""PLACEHOLDER"": 1, ""TEXT_BOX"": 8}",0,,
e2,/home/u24/papers/beamshift/e2.pptx,60ba796c908387cdfe06c2b82e592bcce3205e2472c42566467bbbd89dcad024,2065216,9,fdf9b4cfc64f674152f6b23594b810c1a8f6d4395725401693538d999a36f4f5,TEME 是慣性參考，還需座標轉換,"TEME 是 SGP4 輸出的慣性參考，還不是地面站可直接使用的量。
TEME 描述衛星在慣性參考中的位置與速度。
還需座標轉換，才得到地面站可用的仰角、方位角與距離。
SGP4 狀態先停在 TEME；地面觀測量要經過座標轉換。","Slide 9: TEME 是慣性參考，還需座標轉換
頁面目的：解釋 TEME 的意義，以及需要座標轉換才能給地面站使用。
建議口述內容：TEME 描述衛星在慣性型參考框架中的位置與速度。它還不是地面站可直接使用的觀測量，所以必須進行座標轉換，才能得到地面站可用的仰角、方位角與距離。
公式或圖表怎麼說：指出 TEME 是慣性參考，說明這與地面觀測者所在的旋轉地球不同，因此需要經過座標轉換這道手續。
常見誤解／限制：觀眾可能對慣性參考不熟悉，強調這只是相對於地球自轉的視角差異，必須轉換視角才能應用。
因果銜接：了解必須轉換之後，我們接著來看座標鏈具體是如何一步步把狀態變成地面觀測量的。",True,c4befe688648208107f97981fd66449d45a1583e05cd06e0f246ef535eef9abf,d17c7e2e25a56bec88c09ae4a7a3d91d7d1ca96f174aa58d016415ce95ba4d5f,e02901b4f6097377c0034b0d2dad46d805f03e3f664918055f84bab5ce23a42e,只有標題,,ppt/slideLayouts/slideLayout5.xml,ppt/slideMasters/slideMaster1.xml,6,4,"{""AUTO_SHAPE"": 2, ""PLACEHOLDER"": 1, ""TEXT_BOX"": 3}",1,image/png,81064adfe3630e8efb7e71eb2456890140555621e310a9f0b5dbae2315aeb7aa
e2,/home/u24/papers/beamshift/e2.pptx,60ba796c908387cdfe06c2b82e592bcce3205e2472c42566467bbbd89dcad024,2065216,10,ba51c6391e8259c98e80cdc5dd07dce9aa6bc5f2ce3ba660192f0957597eab6c,座標鏈把 SGP4 狀態變成地面觀測者看到的量,"座標轉換把 SGP4 位置／速度接到地面站，最後得到仰角與距離。
TEME
慣性參考
SGP4 狀態
地固座標
時間對齊
地球
ENU 座標
對齊地面站
東／南／上
本地觀測量
方位／仰角／距離
判斷可見性
方位角、仰角與距離，才是地面端使用的可見性與鏈路幾何量。
座標轉換不是裝飾：它把 SGP4 狀態接到實際地面觀測。","Slide 10: 座標鏈把 SGP4 狀態變成地面觀測者看到的量
頁面目的：說明座標轉換的具體步驟，連接模型輸出的慣性狀態與地面實際觀測。
建議口述內容：座標轉換把 SGP4 的位置與速度對接到地面站。從慣性型參考的 TEME 開始，先依時間對齊地球，轉為地固座標；接著對齊地面站的東、北、上方向，轉為 ENU 座標；最後才能算出地面站使用的方位角、仰角與距離。這三個量正是我們判斷可見性與鏈路幾何的依據。
公式或圖表怎麼說：帶領聽眾看四個方塊的轉換階段。指出座標轉換不是裝飾，而是將 SGP4 狀態接到實際地面觀測的必經之路。
常見誤解／限制：不需要讓觀眾背誦座標轉換步驟。重點是這個流程產生了方位、仰角與距離。
因果銜接：有了幾何視角後，當我們面臨多顆衛星可以選擇時，要怎麼決定是否該換手？我們需要觀察訊號品質的差距，以及這個差距維持了多久。",True,0a29921d7b23d12731ecd6ef6915b3e445d1615f1a989865a03a3077fe5a7762,96806c2a06e193b529d9ef1669c7a7404e73f3aeb00452ccaf368114171dcd7e,a3dcdaa01b63e66f997c01e2b537d133ee663227bd6b687c8bbce89e322d02f0,只有標題,,ppt/slideLayouts/slideLayout5.xml,ppt/slideMasters/slideMaster1.xml,21,12,"{""AUTO_SHAPE"": 9, ""PLACEHOLDER"": 1, ""TEXT_BOX"": 11}",1,image/png,98a93d05d12854b5d776fe7d027bacf1cc43201a7a36d770486b4e19a01125b6
e2,/home/u24/papers/beamshift/e2.pptx,60ba796c908387cdfe06c2b82e592bcce3205e2472c42566467bbbd89dcad024,2065216,11,86d3680149a72c0455d0be6edde878c5a9d312fc04e4b8025ee999e45c37245b,候選必須跨過 margin，並持續足夠久,"候選必須好過一段 margin，而且優勢要持續足夠久，才把候選狀態提升為換手決策。
margin
目前服務品質
候選品質
TTT｜持續時間
換手決策同時受 margin 與持續時間約束，不看一次取樣。","Slide 11: 候選必須跨過 margin，並持續足夠久
頁面目的：解釋換手決策的關鍵防線條件：Margin 與持續時間。
建議口述內容：為了確保換手穩定，候選衛星的品質不僅要大於目前服務的衛星，還必須贏過一個安全門檻，也就是 margin，而且這個優勢必須維持足夠長的時間。換手決策同時受 margin 與持續時間約束，我們不能只看單一次的瞬間採樣就做決定。
公式或圖表怎麼說：指出圖表中目前服務與候選品質的曲線。說明 margin 門檻，以及優勢必須持續的時間長度，以此將候選狀態提升為換手決策。
常見誤解／限制：換手決策絕對不是數值一超過就馬上切換。
因果銜接：既然設定了 margin 和持續時間，如果我們把它們設定得太嚴苛或太寬鬆，會對服務造成什麼影響呢？",True,5856ff3d1ce290d54e0485c982941f538f15d32f00c0295bc7213358345de9b9,e6d8fe97f7cb8cc3cb324ab6b424ebc375402e2b97b895df20f3f9387dfcb2ab,c4c796f9cba6f6c09405efe9b3a24d66b99d1820aa6d696c8a6d99a7eb950d7c,只有標題,,ppt/slideLayouts/slideLayout5.xml,ppt/slideMasters/slideMaster1.xml,21,7,"{""AUTO_SHAPE"": 1, ""LINE"": 13, ""PLACEHOLDER"": 1, ""TEXT_BOX"": 6}",1,image/png,d3743fc977a312fcb21d8f22a89d854f0d5fd03598c6564d0732c6de18e22594
e2,/home/u24/papers/beamshift/e2.pptx,60ba796c908387cdfe06c2b82e592bcce3205e2472c42566467bbbd89dcad024,2065216,12,cd5071e42ade4d94131a49673e6d88787c99d1de9e1ec8a2879a80b1bb87825f,切換過慢會中斷，過快會形成 ping-pong,"換手過慢會讓低品質狀態拖得太久；換手過快則可能在兩條鏈路間反覆來回。
過慢
服務
低品質拖延
適當
服務
一次換手
過快
A
B
A
B
A
判讀重點
服務連線在兩個波束或衛星
之間反覆來回切換，稱為
ping-pong（乒乓）效應。
表示換手不穩定。
本頁不把事件次數
直接當成額外能量。
事件次數與服務連續性要一起讀；換手結果仍受 SINR 三個分量支配。","Slide 12: 切換過慢會中斷，過快會形成 ping-pong
頁面目的：探討換手參數設定不當的兩種極端後果，並介紹 ping-pong 效應。
建議口述內容：如果換手條件太嚴苛、切換過慢，我們可能會在低品質的鏈路上拖延太久；但如果切換太快，鏈路在短時間內反覆切換，增加不穩定與額外操作，這就稱為 ping-pong 效應。適當的設定才能維持服務連續性。
公式或圖表怎麼說：比較圖中過慢、適當與過快三種情境。特別引導視線看到過快情境中，服務連線在兩個波束或衛星之間反覆來回，顯示換手不穩定。
常見誤解／限制：本頁不要將換手的事件次數直接當成額外能量。事件次數反映的是服務的穩定度。
因果銜接：到目前為止我們都在談品質的變化，但這個品質究竟是用什麼衡量的？在通訊上，我們最常用的是 SINR。",True,db0969fb457a03f3523bc1d84dcc4b77a67af8feb4d3d089a3ea012ae813ad89,2f6a41a0990b292d5dfacf40521519a055e3b64278f221d73f48046c0ebb9892,dcfaab58d95f4b2b42ea8150e9446af4d8d5d9d9bf1e37f6352db080e9d6d043,只有標題,,ppt/slideLayouts/slideLayout5.xml,ppt/slideMasters/slideMaster1.xml,33,19,"{""AUTO_SHAPE"": 2, ""LINE"": 12, ""PLACEHOLDER"": 1, ""TEXT_BOX"": 18}",0,,
e2,/home/u24/papers/beamshift/e2.pptx,60ba796c908387cdfe06c2b82e592bcce3205e2472c42566467bbbd89dcad024,2065216,13,97118591330dc4b428983cef76cd9c0d23697433d487b3c3beaf78fad17cb0ac,SINR 分解訊號、干擾與雜訊,"SINR 把服務訊號、同頻干擾與接收機雜訊分開表示。
S｜服務訊號
目標鏈路在地面服務點的接收功率
I｜同頻干擾
其他波束或衛星的同頻功率
N｜接收機雜訊
接收鏈路與設備的背景雜訊
SINR 只描述鏈路品質，還要結合頻寬才能換成每秒資料率。","Slide 13: SINR 分解訊號、干擾與雜訊
頁面目的：拆解 SINR，說明訊號、干擾與雜訊的物理組成。
建議口述內容：我們用來評估鏈路品質的指標是 SINR，也就是訊號對干擾與雜訊比。它把服務訊號、同頻干擾與接收機雜訊分開表示。分子是目標鏈路在地面服務點的接收功率；分母則是來自其他波束或衛星的同頻干擾，加上接收鏈路與設備的背景雜訊。
公式或圖表怎麼說：說明 SINR 公式，並解釋底下三個方塊分別對應服務訊號、同頻干擾與接收機雜訊的意義。
常見誤解／限制：千萬不能只看訊號強度。如果在強訊號的同時存在更強的同頻干擾，整體的 SINR 依然會非常差。
因果銜接：知道了 SINR 只描述鏈路品質後，要轉成實際的速率，我們還需要進一步計算與頻寬的結合。但是在這之前要先弄清楚速率的定義。",True,d5637661f5e0dddcb27bd50421050fa1a0ad889c3054311b4f0f1707ba2a5b51,03a6adb62c55ada1e513f80700603b5701e63329ab38f22afbe344c8b4cd7a4c,03fd1ff31db4866e8aa6bcc183680bd6d604caeb3fde9e8a86ada842337dadae,只有標題,,ppt/slideLayouts/slideLayout5.xml,ppt/slideMasters/slideMaster1.xml,13,9,"{""AUTO_SHAPE"": 4, ""PLACEHOLDER"": 1, ""TEXT_BOX"": 8}",1,image/png,deb9d7e6b4eb42e1b9bd064493a89f996000794c46aae5cc31dfe3c8f21fffc1
e2,/home/u24/papers/beamshift/e2.pptx,60ba796c908387cdfe06c2b82e592bcce3205e2472c42566467bbbd89dcad024,2065216,14,7f2442ac4cf55665a713080494483b142e2a974ca6312ece829691d9bec65ca3,Throughput 先定義：每秒交付資料，不是累積資料,"Throughput 是每秒交付多少資料，不是已累積的資料量；三種尺度要分開讀。
一位使用者
瞬時交付速率
單位：Mbit/s
系統 throughput
有效使用者的總和
單位：Mbit/s
窗口累積資料
對時間累加
單位：Mbit
瞬時 EE：throughput ÷ power
窗口 EE：累積資料 ÷ 累積能量
先把每秒交付量與窗口累積量分開，才不會把資料率和資料量混為一談。","Slide 14: Throughput 先定義：每秒交付資料，不是累積資料
頁面目的：嚴格定義 Throughput，並區分瞬時速率與時間窗內的累積資料量。
建議口述內容：講到 Throughput 時，指的是每秒成功送達的資料量，也就是瞬時速率，而不是已經累積的資料量。我們要把三個尺度分開讀：一是單一使用者的瞬時交付速率；二是系統內有效使用者的總和；三是把系統 Throughput 沿著時間累加，才會得到窗口累積資料。對應到能量效率：瞬時能量效率是速率除以功率；而窗口能量效率是累積資料除以累積能量。
公式或圖表怎麼說：由左至右介紹三種尺度，從單一位使用者、系統速率，推導到窗口累積資料。接著指出下方的瞬時能量效率與窗口能量效率的定義。
常見誤解／限制：最常見的錯誤是把 Throughput 講成累積資料量。必須向聽眾強調它是速率。
因果銜接：釐清了速率與資料量的差異後，我們就可以回頭看如何把 SINR 轉換成真正的資料率。",True,a6f2109281cdec6199375e4db70d52ff63ff684dc06429a37315ac0c2ea898b7,39c61ee76bf92f0d6071e45e3546a2c2c93c2e1210791bdc43c0166d2d4db19e,36199b60b3338a55f3ee8c93dd7d345fc32dd7b22b1565c4cec0ca97392b8b87,只有標題,,ppt/slideLayouts/slideLayout5.xml,ppt/slideMasters/slideMaster1.xml,17,11,"{""AUTO_SHAPE"": 6, ""PLACEHOLDER"": 1, ""TEXT_BOX"": 10}",3,image/png,0c7a0b1a20783a9a4436a99de5d9b678390a3150fd7dd5ae8f97fb3d69be42db;11a0b4e78b5eec19294a62fe4b5a35a9426a8f53a85bb2d09e2247e112405487;82e6039ad27649da999c186527f45ea5e7e12dceeda2f078ea0065b404dc45cc
e2,/home/u24/papers/beamshift/e2.pptx,60ba796c908387cdfe06c2b82e592bcce3205e2472c42566467bbbd89dcad024,2065216,15,5a0299fbef43e43d68eee31bbc615cac43cc1c338aef509160921a783aeb7297,SINR 進入資料率前，先把 dB 還原成線性量,"SINR 進入資料率前要走兩步：先把 dB 還原成線性量，再計算頻譜效率。
第一步｜dB → 線性
dB 是對數表示，不能直接代入
速率式；先還原線性量。
概念錨點：0 dB → 1；
3 dB → 約 2；10 dB → 10
第二步｜線性 → 頻譜效率
把線性量放進 Shannon 對數，
得到單位頻寬的效率。
頻譜效率有邊際報酬遞減；
乘上配置頻寬 → bit/s 或 Mbit/s
這些 0／3／10 dB 是概念錨點，不是固定的即時實驗結果。","Slide 15: SINR 進入資料率前，先把 dB 還原成線性量
頁面目的：說明從 SINR (dB) 轉換到資料率的數學步驟。
建議口述內容：SINR 通常用 dB 來表示，這是一個對數表示，所以在進入 Shannon 公式計算資料率前，必須先把 dB 還原成無單位的線性比例，不能把 dB 值直接代入 1 加上 SINR 的算式中。第一步是 dB 轉線性，例如 0 dB 代表比例是 1，3 dB 約是 2，10 dB 是 10。第二步是把線性量放進 Shannon 對數公式得到頻譜效率，最後乘上配置頻寬，才會變成實際的資料率。
公式或圖表怎麼說：左側展示第一步 dB 轉線性，右側展示第二步線性轉頻譜效率，並說明頻譜效率有邊際報酬遞減現象。
常見誤解／限制：dB 是對數標籤，不能直接進行線性運算。另外，0、3、10 dB 是為了方便理解的概念錨點，不是固定的即時實驗結果。
因果銜接：經過轉換，我們終於算出了資料率。回到最初的問題，這一切要怎麼在有限的資源下取得平衡？",True,10d305fa0a31e9ae410f75de6b26c284947cdb2057f9f8bc460faae1c147f410,d6e1b463bb7f52891e3fcc6db692899cf7e6d87a1ac8db13b636c8abd0de886f,4c0059b3790830d8eca2846b4da047729ed147f11e4b5ce04796db933a0f44c2,只有標題,,ppt/slideLayouts/slideLayout5.xml,ppt/slideMasters/slideMaster1.xml,12,9,"{""AUTO_SHAPE"": 3, ""PLACEHOLDER"": 1, ""TEXT_BOX"": 8}",2,image/png,193e5ab2c589df9ffb9124cf20bad0fbad3e4d66d901262061b00ffbe618f9c3;f54d64984fe6062ed500ee8051e80ca43447d1c3c0af1824f5bfac994eeb14da
e2,/home/u24/papers/beamshift/e2.pptx,60ba796c908387cdfe06c2b82e592bcce3205e2472c42566467bbbd89dcad024,2065216,16,00bc3322252a99a5652cde0583db37aba91abc54ad34483b3f600e568c93b552,資料率提高之後，功率與能量從何而來？,"衛星運動改變可用鏈路；可用鏈路改變 SINR；SINR 再決定能交付多少 throughput。
衛星運動
可用鏈路
SINR
交付資料率
資料交付
同一服務時間窗內，
維持或增加交付資料，
就要付出通訊代價。
能量代價
RF 輸出與服務時間窗
共同形成能量成本。
核心問題：要送出同樣或更多資料，功率與時間窗能量要從何而來？","Slide 16: 資料率提高之後，功率與能量從何而來？
頁面目的：總結，點出能量與資料傳輸之間的物理取捨。
建議口述內容：總結我們探討的過程：衛星運動改變了可用鏈路，鏈路改變 SINR，SINR 再決定能交付多少資料率。追求資料率需要資源，而衛星能源有限，因此必須同時檢查資料、品質與能量代價。在同一個服務時間窗內，如果想要維持或增加交付資料，通常必須付出射頻輸出與通訊電路取電的代價；總功率沿時間累積，才形成窗口能量。核心問題在於：要送出同樣或更多資料，功率與時間窗能量要從何而來？
公式或圖表怎麼說：回顧從衛星運動到交付資料率的因果鏈。對比資料交付與能量代價，指出公式中功率對時間的累積效應。
常見誤解／限制：不要把結論說死，這是一個啟發性問題。目的是提出難題。
因果銜接：探討能量從何而來的關鍵問題，將直接帶領我們進入後續針對能量效率真實運作機制的分析。",True,f5099e9723e05fa346e192d0cc5d30cfe60816794630009545a1b4e2658cb38d,526e102cfa29591454d70ea578e001672b51e65dea8af2570c51d3cbf8d565dd,757d2339ad3409db676873f8a8d79222a1c21c32e9107a7e5c029762cf08a8c7,只有標題,,ppt/slideLayouts/slideLayout5.xml,ppt/slideMasters/slideMaster1.xml,21,11,"{""AUTO_SHAPE"": 10, ""PLACEHOLDER"": 1, ""TEXT_BOX"": 10}",1,image/png,3a1193d39b3292aa33b585bafe730b9665545de9a9018d933aeb4ee7a58e3b1d
e2,/home/u24/papers/beamshift/e2.pptx,60ba796c908387cdfe06c2b82e592bcce3205e2472c42566467bbbd89dcad024,2065216,17,fee824fd9a87d57ea5c05b4292fece7f8500980c6e957de3ba67209958544c90,資料率提高之後，功率與能量從何而來？,"要交付有用資料，必須在有限的衛星通訊、功率與能量資源下維持鏈路。
交付資料
Mbit
鏈路品質
SINR
RF 輸出
W
總功率
W
窗口能量
J
本頁的主線
先說清楚資料如何交付，再追問每焦耳能交付多少資料。","Slide 1: 資料率提高之後，功率與能量從何而來？
頁面目的：承接衛星運動與通訊鏈路的基礎，指出追求更高資料交付量必須在有限資源下進行，進而帶出功率與能量問題。
建議口述內容：「前面看到，為了交付更多資料，我們可能需要提高發射功率或改變服務鏈路。但衛星資源有限，所以必須追問：提高資料率之後，所需的功率與能量究竟從哪裡來？這段內容會一步步把資料、鏈路品質、功率與能量帳本串接起來。」
公式或圖表怎麼說：「畫面上展示了我們這章的主線，從左到右。我們從交付資料 (Mbit) 出發，探討它如何受到鏈路品質 (SINR) 影響，接著為了維持品質需要多少 RF 輸出 (W)，這又會如何轉換成總功率 (W) 以及最終在窗口內累積的能量 (J)。」
常見誤解／限制：容易誤以為節能是唯一目標。必須強調交付資料是根本需求，能量只是代價，探討節能前必須先看清楚資料交付的情況。
因果銜接：「既然要交付資料，衛星又是不斷運動的，這種運動是如何改變我們維持鏈路的條件的呢？探討幾何變化帶來的影響，能幫助我們理解維持鏈路的挑戰。」",True,f6c63fd755bd46676bd9492debe070809210fda9848ef6cbc77adea591a72216,f74687ed0599b2e21c13b1b2ff12a203c8d32305b5804645f835871ae80a72cc,1b68b22e618914b9d97bd5c4f3db1382691d89236759dd961561daedb9a8b41c,只有標題,,ppt/slideLayouts/slideLayout5.xml,ppt/slideMasters/slideMaster1.xml,24,14,"{""AUTO_SHAPE"": 10, ""PLACEHOLDER"": 1, ""TEXT_BOX"": 13}",0,,
e2,/home/u24/papers/beamshift/e2.pptx,60ba796c908387cdfe06c2b82e592bcce3205e2472c42566467bbbd89dcad024,2065216,18,9c22f14c371f361974206904feaa0c5953317d41cea13a44a95cec704f36bf6d,衛星運動改變角度與斜距，維持資料要回應,"同一服務區內，幾何變化先改變鏈路品質；接著才輪到服務決策。
服務區
t₀
t₁
變動來源
波束方向與使用者的角度
衛星到使用者的斜距
是否仍符合服務資格
維持資料的回應
提高 RF 輸出，或換波束／換衛星
也可能接受較低速率","Slide 2: 衛星運動改變角度與斜距，維持資料要回應
頁面目的：說明衛星的運動會改變幾何關係（角度與距離），進而影響鏈路，迫使系統做出服務決策。
建議口述內容：「請看畫面上的軌跡。當衛星在服務區上空移動時，它與使用者的角度和斜距無時無刻不在改變，這會直接影響鏈路品質。為了維持穩定的資料傳輸，系統就必須做出回應，例如提高發射功率，或者乾脆換波束、換衛星；當然，有時我們也可能被迫接受較低的速率。」
公式或圖表怎麼說：「圖中展示了衛星從 t0 移動到 t1 的過程，虛線是軌跡，實線是地面。當衛星移動，與服務區的相對位置跟著改變。變動來源包括了波束方向、斜距，以及服務資格。右側則列出我們能採取的反應手段。」
常見誤解／限制：常見誤解是忽略「接受較低速率」也是一種被動的系統反應。限制在於此處只談單一服務區的幾何變化，不包含複雜的多星干擾。
因果銜接：「我們提到系統有三種主要的反應手段。這三種手段各自會對資料交付和能量消耗帶來什麼不同的改變？我們接著拆解這三個選項。」",True,934720e3c1effe9776cb86e453e4be854548cced323f0cd6e6ac51892f97bf9d,e79f3f0d9f01db37245ba04a23fee27468ed5c88e331bbc3904b5ee69f49c4bf,185d76c68f5b331c45db56055a6ca8d1d9e77a059227b85e5e810944e489ca10,只有標題,,ppt/slideLayouts/slideLayout5.xml,ppt/slideMasters/slideMaster1.xml,29,12,"{""AUTO_SHAPE"": 4, ""LINE"": 11, ""PICTURE"": 2, ""PLACEHOLDER"": 1, ""TEXT_BOX"": 11}",1,image/png,4a98954aadef606ca054f2e952f7c189a32aa24c3a6779ef978a0e4b4a95fc01
e2,/home/u24/papers/beamshift/e2.pptx,60ba796c908387cdfe06c2b82e592bcce3205e2472c42566467bbbd89dcad024,2065216,19,949623235e55de3517c07cfd99ec237b65d45b5cba8e8425668dcd3b4030e67e,三種服務反應，同時改變資料與能量,"維持鏈路不只有一個旋鈕；每個反應都會改寫交付資料、鏈路品質與取電。
提高 RF 輸出
品質可能上升
PA 取電也會上升
換波束／換衛星
服務集合與幾何改變
資料與狀態要同窗記錄
接受較低速率
可能少付 RF 代價
但交付資料也可能下降
交付資料
分子
鏈路品質
SINR
總功率
分母的即時量
窗口能量
分母的累積量","Slide 3: 三種服務反應，同時改變資料與能量
頁面目的：拆解系統維持鏈路的三種手段，並說明每一種決定如何同時影響資料分子與能量分母。
建議口述內容：「我們來看這三個決定。第一，提高 RF 輸出，這能提升鏈路品質，但代價是功率放大器 (PA) 的取電會上升。第二，換波束或換衛星，這會改變幾何關係與服務對象，我們必須在相同的時間窗口內去比較前後的資料與狀態。第三，接受較低速率，雖然省下 RF 功率，但交付的資料量也下降了。這三種反應，都在同時影響我們的分子（資料與品質）跟分母（功率與能量）。」
公式或圖表怎麼說：「畫面上方的三個方塊對應三種反應，下方則對應到我們評估的四個維度：交付資料、鏈路品質、總功率跟窗口能量。這告訴我們，任何一個決策都會牽動下方的所有指標。」
常見誤解／限制：誤以為只改變單一變數。實際上，換波束不僅改變功率，也會改變幾何和服務狀態。
因果銜接：「既然一個決策會同時牽動這麼多變數，那我們在做 A/B 測試比較時，該怎麼確保公平呢？建立公平的基準，必須先釐清如何鎖定服務窗口。」",True,23b05228f8285eaec6df03187ebb778c05355cd45f22b963d74c85739c309590,5152abd97a2a9d26160b123dda9e3bb44332817220ba4600cfc3259545efec29,87879673375ceb6fb1a51eff2faa8f29b1ed91a4c3418b4fcb78f91f5fdc23d5,只有標題,,ppt/slideLayouts/slideLayout5.xml,ppt/slideMasters/slideMaster1.xml,26,19,"{""AUTO_SHAPE"": 7, ""PLACEHOLDER"": 1, ""TEXT_BOX"": 18}",0,,
e2,/home/u24/papers/beamshift/e2.pptx,60ba796c908387cdfe06c2b82e592bcce3205e2472c42566467bbbd89dcad024,2065216,20,ba573f0945d6b8557953eb2e1a8060185630ac150c715484518e95c5d3ca3e07,A／B 先鎖在同一服務窗口,"只有固定起點、時間窗、服務集合與有效狀態，差異才可歸因於那一個決策。
固定條件
同一起點
同一服務窗口
同一服務集合
有效狀態
A
基準設定
B
只改一個決策
交付資料
Mbit
鏈路品質
SINR
總能量
J
狀態
有效／服務","Slide 4: A／B 先鎖在同一服務窗口
頁面目的：建立科學比較的基準，強調必須在相同的起始點、時間窗與服務狀態下，改變單一變數才能進行有效的 A/B 測試。
建議口述內容：「如果要比較哪個決策比較好，我們不能拿橘子比蘋果。必須先固定條件：同一起點、同一時間窗、相同的服務集合以及確保狀態都是有效的。在這個前提下，基準設定 A 產生的資料與能量，跟只改動一個決策後的 B 進行比較，這樣的 A/B 測試才有意義。」
公式或圖表怎麼說：「畫面左邊列出了必須固定的條件。中間是基準 A，右邊是決策 B，箭頭代表我們只改變一個變數。下方四個方塊提醒我們，比較時必須同時檢查這四個維度的變化，不能只看其中一個。」
常見誤解／限制：常見誤解是在不同時間長度或不同衛星狀態下比較能量，這會得出錯誤的結論。限制在於「同一起點」在實際網路中可能難以完美重現，所以我們依賴模擬器來達成。
因果銜接：「在鎖定比較窗口後，我們要如何準確計算能量？第一步，我們得先界定清楚『帳本』裡到底包含了哪些功率。確立邊界後，我們就能看清功率帳本的真實樣貌。」",True,82fafa392120b36a91a888866c20ef8d6eb401c5dd53f6bd5312bf325fcd92f4,c0c1da2aeedaaf505c00232fe437b0eae54847b7ff7a445fd9e68104405db10b,37178fa34553dafe66d6b2a8ea44af62ef0ab9ca436ec5caf76fde948440e38d,只有標題,,ppt/slideLayouts/slideLayout5.xml,ppt/slideMasters/slideMaster1.xml,30,19,"{""AUTO_SHAPE"": 9, ""LINE"": 2, ""PLACEHOLDER"": 1, ""TEXT_BOX"": 18}",0,,
e2,/home/u24/papers/beamshift/e2.pptx,60ba796c908387cdfe06c2b82e592bcce3205e2472c42566467bbbd89dcad024,2065216,21,e53f405175adefb91f2da664bf5f5aec317b6b030c09ebef4c3fac5c8e836005,先畫出帳本邊界，再把功率累積成能量,"本帳本只納入已選定的通訊酬載項；衛星平台項目不會默默加進來。
每一時刻的總功率
取電速率
單位：W = J/s
總功率沿時間累積的能量
同一有效窗口
單位：J","Slide 5: 先畫出帳本邊界，再把功率累積成能量
頁面目的：界定系統總功率的計算範圍（通訊酬載），並說明功率如何隨時間累積為能量。
建議口述內容：「在計算能量前，必須先畫出帳本邊界。我們的帳本只納入『通訊酬載』相關的功率，例如發射器和基頻處理。至於維持衛星基本運作的平台項目，像是姿態控制、生命維持，都不會算在這個帳本裡。我們算出每一時刻的總功率 (W)，也就是取電速率後，在同一個有效窗口內隨時間累積，就能得到總能量 (J)。」
公式或圖表怎麼說：「畫面中央的公式展示了我們如何從各個分項加總得到總功率。左下的方塊解釋總功率是每一時刻的速率 (W)，右下的方塊則說明將它沿時間累積後得到的能量 (J)。」
常見誤解／限制：誤以為衛星所有的耗電都算在通訊成本內。限制在於這個模型是簡化的通訊專屬帳本。
因果銜接：「了解帳本範圍後，我們要怎麼算出真正消耗的瓦數？我們在模擬器或儀表板上常看到的是 dBm。為了解決這個問題，必須說明怎麼把 dBm 轉換成真實的 RF 輸出瓦數。」",True,b2f8fc1e57553628f0abe89f447333bedca3dc950e44775d2c90c631cd35e5e1,f80dc05108cf7a4d2c685d85a4036ea6c465c5df9fed5ae4dba69dff031b0a6a,6652ceb21f0f933611b3925ec2a8e5345963ce599ca1ed59be7eaab83a40566d,只有標題,,ppt/slideLayouts/slideLayout5.xml,ppt/slideMasters/slideMaster1.xml,10,8,"{""AUTO_SHAPE"": 2, ""PLACEHOLDER"": 1, ""TEXT_BOX"": 7}",1,image/png,7a269b6ba5d7911b22088e1bc2c13c2721f56f4324a70f1bb521ab080b16472e
e2,/home/u24/papers/beamshift/e2.pptx,60ba796c908387cdfe06c2b82e592bcce3205e2472c42566467bbbd89dcad024,2065216,22,59211ee8f142c7e3488f6d9bc0b35a3938b45fa21e03c2d60d88f48d8cbb2569,發射設定是 dBm；先轉成線性 RF 輸出,"dBm 是對數設定，功率帳本要先得到天線端的 RF 輸出 W。
設定端
對數發射設定
單位：dBm
輸出端
線性 RF 輸出
單位：W
邊界
RF 輸出
不是插座／電池取電","Slide 6: 發射設定是 dBm；先轉成線性 RF 輸出
頁面目的：說明對數單位 (dBm) 與線性功率 (W) 的轉換，釐清設定值與實際物理輸出的差異。
建議口述內容：「大家在系統設定上常看到的是 30 dBm 或 50 dBm，這是對數的發射設定。但物理上的功率帳本需要的是線性的瓦數 (W)。所以我們必須先把 dBm 轉換成 RF 輸出瓦數。請記住，這個轉換出來的只是天線端發射出去的 RF 能量，還不是從插座或電池實際抽取的總電量。」
公式或圖表怎麼說：「畫面上的公式展示了 dBm 轉 W 的過程：先除以 10，再作為 10 的指數，最後乘上 1 毫瓦。下方的方塊展示了從左邊的對數設定，轉換到中間的線性 RF 輸出，並且在右邊特別強調這只是邊界上的 RF 輸出，還不是總取電。」
常見誤解／限制：最常見的誤解是把 50 dBm 直接當成 50 W。其實 50 dBm 對應的是 100 W。
因果銜接：「除了算功率，我們在計算通訊速率時也會遇到 dB。但 dB 數字能不能直接放進通訊容量公式裡呢？釐清這個疑問，我們就能正確應用通訊容量公式。」",True,55facc10ad2e0ab35426fd6307b1a1b238097264dfed1dc7c01ec5815fc97e05,4f5cd10968a69731d2ed1fd62536501644617cc6b292959fd18801cb96d4e860,51a833789f3d85c140744300b90dcc4fc3f855909de5982853822cd2f41a1e13,只有標題,,ppt/slideLayouts/slideLayout5.xml,ppt/slideMasters/slideMaster1.xml,16,11,"{""AUTO_SHAPE"": 4, ""LINE"": 1, ""PLACEHOLDER"": 1, ""TEXT_BOX"": 10}",1,image/png,e3962c98f0fa70c82cee164ec99494e038289f81101e5408d6bd8bfe9ad5da0f
e2,/home/u24/papers/beamshift/e2.pptx,60ba796c908387cdfe06c2b82e592bcce3205e2472c42566467bbbd89dcad024,2065216,23,142c99244840709f778b6e855466946044ece185e08d21baae166f15c690734c,dB 不能直接進入 1 + SINR,"Shannon 公式中的 1 + γ 使用的是轉換後的比例，不是 dB 數字。
0 dB
兩者相等
3 dB
約為 2 倍
10 dB
正好 10 倍
γ 表示「訊號功率是干擾加雜訊的幾倍」。dB 每增加 10，線性功率比增加 10 倍。","Slide 7: dB 不能直接進入 1 + SINR
頁面目的：強調 Shannon 容量公式中的 SINR 必須是線性比例 (γ)，不能直接代入 dB 值。
建議口述內容：「在計算資料率的 Shannon 公式中，有一項是 1 + SINR。這裡的 SINR 是訊號與干擾加雜訊的『線性比例』，也就是 γ，絕對不能把 3 dB 的 3 直接加進去！我們必須先把它還原成倍數。例如 0 dB 代表訊號和雜訊一樣大，是 1 倍；3 dB 大約是 2 倍；10 dB 則是整整 10 倍。」
公式或圖表怎麼說：「中間的公式呈現了把 SINR 的 dB 值轉換為線性比例 γ 的計算方式。下方的三個方塊提供了好記的錨點：0 dB、3 dB、10 dB 對應的倍數關係。底部的註解也重申了 dB 增加 10，比例就是 10 倍。」
常見誤解／限制：常見誤解是把 SINR (dB) 當成純量直接套入公式。這會導致極度錯誤的資料率估算。
因果銜接：「把 dB 轉換成倍數 γ 之後，Shannon 公式是怎麼把它變成資料率的？透過對數曲線的呈現，我們就能看出這個轉換過程。」",True,a6da4f364d66f1467a9e0b10fbca0fa007b505f0d6bc3b8f4861306170734e67,8f49e5f5a4267e33bf91715d90ee873e58e5a388c0b440ce2b6c118c1ac4f1e6,464a5c1e3f82bdf0868d06fbfa8d82d9bf70dd64352f229d6ddccb1327878e78,只有標題,,ppt/slideLayouts/slideLayout5.xml,ppt/slideMasters/slideMaster1.xml,13,9,"{""AUTO_SHAPE"": 4, ""PLACEHOLDER"": 1, ""TEXT_BOX"": 8}",1,image/png,ffec966a5e285a14b3754ada3dd21e2bd37d12f12683133c403a90f33e5b7762
e2,/home/u24/papers/beamshift/e2.pptx,60ba796c908387cdfe06c2b82e592bcce3205e2472c42566467bbbd89dcad024,2065216,24,721fe2e3307dd2b58d1ee7669305b12b1c85c57113ab45273f80a5991343ab5c,log2(1+γ) 把 SINR 變成頻譜效率,"線性功率比先變成 bit/s/Hz，再乘上分配的頻寬得到 bit/s 或 Mbit/s。
線性 SINR 增加
頻譜效率
邊際收益變小
Shannon 容量公式
通訊領域常用：頻寬與 SINR → 理論資料率。
本模擬器只作吞吐量／模型輸出估算，不是實測網路吞吐量。","Slide 8: log2(1+γ) 把 SINR 變成頻譜效率
頁面目的：解釋 Shannon 公式中對數項的物理意義（頻譜效率）以及其邊際收益遞減的特性。
建議口述內容：「現在我們有了線性比例 γ，我們把它代入 log2(1+γ) 中。這個動作把功率比轉換成了『頻譜效率』，單位是 bit/s/Hz。請看這條紫色曲線，隨著 SINR 的線性值增加，頻譜效率的上升幅度會越來越平緩，這就是『邊際收益遞減』。最後，把頻譜效率乘上分配的頻寬，就會得到最終的傳輸速率。」
公式或圖表怎麼說：「畫面的公式就是 Shannon 容量公式。圖表展示了曲線的平緩化，紫線代表頻譜效率，可以看出當線性 SINR 增加時，效率雖然增加，但增幅越來越小。下方的方塊提醒我們，這是在給定頻寬下的理論上限估算。」
常見誤解／限制：誤以為增加一倍發射功率，速率也會翻倍。限制是此公式為理論上限，實際系統因為調變編碼機制，呈現的會是階梯狀。
因果銜接：「我們知道發射端送出了多少 RF 功率 (W) 來換取資料率，但是要產生這些 RF 功率，實際上衛星電池需要提供多少電？這取決於放大器的效率。探討 PA 效率，能幫我們算出真正的耗電量。」",True,24267db36fa6eff548a50e7a88a75c52782a1a2bfa1d82bf94965e8e50220f2d,c109d8a935b0ce872c55704d003a2f1adb074a333669ae8beaec296d4de2c02d,276dcd2fcca11ba1092714cb1bac5084d73847d687cf9584e0009e9fd5f820dd,只有標題,,ppt/slideLayouts/slideLayout5.xml,ppt/slideMasters/slideMaster1.xml,15,8,"{""AUTO_SHAPE"": 1, ""LINE"": 6, ""PLACEHOLDER"": 1, ""TEXT_BOX"": 7}",1,image/png,40e86dd6d234fc3d8df2f3092e27fca4ea25375437204db8160efb4e4c413804
e2,/home/u24/papers/beamshift/e2.pptx,60ba796c908387cdfe06c2b82e592bcce3205e2472c42566467bbbd89dcad024,2065216,25,971c28f74962aeee6dde534ac212cd35ba53efa37926ca99fe4634b8723762ca,PA 效率：同一 RF 輸出需要多少取電？,"效率取決於 SSPA/TWTA 硬體與工作點。PA 效率越低，所需的 PA 取電越高。
硬體與工作點
效率隨 SSPA/TWTA 技術而變
輸出回退（OBO）會改變工作點
不是通用的硬體常數。
模擬器預設值
模擬器預設值 35% 是模型預設，
而不是通用的硬體效率。
(面板允許探索 0.05–1.00)","Slide 9: PA 效率：同一 RF 輸出需要多少取電？
頁面目的：介紹功率放大器 (PA) 效率的概念，說明發射功率不等於實際耗電。
建議口述內容：「要發出 10 W 的 RF 訊號，電池絕對不是只提供 10 W。這中間的轉換比例就是 PA 效率。PA 效率取決於硬體（例如固態放大器 SSPA 還是行波管 TWTA）以及它的工作點。效率越低，代表發出同樣的訊號需要從電池抽取更多的電力，多出來的都變成廢熱了。」
公式或圖表怎麼說：「公式表達了 PA 取電等於 RF 輸出除以 PA 效率。下方的方塊特別澄清，這不是一個通用的常數，它會隨硬體跟操作狀態改變。右邊方塊指出，我們模擬器預設的 35% 只是個模型假設，大家可以在面板上自由探索 0.05 到 1.00 的變化。」
常見誤解／限制：誤以為發射功率 (RF 輸出) 等於設備耗電量。限制是模擬器預設值不代表所有衛星的真實效率。
因果銜接：「剛才提到工作點會影響 PA 效率。那到底是什麼操作會改變這個工作點？『輸出回退 (OBO)』這個概念正是解答。」",True,1ab5ae9cfafe21f28a4596ed4a131715b307840ffa406d61838e7e418ba0f067,d19b29aecca93f87a2dc312a7b277b5df459bb1f25545eb6c6d98a6e049874e9,9907e2cb6ab2304165d3e13ae790fbe6922fa5ae563bcae05f85cbcd257b4528,只有標題,,ppt/slideLayouts/slideLayout5.xml,ppt/slideMasters/slideMaster1.xml,12,10,"{""AUTO_SHAPE"": 2, ""PLACEHOLDER"": 1, ""TEXT_BOX"": 9}",1,image/png,dbf0551b96ee0f700e0b4cf7708f4c942366f785db617d24c2cea53345ca5cde
e2,/home/u24/papers/beamshift/e2.pptx,60ba796c908387cdfe06c2b82e592bcce3205e2472c42566467bbbd89dcad024,2065216,26,d291d2250cac7edd79c4a06385b764491a51dbbf4fde7ed15e68ddf7bb0164af,OBO (Output Back-Off，輸出回退) 與效率的權衡,"為了改善線性度，PA 經常在低於飽和或最大輸出的狀態下工作。
OBO 輸出回退
在低於最大輸出的狀態工作，
藉此改善訊號線性度。
例如：6 dB OBO 約為飽和輸出的四分之一。
效率代價
越多的回退 (More back-off)
通常會降低 PA 的運作效率。
實際效率取決於硬體與工作點。","Slide 10: OBO (Output Back-Off，輸出回退) 與效率的權衡
頁面目的：解釋為了維持線性度而進行的輸出回退 (OBO) 操作，及其對 PA 效率的影響。
建議口述內容：「為了確保通訊訊號不失真、維持良好的線性度，我們通常不會讓 PA 在全開的飽和狀態下工作。我們會把功率往回退一點，這就叫做輸出回退 (OBO)。但是這有一個代價：越多的回退，雖然訊號品質變好，但 PA 的運作效率通常會隨之降低。這是一個訊號品質與能源效率的權衡。」
公式或圖表怎麼說：「左邊的方塊定義了 OBO，指出它是在低於最大輸出的狀態下工作。右邊的方塊則點出這樣做的代價：效率下降。這解釋了為什麼實際系統很難達到理想的最高 PA 效率。」
常見誤解／限制：誤以為 PA 隨時都在最高效率點運作。限制是本課程不深究非線性失真模型，僅帶出權衡概念。
因果銜接：「我們現在知道了 PA 的實際取電量。但衛星通訊酬載的總功率不僅僅只有 PA。我們把所有項目加總起來，接著看看完整的功率帳本。」",True,cf65f29ffaac9259d61a82386379915e9065e3f5c8a1a14a771c78c5fadc7e53,47fbbfeed46c6e6fb6eb1167b2361e6d64a886b1be82d7a1c45acc85894a4833,c77f0bb1f673191a19c420ae9c5216d9cd8cb462a976a380c4c1c1aef948434e,只有標題,,ppt/slideLayouts/slideLayout5.xml,ppt/slideMasters/slideMaster1.xml,12,10,"{""AUTO_SHAPE"": 2, ""PLACEHOLDER"": 1, ""TEXT_BOX"": 9}",0,,
e2,/home/u24/papers/beamshift/e2.pptx,60ba796c908387cdfe06c2b82e592bcce3205e2472c42566467bbbd89dcad024,2065216,27,c68ad4d639c0e3f4ad78835dbf904744e44218cd36208782be031c1b7746f1bc,完整的瞬時總功率：每個加總項都有物理意義,"同一工作點要支付通訊靜態項、PA 取電，以及若另行建模的操作項。
電路與基頻分攤先合在同一個通訊靜態項；不要把單一電路欄位當成完整分母。","Slide 11: 完整的瞬時總功率：每個加總項都有物理意義
頁面目的：展示瞬時總功率的完整公式，拆解通訊靜態項與動態項。
建議口述內容：「這是我們通訊酬載的完整瞬時總功率公式。你可以看到，每一個加總項都有明確的物理意義。除了剛才討論的 PA 取電以外，還有維持電路與基頻運作的『通訊靜態項』。這意味著，就算你不發射任何訊號，只要電路開著，就會有基本的靜態耗電。」
公式或圖表怎麼說：「畫面上方的公式詳細列出了 P_total 的組成，下方註解特別強調，靜態電路與基頻分攤在這裡已經合併計算，不要只把其中一個欄位當成全部的分母。」
常見誤解／限制：常忽略靜態功耗，以為沒有發射就沒有耗電。
因果銜接：「既然公式要加總所有波束的功耗，那我們要加總『哪些』波束呢？是所有的波束都算嗎？釐清系統功率的計算範圍，才能確保總帳準確。」",True,5282438a8350902c18a13e7a19150224a6928c1fc1865fc01b968fe6117e6ace,3addf0107a410dc64adebe44d8d0b9ae2aa415b07cc725aab23daba6ff6438fa,e08218004a595675a4773c39b392ecf795f95d59dac45a650e2b72f7b0fc88a1,只有標題,,ppt/slideLayouts/slideLayout5.xml,ppt/slideMasters/slideMaster1.xml,4,3,"{""AUTO_SHAPE"": 1, ""PLACEHOLDER"": 1, ""TEXT_BOX"": 2}",1,image/png,8baf052c3ffa400dd630e41412cd8ec086826fa1972bc85f3a8a0d231f13a646
e2,/home/u24/papers/beamshift/e2.pptx,60ba796c908387cdfe06c2b82e592bcce3205e2472c42566467bbbd89dcad024,2065216,28,1d393b81adcd521a236de8e83b6262162c792da75e744e5221278f736ac5b93d,系統功率只加總作用中服務波束,"通過服務資格且正在服務的波束進入分母；候選、未服務與衛星平台項目不自動加入。
作用中服務波束
服務波束 A
服務波束 B
服務波束 C
不自動進入總帳
候選波束
未服務對象
衛星平台項目","Slide 12: 系統功率只加總作用中服務波束
頁面目的：界定系統總功率的計算範圍，只涵蓋有效服務的波束。
建議口述內容：「在計算系統總功率時，我們只加總『作用中的服務波束』。也就是說，必須是通過服務資格、並且正在提供服務的波束，它所消耗的功率才會進入我們的分母。那些只是候選波束、目前沒有服務對象的波束，或者是整星的平台耗電，都不會自動加進這個帳本裡。」
公式或圖表怎麼說：「公式顯示系統功率是針對作用中波束的加總。下方的圖表很清楚地分為兩區：左邊青色區域是『作用中服務波束』，這些會被計入；右邊橘色區域是候選、未服務與平台項目，這些『不自動進入總帳』。」
常見誤解／限制：以為所有硬體通電就算進去。限制在於定義邊界是為了衡量通訊效率，而非整星熱力學。
因果銜接：「我們算出了持續發生的『操作功率』。但除了持續發生的耗電，系統還有一些『突發』的事件，例如換波束。這些能量該怎麼計入？探討這點，能讓能量帳本更完整。」",True,ed914f8681b5b4d21d24ab786a1cd07f26630ab2aadcc71dd19e54e9a4a5973c,d5de9603601c52385b1e5177b6c57496311653749b0b783e718b92e192edb5b1,5b31d389ab5a0fed499d92fcd26f4990c975314ba17eafaaf3839c95857c7d3a,只有標題,,ppt/slideLayouts/slideLayout5.xml,ppt/slideMasters/slideMaster1.xml,18,10,"{""AUTO_SHAPE"": 5, ""LINE"": 3, ""PLACEHOLDER"": 1, ""TEXT_BOX"": 9}",1,image/png,0479fe2a720adf16b8ae840519cca680c5c1ecc53f2f2470e3cb3d41b2a3b93b
e2,/home/u24/papers/beamshift/e2.pptx,60ba796c908387cdfe06c2b82e592bcce3205e2472c42566467bbbd89dcad024,2065216,29,cd1abf5b041aa202b61942e03277c56e04c0b5371079157b641f25f72ec5267e,操作功率與事件能量如何計入？,"前者是每一時刻發生的功率項；後者是事件發生時才記入窗口總帳的能量。
操作功率項
每一時刻的瞬時功率
模型未納入；缺席不寫成 0
不含換波束／換衛星能量
窗口事件能量
事件發生時才加進窗口總帳
沒有建模就不宣稱節能","Slide 13: 操作功率與事件能量如何計入？
頁面目的：區分每一時刻的瞬時操作功率與特定事件觸發的事件能量。
建議口述內容：「我們把耗能分成兩類。第一類是『操作功率』，也就是每一時刻持續發生的取電。如果模型沒有特別納入某個項目，我們就不會把它寫成 0，而是知道它沒被計算在內。第二類是『窗口事件能量』，例如換手時發生的額外能耗，這些只有在事件發生時才會被整筆加進窗口的總能量裡。」
公式或圖表怎麼說：「畫面的兩個公式分別代表持續操作的功率與事件驅動的能量。左邊的方塊說明瞬時功率不包含換手能量；右邊的方塊強調事件能量只有在發生時才加總，如果我們沒有對它建模，就不能隨便宣稱『減少換手就能節能』。」
常見誤解／限制：誤以為減少換波束就一定能省下大量電。若系統模型未將其計入，帳面上就不會有差異。
因果銜接：「算完了功率和能量帳本，我們回頭看決定訊號強弱的『幾何角度』。在討論角度時，有兩個常混淆的概念，我們在此一併釐清。」",True,086e0481dcd38b1472a6e3a865be79ba87792648aa6e80c5ba1b9d687467eaa8,e4e0b075dfc0a2b08f5bc2dd7a1099d2fe1725fca13a228eb26923f0d9834d65,659f43890e51ed8ae5336f9240c45ec5dee24779a95ba0661ed3d1060168dff3,只有標題,,ppt/slideLayouts/slideLayout5.xml,ppt/slideMasters/slideMaster1.xml,11,9,"{""AUTO_SHAPE"": 2, ""PLACEHOLDER"": 1, ""TEXT_BOX"": 8}",2,image/png,552b70961a8d235b90d5b63f4d6ef5298d95ff124a5b2b3d1557ce8cac2bf75d;6e36a039da2bb161bef570e3e4e73d41cc4e3a85d83cac74f04ac6e3ee75c0fa
e2,/home/u24/papers/beamshift/e2.pptx,60ba796c908387cdfe06c2b82e592bcce3205e2472c42566467bbbd89dcad024,2065216,30,5e0f7ec4b7ebe061a5e08678fcb1bd0b85a1a611b3b015fa33929c545ce1f1e9,兩個角度：一個改增益，一個判資格,看幾何時先辨認參考線；方向圖離軸角 θ 與波束偏離天底角不是同一個角度。,"Slide 14: 兩個角度：一個改增益，一個判資格
頁面目的：區分「天線方向圖的離軸角 (θ)」與「波束偏離天底角的指向角」，避免幾何混淆。
建議口述內容：「在看衛星幾何時，我們常說『角度』，但這裡有兩個截然不同的角度。一個是天線方向圖的離軸角 θ，它決定了天線增益的衰減；另一個是波束偏離衛星正下方（天底）的角度，它主要用來判斷這個區域是否在服務資格範圍內。我們必須先找對參考線，才不會把兩者搞混。」
公式或圖表怎麼說：「畫面上展示了角度的分岔圖形。請大家注意參考線的位置，一個相對於波束中心線，另一個相對於衛星的垂直天底線，這決定了它們不同的物理作用。」
常見誤解／限制：把離軸角與仰角或天底角混為一談，導致增益計算錯誤。
因果銜接：「釐清角度後，角度和斜距這兩個幾何參數，是怎麼分別影響我們的資料和能量的呢？透過因果支線的分析，就能看出它們各自的作用。」",True,fb20f0421383f6a1b1c19beeeab1e8fcec2d105e8cc2ffa9ad334de164596106,9d4d4df17a37e140bd5fb5320555c4ea6a0319bb6d5f7ac3b4d001429a49444c,d05fe4fe7b952b8ed5c0061e5270ffe8fe09027b9853e47661882abb509795bc,只有標題,,ppt/slideLayouts/slideLayout5.xml,ppt/slideMasters/slideMaster1.xml,3,2,"{""PICTURE"": 1, ""PLACEHOLDER"": 1, ""TEXT_BOX"": 1}",1,image/png,ba10b9f35cb51a6ac2db6256d71a313cca53587db0a9b0beecf518caa99bea32
e2,/home/u24/papers/beamshift/e2.pptx,60ba796c908387cdfe06c2b82e592bcce3205e2472c42566467bbbd89dcad024,2065216,31,ec9b7e15bf57bbb810933e056f3172110c206dc5e0774e250c32ec4043b45319,角度與距離走各自的因果支線,"θ 不進 FSPL，也不直接進總功率；斜距 d 只走路徑損耗支線。
資料支線
量到的 SINR → 速率 →
交付資料
能量支線
目標 SINR 反推 → RF 輸出 → PA 取電 → 總功率","Slide 15: 角度與距離走各自的因果支線
頁面目的：說明角度 (θ) 影響增益而不影響自由空間路徑損耗 (FSPL)；距離 (d) 則主導路徑損耗。
建議口述內容：「角度和距離在通訊中扮演不同的角色，走的是不同的因果支線。離軸角 θ 決定天線增益，它並不會跑進自由空間路徑損耗 (FSPL) 裡。斜距 d 則完全主導了路徑損耗。這兩個變數最終會透過左邊的『資料支線』影響 SINR 與交付資料；同時也會透過右邊的『能量支線』，從目標 SINR 反推，影響 RF 輸出與總功率。」
公式或圖表怎麼說：「上方的公式展示了鏈路預算的拆解。下方的方塊對比了兩條支線：左邊是實際量測到的 SINR 推導出速率；右邊是系統為了達到目標 SINR 而反推必須付出的功率代價。」
常見誤解／限制：誤以為角度會直接增加路徑損耗。限制是此模型簡化了極端大氣吸收。
因果銜接：「我們在資料支線中得到了『速率』或『吞吐量』。但吞吐量到底指的是什麼範圍的資料量？為了避免混淆，我們接著統一單位。」",True,2c33c7f9f76118a47035c671a823702f247e971cc3d472270c7099076fa26ea8,cb13d0596b15897279e9d18a584399ca333d6ea5de91f6b442ebb5cb3ef3e8f9,7eabd6cac96d53cbdf334b11ae3aa8283207b7c4ca34a636c7bad1a22c7c3ad9,只有標題,,ppt/slideLayouts/slideLayout5.xml,ppt/slideMasters/slideMaster1.xml,8,6,"{""AUTO_SHAPE"": 2, ""PLACEHOLDER"": 1, ""TEXT_BOX"": 5}",1,image/png,3cb49a1369427946ccc71d8f6ae9b9e2d68868a92a40a245b370209d4f8aeda3
e2,/home/u24/papers/beamshift/e2.pptx,60ba796c908387cdfe06c2b82e592bcce3205e2472c42566467bbbd89dcad024,2065216,32,dbcaeef8507977045d80cff37659faa778664a8a1ec02ab0b202fae44cca0397,吞吐量有三個範圍，單位也不同,"吞吐量是每秒交付的資料，不是窗口內累積的資料。
單一使用者
瞬時資料率
單位：Mbit/s
系統吞吐量
有效使用者速率總和
單位：Mbit/s
窗口累積資料
吞吐量乘上 Δt 後累積
單位：Mbit","Slide 16: 吞吐量有三個範圍，單位也不同
頁面目的：區分單一使用者速率、系統吞吐量，以及窗口累積資料，避免單位混淆。
建議口述內容：「吞吐量 (Throughput) 指的是每秒交付的資料量。我們必須區分三個範圍：第一是單一使用者的瞬時資料率，單位是 Mbit/s。第二是把有效使用者加總起來的『系統吞吐量』，也是 Mbit/s。第三，當我們把這個速率乘上時間 Δt 累積起來，這才叫『窗口累積資料』，單位變成了 Mbit。」
公式或圖表怎麼說：「公式呈現了從單一使用者到系統，再到時間累積的過程。下方的三個方塊明確標示了這三個範圍的物理意義與單位：單一使用者 (Mbit/s)、系統吞吐量 (Mbit/s)、窗口累積資料 (Mbit)。」
常見誤解／限制：常見誤解是把速率 (Mbit/s) 直接當成總量 (Mbit) 和能量 (J) 相除，導致單位不匹配。
因果銜接：「區分這三種範圍後，就可以正確定義能源效率 (EE)。資料有瞬時與累積的差別，EE 也必須使用相對應的時間邊界。」",True,d8f7b35bcd3a0826d0ae46ad02798d5aa67208779c486b1f1138f1811b4b5653,2144a75f6769aa32497538b9a640f0d7bcb96f56d660d647bf6594de6af0a5a8,861b021baf9130801c82b5c9bb72237254ae873f3c9bb468bf941b14d5212063,只有標題,,ppt/slideLayouts/slideLayout5.xml,ppt/slideMasters/slideMaster1.xml,14,11,"{""AUTO_SHAPE"": 3, ""PLACEHOLDER"": 1, ""TEXT_BOX"": 10}",1,image/png,f5ef1dca4eca73a711abdb9c5f8d5a27e307b7d951f2cc5906b52aa533c0e251
e2,/home/u24/papers/beamshift/e2.pptx,60ba796c908387cdfe06c2b82e592bcce3205e2472c42566467bbbd89dcad024,2065216,33,77c8a6bb012cd88f374143f05dc251f9af831fc6080c97bacafebfaf3ec5b067,瞬時 EE 與窗口 EE 的計算邊界不同,"瞬時用此刻的吞吐量除以此刻總功率；窗口用同一有效窗口的累積資料除以累積能量。
瞬時 EE：分子／分母
分子：此刻的系統吞吐量
分母：此刻的總功率
單位：Mbit/J
窗口 EE：分子／分母
分子：窗口累積資料
分母：窗口累積能量
窗口單位：Mbit/J","Slide 17: 瞬時 EE 與窗口 EE 的計算邊界不同
頁面目的：定義並區分瞬時 EE (Mbit/J) 與窗口 EE，說明兩者的分子與分母差異。
建議口述內容：「既然我們有瞬時的功率跟累積的能量，能源效率 (EE) 就有兩種計算邊界。瞬時 EE，是用『此刻的系統吞吐量』除以『此刻的總功率』。而窗口 EE，則是用『同一窗口的累積資料量』除以『累積能量』。兩者的單位都是 Mbit/J，但反映的是不同時間尺度下的效率。」
公式或圖表怎麼說：「上方的公式是兩種 EE 的定義。下方的方塊分別拆解了它們的分子與分母。左邊是瞬時，看的是『此刻』的速率與功率；右邊是窗口，看的是『整段時間』的累積資料與能量。」
常見誤解／限制：誤用平均吞吐量除以總能量，或是分子分母的時間邊界沒有對齊。
因果銜接：「在決定這些數值時，有一個核心的驅動力是『目標 SINR』。這個設定值和我們實際量到的 SINR 到底有什麼不同？釐清這點，才能正確解讀系統行為。」",True,f1d4ac24a5fca691b267809d2210c5f1067637126511ee662b5f810ff12f4b12,64a1ace443df9dda3f49cd1e8a516d21bf8b03284f8cab5b29abfe52c52fc37c,ed0130fb319f691c2d3290c4c9927d6dd544bbbbbb486e543785e9403705b331,只有標題,,ppt/slideLayouts/slideLayout5.xml,ppt/slideMasters/slideMaster1.xml,12,10,"{""AUTO_SHAPE"": 2, ""PLACEHOLDER"": 1, ""TEXT_BOX"": 9}",1,image/png,3fa889fced73d585e7ec56513dc1c725cafaf616d8cb04ccae035d1ee3fe6536
e2,/home/u24/papers/beamshift/e2.pptx,60ba796c908387cdfe06c2b82e592bcce3205e2472c42566467bbbd89dcad024,2065216,34,88df02ff577e85e720e48c5064ec56c749a50c70c627eb95d8aa37bd10b1cd59,目標 SINR 是反推輸入；實測 SINR 是評估輸出,"兩者回答不同問題：前者設定要付出的 RF，後者決定實際交付資料。
需求支線
目標 SINR → 所需 RF 輸出
→ PA 取電 → 總功率
評估支線
實測 SINR → Shannon 估算單一使用者資料率
→ 系統吞吐量與交付資料","Slide 18: 目標 SINR 是反推輸入；實測 SINR 是評估輸出
頁面目的：釐清系統運作邏輯，目標 SINR 用於決定發射功率，實測 SINR 用於計算實際資料率。
建議口述內容：「在我們的模型中，SINR 出現了兩次，但意義完全不同。系統設定的『目標 SINR』是系統的一個要求，它用來反推我們必須付出多少 RF 功率，走的是需求支線。而『實測 SINR』是最終鏈路建立後實際量到的品質，它用來評估我們能達到多少速率，走的是評估支線。」
公式或圖表怎麼說：「公式展示了反推的過程。左邊的紫色方塊是『需求支線』，從目標反推功率；右邊的青色方塊是『評估支線』，從實測 SINR 順向推算資料交付。兩者回答的是不同的問題。」
常見誤解／限制：把兩者混為一談，以為目標設定多少，使用者就一定能獲得多少。實際上會受最大功率限制或干擾影響。
因果銜接：「我們算出了所有的資料與能量，但不是所有的時間點都能隨便加總。要進入窗口累積，必須符合特定的『有效狀態』。因此我們得定義過濾條件。」",True,126c5ca759c40f1ff0f85f58a0254d1b93e32ee61c89d37c1771f58d08604761,6dc482df6c3c23c0a469bf5223f9862a6de2edd70d67dc09a23b87726f98b63c,b8b72556c581664d82e4aed327b5cb7d2c198658be01e447c368cd1ea9f37680,只有標題,,ppt/slideLayouts/slideLayout5.xml,ppt/slideMasters/slideMaster1.xml,10,8,"{""AUTO_SHAPE"": 2, ""PLACEHOLDER"": 1, ""TEXT_BOX"": 7}",1,image/png,c0ddd286236bc904b53ef552dd4d13d8c5df4013cd825b36356786f3f278b953
e2,/home/u24/papers/beamshift/e2.pptx,60ba796c908387cdfe06c2b82e592bcce3205e2472c42566467bbbd89dcad024,2065216,35,0d3dfdb2b79e65be74c2c7116426a4b5fbe937d51563c8ec804a9d2d29b1857b,有效狀態與 Δt 決定哪些樣本能進窗口,"資料、功率與狀態必須在同一有效窗口內累積。
納入窗口
狀態有效
Δt > 0
進入資料與能量總和
跳過樣本
無效或未完成
非正時間差
不改寫成 0","Slide 19: 有效狀態與 Δt 決定哪些樣本能進窗口
頁面目的：定義資料與能量累積的過濾條件，強調只有有效服務與正時間差的樣本才能計入。
建議口述內容：「在把每秒的數據累積成總量時，我們必須經過一個過濾器。只有當鏈路處於『有效狀態』，而且時間差 Δt 大於 0 時，這些資料和能量才能被加進總帳裡。如果狀態是無效的，或是這是一個尚未完成的步驟，這些樣本就會被跳過，我們不會隨便把它寫成 0 加進去，而是根本不納入計算。」
公式或圖表怎麼說：「公式表示這是一個有條件的加總 (conditional sum)。左邊青色方塊列出了納入窗口的條件：狀態有效且 Δt > 0。右邊橘色方塊則說明會被跳過的情況，特別強調『不改寫成 0』。」
常見誤解／限制：把無效狀態的時間直接當成 0 功耗，拉低了整體的平均能耗，造成錯誤的樂觀估計。
因果銜接：「所有的先備知識都到位了。現在我們回頭看，如果要進行 A/B 比較，評估我們的決策到底有沒有達到節能與維持服務的目標，我們該看哪些數據？接著為您總結所有評估指標。」",True,d0739bd014758235672bf7071aaaa82a4ba317ce289331728d7ea7e6cea51b8b,c3f59c8ff027e49a3d55e6847b6f60dcacbc627c35ebec2dfc84556e99b4fe9c,9eb2ac7da8e468616f5478dc835800f864e9517038a48f53609b9ed78a8e41b2,只有標題,,ppt/slideLayouts/slideLayout5.xml,ppt/slideMasters/slideMaster1.xml,12,10,"{""AUTO_SHAPE"": 2, ""PLACEHOLDER"": 1, ""TEXT_BOX"": 9}",1,image/png,76dd31c2b762af6e37d52cd7d9adc0df1f057a75fb5e9eb94ed2ab1a0b598a2c
e2,/home/u24/papers/beamshift/e2.pptx,60ba796c908387cdfe06c2b82e592bcce3205e2472c42566467bbbd89dcad024,2065216,36,a8c2af7bf79828803e8e38764980630b9aa1097418852482a8516fade6c178c2,A／B 比較：用四組欄位判斷服務與節能,"只有把交付資料、鏈路品質、總能量與狀態對齊，才能判斷哪個選擇較符合服務與節能目標。
A｜提高 RF 輸出
品質可能上升
PA 取電增加
B｜換波束／換衛星或較低速率
服務集合／資料率改變
同窗記錄能量與品質
交付資料
窗口累積資料 [Mbit]
鏈路品質
SINR／低品質比例
總能量
窗口能量 [J]
狀態欄位
服務／有效／Δt","Slide 20: A／B 比較：用四組欄位判斷服務與節能
頁面目的：整合全章觀念，提出進行 A/B 決策比較的系統化檢查表。
建議口述內容：「當我們要比較決策 A (例如提高 RF 輸出) 與決策 B (例如換波束) 時，我們必須同時檢視四個維度。第一是交付的累積資料，第二是鏈路品質的變化，第三是窗口消耗的總能量，最後是狀態欄位有沒有對齊。只有這四組欄位都攤在同一個有效窗口下，我們才能客觀判斷哪個選擇更聰明。」
公式或圖表怎麼說：「上半部回顧了兩種不同的決策方向 A 與 B。下半部則列出了進行比較時不可或缺的四組欄位：交付資料、鏈路品質、總能量以及狀態欄位。這就是我們評估系統效能的儀表板。」
常見誤解／限制：只看能量下降就宣稱節能，忽略了可能是因為斷線 (無效狀態) 導致的。
因果銜接：「既然要看這四個維度，那我們最後的判斷準則到底是什麼？什麼情況下我們才敢說這是一個『好的節能策略』？有了評估指標後，我們就能給出最終的判斷準則。」",True,cc9f96705a5446d8c093d01467782c80b23cb22d950f3a1caf47b62793d352a7,f74c56a6dc65287cafde516895faf8f571f2f4290b99787dbd95920d04b027fc,aa22691f4a54c4a524d98485696750d0d795bf0468299358fda706e81b50238c,只有標題,,ppt/slideLayouts/slideLayout5.xml,ppt/slideMasters/slideMaster1.xml,24,16,"{""AUTO_SHAPE"": 7, ""LINE"": 1, ""PLACEHOLDER"": 1, ""TEXT_BOX"": 15}",0,,
e2,/home/u24/papers/beamshift/e2.pptx,60ba796c908387cdfe06c2b82e592bcce3205e2472c42566467bbbd89dcad024,2065216,37,5d38ef319a54cca72be8776140ac5fde2a997b21dadf3e126dbd28f8115e9263,同一窗口的選擇：資料與品質可比，節能才有意義,"能量下降只有在交付資料與鏈路品質仍維持可比時，才值得採用。
可以接受
同一服務窗口
資料可比、品質可比
總能量較低
不能直接接受
少了能量但資料下降
或品質明顯退化
不能稱為節能成效
最後判準
同一服務窗口內，交付資料與鏈路品質仍可比，且總能量下降，才算值得。","Slide 21: 同一窗口的選擇：資料與品質可比，節能才有意義
頁面目的：給出最終的業務與物理判斷準則，強調節能不能以犧牲交付資料與服務品質為代價。
建議口述內容：「最後要建立一項判準：節能不能靠減少服務來達成。如果能量下降是因為交付資料變少，或品質明顯退化，就不能直接稱為節能成效。只有在同一個服務窗口內，交付資料與鏈路品質維持可比的前提下，總能量減少才是有意義的節能結果。」
公式或圖表怎麼說：「左側青色方塊標示可以接受的條件：同窗、資料可比、品質可比、能量較低。右側橘色方塊是不能直接接受的反例。最下方用紫色方塊總結判準，作為實際操作時的判讀原則。」
常見誤解／限制：誤以為絕對耗能最低的就是最佳解。
因果銜接：「有了這個判斷準則與完整的功率能量帳本，就能透過實際操作檢查資料、品質與能量是否真的同時改善。」",True,073b8a8693860c748eb9866fdd68ab765c7c7363500304a74fde674a87bcec92,87f5da79abaf1f6849e8a55ac04032ba0aff84692b0132a13bed1d7cb37fc554,bd776db7e222040922751c60695aee422f5d017678cf181fe9a6635130033b3e,只有標題,,ppt/slideLayouts/slideLayout5.xml,ppt/slideMasters/slideMaster1.xml,17,12,"{""AUTO_SHAPE"": 4, ""LINE"": 1, ""PLACEHOLDER"": 1, ""TEXT_BOX"": 11}",0,,
e2,/home/u24/papers/beamshift/e2.pptx,60ba796c908387cdfe06c2b82e592bcce3205e2472c42566467bbbd89dcad024,2065216,38,7ce8c5e1bf4a805dc33057d4faa9fa054f0f4553afb3f7e0538cc790f821309e,服務窗口裡，控制改變如何傳到讀值？,"服務窗口已建立；現在沿一條正在服務的連線追問：
具體問題
每次只調整一項，哪個中間量先變？
它如何帶動功率、品質或資料讀值？
每筆結果回指控制、窗口、狀態。
每次調整一項
先找中間量
再讀實際結果
因果重點｜先找中間量，再讀結果；不要把結果倒過來當成原因。","頁面 1: 服務窗口裡，控制改變如何傳到讀值？
頁面目的：確立操作與讀值的基本方法（每次調整一項，先找中間量，再看結果）。
建議口述內容：服務窗口已建立。接下來我們要追問，當我們在左側介面改變控制時，這個改變是如何傳遞到右側讀值的？我們的原則是每次只調整一項，然後不要急著看最終結果，先看哪個中間量跟著變了。
公式或圖表怎麼說：指出畫面的流程圖，從控制（每次調整一項）箭頭指向中間量，最後再指向結果。
常見誤解／限制：容易把最終讀出來的結果直接當成原因，忽略了中間物理量的變化。
與下一個觀念的因果銜接：知道了要找中間量，接下來我們就來把控制到結果的完整因果鏈展開。",True,a2db98b4e1725f098a8bf25c4e9fa10cffec1f9c5dec09b2ef261eeb75286eff,00a75ac074d20bc438bf9d75a917e5350ad1f818a2efbd2ce4f9d200fcd49539,0821bb029f76be2c079a45205afc16fbb44aa575dd1d151e519ba58afd41409b,只有標題,,ppt/slideLayouts/slideLayout5.xml,ppt/slideMasters/slideMaster1.xml,19,8,"{""AUTO_SHAPE"": 5, ""LINE"": 6, ""PLACEHOLDER"": 1, ""TEXT_BOX"": 7}",0,,
e2,/home/u24/papers/beamshift/e2.pptx,60ba796c908387cdfe06c2b82e592bcce3205e2472c42566467bbbd89dcad024,2065216,39,1afc282a49b71d3ad6bf6493187d1cd04b02d3192834585d413223b393ca46f4,完整因果鏈：從控制到可觀察結果,"沿同一條路徑讀：控制 → 狀態 → 中間量 → 欄位 → 解釋。
控制
發射功率
頻寬、重用
能源旋鈕
狀態
服務集合
干擾與雜訊
事件與窗口
中間量
RF、PA、總功率
SINR 與負載
事件能量
欄位與解釋
吞吐量、耗能
狀態與範圍
差異可回指
因果重點｜每筆結果都要能回指到改動的控制與同一個觀察窗口。","頁面 2: 完整因果鏈：從控制到可觀察結果
頁面目的：展示從控制、狀態、中間量到結果的完整因果對應關係。
建議口述內容：這是一條完整的因果鏈。從最左邊的控制（比如發射功率、頻寬、能源旋鈕），會先影響到窗口內的狀態與中間量（比如總功率、SINR、事件能量），最後才會反映在我們看到的吞吐量與總耗能上。每筆結果都要能回指到是哪個控制改動，以及是在哪個觀察窗口內發生的。
公式或圖表怎麼說：帶領聽眾由左至右看四個欄位，強調箭頭的傳遞方向。
常見誤解／限制：誤以為控制可以直接跳過狀態與中間量決定最終結果，忽略窗口與服務狀態的影響。
與下一個觀念的因果銜接：既然所有改變都發生在窗口內，我們需要先弄清楚系統裡的兩種窗口與重置按鈕有什麼不同。",True,0ebd3377cdec7d81e8cceb319839a944c389d1b91962f19d5645e14658b7be00,b53eb01ec6eebb5b48363369ee3cf2efbfffb4e1fa5b7c8d3b55d9cb5ea5eb61,289375edeb3f2a0cb6a74f710d0790def8ffadd49207d91e74c84e1ebcee4f85,只有標題,,ppt/slideLayouts/slideLayout5.xml,ppt/slideMasters/slideMaster1.xml,19,11,"{""AUTO_SHAPE"": 8, ""PLACEHOLDER"": 1, ""TEXT_BOX"": 10}",0,,
e2,/home/u24/papers/beamshift/e2.pptx,60ba796c908387cdfe06c2b82e592bcce3205e2472c42566467bbbd89dcad024,2065216,40,3452fc879af4f5f24a19f91c14c500b7573fb75dd46f4e7a37e8f3f0d7c69816,兩個窗口與兩種按鈕語義,"兩個窗口各有邊界；兩個按鈕也各自改不同的對象。
重新開始量測
清除並重新基準化單一連線窗口與標準窗口。
保留所有旋鈕、場景、播放與模擬時間。
新的讀值不混入上一筆窗口。
恢復能源參數預設
可調整功率放大器效率、電路功率、每次換手耗能。
隨即開始新的單一連線帳本窗口。
標準窗口與它各自維持；兩個狀態不合併。
因果重點｜重新開始量測：兩窗口重基準；恢復能源參數預設：開新帳本。","頁面 3: 兩個窗口與兩種按鈕語義
頁面目的：釐清「重新開始量測」與「恢復能源參數預設」兩個按鈕的不同語意。
建議口述內容：要進行量測，我們必須了解兩個重新開始的按鈕。按下「重新開始量測」，會清除並重新基準化單一連線窗口，但不改變你調好的旋鈕；而「恢復能源參數預設」則會把能源參數調回預設值，並立刻開啟一個新的帳本窗口。
公式或圖表怎麼說：比較左右兩塊面板的文字，點出兩者的核心差異。
常見誤解／限制：以為按了任何一個按鈕就會把所有場景跟參數清空，其實它們只重置對應的觀察窗口與部分參數。
與下一個觀念的因果銜接：清楚了重置窗口的方法，我們來看看實際的控制介面在哪裡。",True,c150492d1bbee9df733d6de2b4ae1c703cfe22570619d9ec1cb2e9f0a8945eee,a49ac0388cfcf9174ac8c9ad5b213b35f8d65fe0828e830731e50b6cd91b2e1e,1e824e98368bfe2d06002969e86d1068ceb81e14fa3a9de6deb491cd44b90442,只有標題,,ppt/slideLayouts/slideLayout5.xml,ppt/slideMasters/slideMaster1.xml,10,7,"{""AUTO_SHAPE"": 3, ""PLACEHOLDER"": 1, ""TEXT_BOX"": 6}",0,,
e2,/home/u24/papers/beamshift/e2.pptx,60ba796c908387cdfe06c2b82e592bcce3205e2472c42566467bbbd89dcad024,2065216,41,044f522e21f8d9f4fc50363114a66c3891a512cc583aeec5cbaca90342834b0a,控制在哪裡：左側分頁與操作按鈕,"左側是操作面：先選分頁，再改控制；按鈕各有自己的作用。
操作路徑
SINR 分頁：衛星發射功率、頻道頻寬、頻率重複使用係數。
EE 分頁：功率放大器效率、電路功率、每次換手耗能。
量測按鈕：重新開始量測；恢復能源參數預設。
場景與播放維持不變；改旋鈕才開新窗口。
畫面直接核對分頁中的控制與按鈕。
因果重點｜先確認分頁與按鈕語義，再開始任何一項比較。","頁面 4: 控制在哪裡：左側分頁與操作按鈕
頁面目的：對應實際介面，說明如何進行控制操作。
建議口述內容：操作的時候，我們先在左側選擇分頁，例如 SINR 分頁或 EE 分頁，然後在裡面調整旋鈕，接著按下剛才說的量測按鈕。要注意，改旋鈕本身會開啟新窗口，但場景與播放時間是不變的。
公式或圖表怎麼說：引導目光到畫面截圖上的分頁與按鈕，說明先確認分頁與按鈕語意，再開始操作。
常見誤解／限制：忘記在切換參數時按鈕，導致新舊參數的數據混在同一個窗口裡。
與下一個觀念的因果銜接：知道了控制在哪裡，接下來要確認去哪裡看讀值。",True,0f2b1856701dd3d52e5120314ea8459c3d364cd9df585c2825c5046a22a4aa13,46982a61f0c9dd8a377a64f9d3712425b6b090bda0d194a7586814f30953ffb1,e391b4c282efe4b39f45b7f9351e8795ebdbf989fa639158ea6fd87404b50146,只有標題,,ppt/slideLayouts/slideLayout5.xml,ppt/slideMasters/slideMaster1.xml,10,6,"{""AUTO_SHAPE"": 3, ""PICTURE"": 1, ""PLACEHOLDER"": 1, ""TEXT_BOX"": 5}",1,image/png,dccad4e646b80a489ad823418dcbcc2a3133407a638e8d27531d15c12809fce6
e2,/home/u24/papers/beamshift/e2.pptx,60ba796c908387cdfe06c2b82e592bcce3205e2472c42566467bbbd89dcad024,2065216,42,2cc27194a23cf1860bd511b8ba77f5afe28dc6047df6de6d09e3bb261afe2853,讀值在哪裡：右側明細與狀態,"右側是讀值面：只讀現有欄位；破折號代表未取得，不補成推算數。
逐筆明細
無線電發射功率、PA 輸入功率
電路功率與總功率；保留畫面單位
窗口與狀態
已累積時間、資料與總耗能
波束負載 U、即時 SINR、狀態
總功率：逐筆讀值列
單一連線吞吐量：逐筆讀值列
因果重點｜先記欄位名稱、單位、範圍、狀態與窗口，再談方向。","頁面 5: 讀值在哪裡：右側明細與狀態
頁面目的：對應實際介面，說明如何正確讀取狀態與結果。
建議口述內容：右側明細提供了我們需要的讀值。我們只看現有的欄位，包括逐筆的功率讀值與狀態、窗口累積的時間與資料量。如果有破折號，代表那個狀態下未取得數據，我們不要自己去推算。
公式或圖表怎麼說：指出畫面截圖中的總功率列與吞吐量列，提醒留意欄位名稱、單位與狀態。
常見誤解／限制：看到沒有數值的破折號時，以為是系統當機或試圖自行補上預期數值。
與下一個觀念的因果銜接：掌握了控制與讀值的位置，我們現在進入第一個實驗（T1），來核對最基礎的功率鏈。",True,868134f52aa592ca252c3bb8fe06ef7554632d94bfdfddec7122e5a6236bca02,559171f23a650711f3631c27ade7f57c743f6c54cfc7d0f2847f9c24ce4fd315,1f23821f752cf928b0886ce6633b55a3124052948c716430686f09efb53eaf66,只有標題,,ppt/slideLayouts/slideLayout5.xml,ppt/slideMasters/slideMaster1.xml,16,9,"{""AUTO_SHAPE"": 5, ""PICTURE"": 2, ""PLACEHOLDER"": 1, ""TEXT_BOX"": 8}",2,image/png,81f12df0dd1f288832259cf2787de99bcaa4f0de61e77cc96229d504c3473ad7;c737119a0acad262412107319dad7b3b1bcb5ead3d3859f6bedcaa3ca330cfc0
e2,/home/u24/papers/beamshift/e2.pptx,60ba796c908387cdfe06c2b82e592bcce3205e2472c42566467bbbd89dcad024,2065216,43,642663e677a56670da896d1d59816b3191d28440edb027cf29386e035678c6bc,T1｜為什麼先核對功率鏈？,"T1｜直接問題：總功率讀值能否回指到功率鏈？
目的與假說
無線電發射功率先換成 PA 輸入功率。
電路項在最後加入。
調整電路功率時，先變的是電路讀值。
功率鏈公式
每列都用畫面實際值核對。
因果重點｜先驗證加總邊界，才知道哪一列是原因、哪一列是結果。","頁面 6: T1｜為什麼先核對功率鏈？
頁面目的：介紹 T1 實驗目的與預測，確認總功率是否能回指功率鏈。
建議口述內容：T1 實驗要問的是，總功率讀值是否真的照著物理定律，由功率鏈一層層加上去？我們的假說是，無線電發射功率會先轉換成 PA 輸入功率，最後才加上電路功率。如果我們調整電路功率，應該只有電路讀值會先改變。
公式或圖表怎麼說：指著右側的功率鏈公式，解釋 RF 功率、PA 功率和總功率的加總關係，並說明每一列都要用畫面實際數值來核對。
常見誤解／限制：以為介面顯示的總功率就是單一硬體的發射功率，忽略了放大器效率跟電路耗能。
與下一個觀念的因果銜接：有了這個預測，我們來看具體的操作步驟。",True,0fe1d3f05aff841ccbfed5b94dc2f35ae4ba806bab6d1587a6c8e1b380234956,4a30b888ca0a5b90b18ac4abacd7ed96fad1304174ccaeff28909424432fe13f,9625d844fe0186030656ba61585fd0cb0892051cba3c7d6333a3780e702462da,只有標題,,ppt/slideLayouts/slideLayout5.xml,ppt/slideMasters/slideMaster1.xml,10,7,"{""AUTO_SHAPE"": 3, ""PLACEHOLDER"": 1, ""TEXT_BOX"": 6}",1,image/png,aef5dff52a2e2001b6d6727adaf0b34301e4e51dbbfcaacf63c0ae36865071a4
e2,/home/u24/papers/beamshift/e2.pptx,60ba796c908387cdfe06c2b82e592bcce3205e2472c42566467bbbd89dcad024,2065216,44,b3286824e55f2ecfff4103fafb1299129a2269e4b72fbaa26e6550df8e28c809,T1｜操作：調整電路功率，找中間量,"T1｜操作與預測：只改一項，沿功率鏈找先變的列。
操作順序
1
先記窗口｜記畫面值
2
調整電路功率｜其餘控制不變
3
讀功率列｜無線電、PA
4
補結果列｜電路、總功率
控制值以當下畫面為準。
因果重點｜預測說明中間量如何接上結果；方向留給同一窗口。","頁面 7: T1｜操作：調整電路功率，找中間量
頁面目的：說明 T1 的操作步驟，強調控制單一變因。
建議口述內容：操作順序很簡單。第一步，先記下當前畫面的窗口；第二步，只調整電路功率，其他都不動；第三步，讀取無線電發射功率與 PA 輸入；第四步，補上電路與總功率的結果列。
公式或圖表怎麼說：照著 1 到 4 的步驟講解，並指引截圖中電路功率的位置，強調控制值以當下畫面為準。
常見誤解／限制：一次調了多個旋鈕，導致無法分辨哪個變數影響了結果。
與下一個觀念的因果銜接：知道了步驟，接下來我們拿空白表格來記錄。",True,5d8c639eabf93a8b8e67ecc89aee9e85f75984d743b80375d651295b7b584961,d5e40f56bff97f673362e5dac07a99eff5770b3d893b7d946a530b5cad6e93b5,99e02ec143d8f0ee082c19845805c9adf16867af1e5ab358a448c1cd2c4c8a26,只有標題,,ppt/slideLayouts/slideLayout5.xml,ppt/slideMasters/slideMaster1.xml,21,13,"{""AUTO_SHAPE"": 7, ""PICTURE"": 1, ""PLACEHOLDER"": 1, ""TEXT_BOX"": 12}",1,image/png,dccad4e646b80a489ad823418dcbcc2a3133407a638e8d27531d15c12809fce6
e2,/home/u24/papers/beamshift/e2.pptx,60ba796c908387cdfe06c2b82e592bcce3205e2472c42566467bbbd89dcad024,2065216,45,66cc07f24f8d798dc73abcca089f38544c4db789c2bd6f088e1848c7b075d239,T1｜空白觀察表：控制與窗口,"空格可以填入實際觀測結果
條件
衛星發射功率
dBm
功率放大器效率
已累積時間
s
基準
調整電路功率
先記控制值與窗口身份；無效欄保留破折號與狀態。
控制差異：只改電路功率
窗口：按重新開始量測
因果重點｜先保存條件與窗口身份，再讀功率結果。","頁面 8: T1｜空白觀察表：控制與窗口
頁面目的：提供 T1 的空白觀察表，準備記錄控制條件與窗口。
建議口述內容：我們先記下控制條件與窗口身份。空格可以填入實際觀測結果。我們要確保只改了電路功率，並且按了重新開始量測來記錄。
公式或圖表怎麼說：指著表格第一列與第二列，說明如何填入當時的控制與已累積時間。
常見誤解／限制：急著記錄功率，忘記先確認窗口時間是不是對齊的。
與下一個觀念的因果銜接：記錄完條件後，我們來看看實際會讀到什麼數值。",True,0ff0f3b5eab9574ae94b2d835af9aedf87c13d3bb6060795039df29c93820142,a4a4c519582a45381a5fae7953fc8b28a0ef69f6a3be411c5377d14f6aa821f3,6b3c6a091adba6727207745a88d4e5d079a4c37ff78254ce68a2d3c69852be78,只有標題,,ppt/slideLayouts/slideLayout5.xml,ppt/slideMasters/slideMaster1.xml,21,12,"{""AUTO_SHAPE"": 4, ""LINE"": 5, ""PLACEHOLDER"": 1, ""TEXT_BOX"": 11}",0,,
e2,/home/u24/papers/beamshift/e2.pptx,60ba796c908387cdfe06c2b82e592bcce3205e2472c42566467bbbd89dcad024,2065216,46,44eb28411ab39ea12d2000bb670801f2aed4bbc7bb120df96291648498345233,T1｜實際數值：控制與窗口,"程式可重算實值｜固定窗口 2 s；實際窗口可能不同。
條件
衛星發射功率
dBm
功率放大器效率
已累積時間
s
基準
24
0.35
2
調整電路功率
24
0.35
2
調整功率放大器效率
24
0.70
2
調整衛星發射功率
30
0.35
2
因果重點｜實值頁先確認控制差異真的只有一項。","頁面 9: T1｜實際數值：控制與窗口
頁面目的：展示 T1 第一部分（條件與窗口）的實際觀測數值。
建議口述內容：這裡展示了程式實際跑出來的數值。你可以看到，我們固定了衛星發射功率在 24 dBm，PA 效率在 0.35 或 0.70，並確認每列的累積時間都在 2 秒。這保證了控制差異只有一項。
公式或圖表怎麼說：帶著聽眾逐列對比，指出哪些欄位是保持不變的基準，哪些是我們調整的控制變因。
常見誤解／限制：實際窗口時間可能會依操作速度而略有不同，必須以當下讀到的為準。
與下一個觀念的因果銜接：條件對齊了，我們來解讀這個控制與窗口的差異代表什麼。",True,b45b3203a0e27f0d9e609391588a42a0efca6247ddebbd7461b17f8213ad4b40,751e54644fa3a6f1118f8e78627e6df2d9de67eb39688a818609936d61e4b8f6,6d8db962d8d7f0a6a490e24bd08b2b8c696009112dfd5b6f1120a87c1b2c2e97,只有標題,,ppt/slideLayouts/slideLayout5.xml,ppt/slideMasters/slideMaster1.xml,32,23,"{""AUTO_SHAPE"": 2, ""LINE"": 7, ""PLACEHOLDER"": 1, ""TEXT_BOX"": 22}",0,,
e2,/home/u24/papers/beamshift/e2.pptx,60ba796c908387cdfe06c2b82e592bcce3205e2472c42566467bbbd89dcad024,2065216,47,a9fec19d81c1e438dc5d3d8aaa5ca8298ed90d8c535db3da0a1a75ab760eaec3,T1｜解讀：控制與窗口先對齊,"T1｜解讀：先比對不變欄，再追第一個變動的中間量。
控制差異
基準 → 調整電路功率：3→4 W。
衛星發射功率、功率放大器效率、窗口時間不變。
第一個變動是電路功率；它只會向總功率加 1 W。
可支持的判讀
各列同為 2 s 且重新開始量測，才可比較差額。
若時間、服務狀態或窗口不同，不能歸因給旋鈕。
這組數值支持局部功率鏈，不支持場景速率因果。
因果重點｜把控制差異與窗口先對齊，才有資格解讀功率結果。","頁面 10: T1｜解讀：控制與窗口先對齊
頁面目的：解讀 T1 第一部分的條件，確認具有比較資格。
建議口述內容：我們來解讀剛才記下的差異。基準到調整電路功率時，只有電路功率從 3 變成 4 W，其他都不變。這告訴我們，各列必須在同為 2 秒且重新量測的情況下，才可以比較差額。
公式或圖表怎麼說：指著左側的差異與右側的可支持判讀，強調時間、服務狀態或窗口不同就不能歸因給旋鈕。
常見誤解／限制：以為不對齊窗口也能直接相減。這組數值只支持局部功率鏈的比較，還不能推論到場景速率。
與下一個觀念的因果銜接：確立了比較資格，現在我們繼續填寫後面的功率讀值表。",True,2edaf478accd2a2184cc1ed2b2ceea69bce33cdcbca345ada575d8035fcf4362,596a8a74044fcfa6b4e7b870c6935096d5f77cfbc7b4ed8e46bd80328acb3af6,dda04053a12458b08310d3b11fdd6a5fdf56c1e62a449ddb0e07259d6356dae8,只有標題,,ppt/slideLayouts/slideLayout5.xml,ppt/slideMasters/slideMaster1.xml,10,7,"{""AUTO_SHAPE"": 3, ""PLACEHOLDER"": 1, ""TEXT_BOX"": 6}",0,,
e2,/home/u24/papers/beamshift/e2.pptx,60ba796c908387cdfe06c2b82e592bcce3205e2472c42566467bbbd89dcad024,2065216,48,8b751347739b5f92d4ece88a8cc77dad65fc6e0992c84fb2d37943d2661444df,T1｜空白觀察表：功率讀值,"空格可以填入實際觀測結果
條件
電路功率
W
無線電發射功率
W
PA 輸入功率
W
總功率
W
基準
調整電路功率
因果重點｜同一窗口的功率列，才足以核對加總邊界。","頁面 11: T1｜空白觀察表：功率讀值
頁面目的：提供 T1 的空白觀察表，準備記錄功率讀值。
建議口述內容：有了正確的比較條件，現在我們要來讀取功率。空格可以填入實際觀測結果。請依照公式，把電路、RF、PA 輸入與總功率分別填上。
公式或圖表怎麼說：指著下方的單行加總公式，說明表格的欄位是為了核對這個加總邊界。
常見誤解／限制：忽略了必須是同一個窗口的讀值才能放進同一列。
與下一個觀念的因果銜接：填好表後，我們來看實際的功率數據是如何變化的。",True,852de2eeac43a2e0d1683ae8cc114c08c30e80d4f884280eed9613ca28264641,efcf14b7a4bb9da1569991ae7e0ccd4a383b62bb6d699865ce93c6aef4f6530c,615e89a9d71cf8294f98946c3c868ac2c3ec8ba04a2ba9450c1f3d892edb3893,只有標題,,ppt/slideLayouts/slideLayout5.xml,ppt/slideMasters/slideMaster1.xml,18,10,"{""AUTO_SHAPE"": 2, ""LINE"": 6, ""PLACEHOLDER"": 1, ""TEXT_BOX"": 9}",1,image/png,3f7bae6c72c501719f291649c2b5ffa91bbd36d2cae95da790471b78e3e7f03f
e2,/home/u24/papers/beamshift/e2.pptx,60ba796c908387cdfe06c2b82e592bcce3205e2472c42566467bbbd89dcad024,2065216,49,fc0a94665b8f166bea778ffe1db12e919e4cfc01300ce0eae2d835156a407b8d,T1｜實際數值：功率讀值,"程式可重算實值｜四列均為 W；實際窗口可能不同。
條件
電路功率
W
無線電發射功率
W
PA 輸入功率
W
總功率
W
基準
3.000000
0.251189
0.717682
3.717682
調整電路功率
4.000000
0.251189
0.717682
4.717682
調整功率放大器效率
3.000000
0.251189
0.358841
3.358841
調整衛星發射功率
3.000000
1.000000
2.857143
5.857143
因果重點｜實際列把 RF、PA、電路與總功率接回同一條鏈。","頁面 12: T1｜實際數值：功率讀值
頁面目的：展示 T1 功率讀值的實際觀測數值。
建議口述內容：這張表是實際跑出來的功率鏈。你可以看到，調整電路功率時，電路功率變成 4，其他 RF 與 PA 都不變，最後總功率就是加上這個 1 W 的差額。調整 PA 效率時，PA 輸入功率改變，總功率也跟著變。
公式或圖表怎麼說：帶領聽眾橫向看數據，證明從電路、RF、PA 輸入到總功率，剛好符合加總關係。
常見誤解／限制：忘記在調整衛星發射功率時，RF 與 PA 會同時改變。
與下一個觀念的因果銜接：數據出來了，我們來總結這些變化是怎麼發生的。",True,0d887452dcd4386a00afe607a13c87e4f7311e9cba38dcb04f82edb549018290,6a43e10b47730b8197cd60a7eebdc37d8047f7edfc650c40a2c23b628601e2ec,4352e0fcd254d83f49cd839969f8c681779d8325b565178fbd78892ae4be8d24,只有標題,,ppt/slideLayouts/slideLayout5.xml,ppt/slideMasters/slideMaster1.xml,38,28,"{""AUTO_SHAPE"": 2, ""LINE"": 8, ""PLACEHOLDER"": 1, ""TEXT_BOX"": 27}",0,,
e2,/home/u24/papers/beamshift/e2.pptx,60ba796c908387cdfe06c2b82e592bcce3205e2472c42566467bbbd89dcad024,2065216,50,4d5ab14f3097c9b9c1017b8aa30e34cb89367db0e599a1eaf2ed3f50ddb0f206,T1｜解讀：總功率從哪裡來？,"T1｜解讀：總功率的第一個變動來自哪一列？
第一個變動
3→4 W：電路功率先變，總功率 3.717682→4.717682 W。
η 0.35→0.70：PA 輸入 0.717682→0.358841 W；RF 不變。
24→30 dBm：RF 0.251189→1.000000 W，PA 與總功率跟著上升。
這組數值支持什麼
支持單一連線功率鏈的局部關係。
總功率不是完整系統功率；場景 SINR 與速率要另讀。
窗口、場景或狀態改變時，必須重新記錄。
因果重點｜先找第一個變動的欄位，再把它接到總功率差額。","頁面 13: T1｜解讀：總功率從哪裡來？
頁面目的：總結 T1，確認總功率的變化源自哪一列中間量。
建議口述內容：所以總功率的第一個變動來自哪裡呢？如果是改電路功率，那就是電路先變；如果是改效率，PA 輸入會先變；如果是改發射功率，RF 會先變。這組數值成功支持了單一連線的功率鏈因果關係。
公式或圖表怎麼說：對照左右兩塊，說明尋找第一個變動欄位的方法，以及如何接到總功率差額。
常見誤解／限制：把總功率當作完整的系統功率，或者以為這也連動了 SINR 與速率（速率要另讀）。
與下一個觀念的因果銜接：了解了功率鏈，接下來我們進入 T2，看看能源旋鈕怎麼影響更長期的耗能。",True,98608ed57f075ce45e0ca2e8b6f6c38c45b9b602863e42f981ce60a40bcb33c6,459774f1375b4deabbf9bd38e6adefe83e43c43a5d4e3d6a4ebe44b8102f7739,dd903101824300a6e4c2a5efb86a8456dc654502da1c1e89acbc6cff39220adf,只有標題,,ppt/slideLayouts/slideLayout5.xml,ppt/slideMasters/slideMaster1.xml,10,7,"{""AUTO_SHAPE"": 3, ""PLACEHOLDER"": 1, ""TEXT_BOX"": 6}",0,,
e2,/home/u24/papers/beamshift/e2.pptx,60ba796c908387cdfe06c2b82e592bcce3205e2472c42566467bbbd89dcad024,2065216,51,e15ec29b641bcd68cdc3cade4931ab4c667ffa6452cf7962e889fbaf5b6eccfd,T2｜為什麼分開調整三個能源參數？,"T2｜直接問題：持續運作功率與換手耗能，是否由同一個控制決定？
目的與假說
功率放大器效率 → PA 輸入功率 → 總功率。
電路功率 → 每一時刻的總功率。
調整每次換手耗能 → 有事件才計能量。
單一連線窗口
總功率時間項＋換手事件能量。
不是標準系統功率效率。
因果重點｜三個旋鈕分開：持續功率與事件能量各走一條路。","頁面 14: T2｜為什麼分開調整三個能源參數？
頁面目的：介紹 T2 實驗目的與預測，探討能源旋鈕的作用路徑。
建議口述內容：T2 要問的是，持續運作功率與換手耗能，這兩者是由同一個控制決定的嗎？我們的假說是，PA 效率與電路功率會影響每一時刻的持續總功率，而「每次換手耗能」只在發生換手事件時才計入總能量。
公式或圖表怎麼說：指著右側的單一連線窗口公式，強調分母包含了總功率隨時間的積分，加上換手事件能量的總和。
常見誤解／限制：把瞬時的總功率跟長期累積的總耗能混為一談。
與下一個觀念的因果銜接：為了驗證這兩條不同路徑，我們看看 T2 該怎麼操作。",True,2412722f1e79e85b651361b7937bc8bbd1243348a73daa6d46cf209d37d6ccd0,fc84e7425c128297c75b48a57700a1a42aa22719500fa6d18d1acf31ae36be85,49f0e4c9f54f79d97871568275863e5454846ebd88147806e43728647a6903de,只有標題,,ppt/slideLayouts/slideLayout5.xml,ppt/slideMasters/slideMaster1.xml,10,7,"{""AUTO_SHAPE"": 3, ""PLACEHOLDER"": 1, ""TEXT_BOX"": 6}",1,image/png,79d64eec8b3c16f12ef635a4f1ba3e3cdebb48d4260d30d101a61d58a1cf512b
e2,/home/u24/papers/beamshift/e2.pptx,60ba796c908387cdfe06c2b82e592bcce3205e2472c42566467bbbd89dcad024,2065216,52,f7e28c7f63b709ce4e76ca8762bfdaaac5b41d4028ce5d735f9c37b870c91442,T2｜操作：先建立基準，再改一個旋鈕,"T2｜操作與預測：先建立基準，再一次只調整一個能源旋鈕。
1｜建立基準
記畫面值
按「重新開始量測」
2｜調整功率放大器效率
只改這一項
記 PA 輸入功率
3｜調整電路功率
回到基準
只改電路功率
4｜調整每次換手耗能
回到基準
只改每次換手耗能
因果重點｜每次回到基準並開新窗口，才能辨認旋鈕的作用。","頁面 15: T2｜操作：先建立基準，再改一個旋鈕
頁面目的：說明 T2 的操作步驟，強調分開調整。
建議口述內容：我們要先建立基準，然後一次只調整一個能源旋鈕。步驟是：先建基準，接著改 PA 效率；回到基準後，再改電路功率；最後回到基準，改每次換手耗能。
公式或圖表怎麼說：逐一指出四個面板，強調每次改動前都要「回到基準」並開新窗口。
常見誤解／限制：連續調整旋鈕而不重置基準，導致無法辨認單一旋鈕的作用。
與下一個觀念的因果銜接：具體在畫面上，我們該怎麼看這些參數呢？",True,544177ca3918303d0d84503ab3e2774fc68113d43ab8e83ef610daa4212343c9,2439e64da93ab4c61acee57ca90b1e8d34de720d768cdfe13e3accc433dd0f17,6fdca006d02d20ec1c2224a1889241b9dbb60a186d7c89654ceff7f32f2d2d36,只有標題,,ppt/slideLayouts/slideLayout5.xml,ppt/slideMasters/slideMaster1.xml,16,11,"{""AUTO_SHAPE"": 5, ""PLACEHOLDER"": 1, ""TEXT_BOX"": 10}",0,,
e2,/home/u24/papers/beamshift/e2.pptx,60ba796c908387cdfe06c2b82e592bcce3205e2472c42566467bbbd89dcad024,2065216,53,d2a2da59d531340e1e8e0bfc44480bc6d740a120b1d12ca1ec10bc24fe8c5c4c,T2｜操作：讀畫面，確認當下控制值,"T2｜操作與預測：先讀畫面控制值，再開始同一個量測窗口。
操作順序
1｜選 EE 分頁。
2｜讀功率放大器效率、電路功率、每次換手耗能。
3｜只改一項；按重新開始量測。
4｜把畫面值寫入同一窗口。
畫面標籤：功率放大器效率／電路功率／每次換手耗能
因果重點｜控制值以當下畫面為準；預測不代替實際觀測。","頁面 16: T2｜操作：讀畫面，確認當下控制值
頁面目的：補充 T2 操作，確認畫面控制值與窗口對應。
建議口述內容：在操作時，先選到 EE 分頁，讀取目前的效率、電路與換手耗能數值。只改一項後按下重新開始量測，然後把當下的畫面值寫進窗口紀錄。預測不能代替實際觀測，必須以畫面為準。
公式或圖表怎麼說：指引截圖上的三個調整桿與標籤位置。
常見誤解／限制：憑記憶填寫控制值，而不是看當下畫面的真實讀值。
與下一個觀念的因果銜接：確認了操作方式，我們拿出空白表格來記錄持續運作功率。",True,3f69177d1e3f92726952015fe755bcae873e32a9cdc2620649a7d8db8124875f,d276998e9398429b779f3703d3567fe2c90f46919c72b555fc854d5cd2cc4100,94ea13c97692d7518dcb18c1b91edaa60583c9e6195ff7fb229548a4cb6f2662,只有標題,,ppt/slideLayouts/slideLayout5.xml,ppt/slideMasters/slideMaster1.xml,10,6,"{""AUTO_SHAPE"": 3, ""PICTURE"": 1, ""PLACEHOLDER"": 1, ""TEXT_BOX"": 5}",1,image/png,dccad4e646b80a489ad823418dcbcc2a3133407a638e8d27531d15c12809fce6
e2,/home/u24/papers/beamshift/e2.pptx,60ba796c908387cdfe06c2b82e592bcce3205e2472c42566467bbbd89dcad024,2065216,54,ac5c7821b96d1c659763d993dd29ea753f83163b254c603abe8e2736b62515bf,T2｜空白觀察表：控制與持續運作功率,"空格可以填入實際觀測結果
條件
功率放大器效率
電路功率
W
每次換手耗能
J
PA 輸入功率
W
總功率
W
基準
調整功率放大器效率
調整電路功率
調整每次換手耗能
因果重點｜控制表記旋鈕設定；功率讀值仍取自當下窗口。","頁面 17: T2｜空白觀察表：控制與持續運作功率
頁面目的：提供 T2 第一部分的空白觀察表，記錄控制與持續運作功率。
建議口述內容：我們準備好表格。空格可以填入實際觀測結果。我們要記錄在不同條件下，PA 輸入與總功率這兩個持續運作功率的讀值。
公式或圖表怎麼說：指引表格的欄位，提醒控制表記錄旋鈕設定，但功率仍要取自當下窗口。
常見誤解／限制：提早把事件耗能算進總功率裡。
與下一個觀念的因果銜接：填完後，我們來看這部分的實際讀值。",True,b7e1790ec92f786e17fed08a1021efb3817a9146b22ddf72839ed7603a81a9dd,a93c5b65e779189b9e17624c249713395db0c0dcb37bce2605ab9564349c1347,52ebaf9a4f9ce87507c07b80141817617e5cb644d29fa0926975353e97e1b447,只有標題,,ppt/slideLayouts/slideLayout5.xml,ppt/slideMasters/slideMaster1.xml,24,13,"{""AUTO_SHAPE"": 2, ""LINE"": 9, ""PLACEHOLDER"": 1, ""TEXT_BOX"": 12}",0,,
e2,/home/u24/papers/beamshift/e2.pptx,60ba796c908387cdfe06c2b82e592bcce3205e2472c42566467bbbd89dcad024,2065216,55,696baccac047ded8f45e01b32041021a5f4d05e3c94187851fc1669b7f2ca053,T2｜實際數值：控制與持續運作功率,"程式可重算實值｜固定衛星發射功率 24 dBm；實際窗口可能不同。
條件
功率放大器效率
電路功率
W
每次換手耗能
J
PA 輸入功率
W
總功率
W
基準
0.35
3
3
0.717682
3.717682
調整功率放大器效率
0.70
3
3
0.358841
3.358841
調整電路功率
0.35
12
3
0.717682
12.717682
調整每次換手耗能
0.35
3
100
0.717682
3.717682
因果重點｜功率欄先把持續運作路徑與事件成本分開。","頁面 18: T2｜實際數值：控制與持續運作功率
頁面目的：展示 T2 持續運作功率的實際觀測數值。
建議口述內容：這是實際跑出來的數值。你會發現，調整 PA 效率與電路功率時，PA 輸入或總功率發生了改變。但是，當我們調整「每次換手耗能」為 100 J 時，PA 輸入跟瞬時總功率跟基準是一模一樣的。
公式或圖表怎麼說：引導聽眾對比最後一列（調整每次換手耗能）的總功率與基準的總功率，強調它們完全相同。
常見誤解／限制：以為只要調了跟能源有關的旋鈕，瞬時總功率就一定會變。
與下一個觀念的因果銜接：既然總功率沒變，那這個換手耗能到底影響了什麼？我們來解讀。",True,6bc9592deb69f012c80fff154786410c421d8a9e112474591a972bdb3d520270,3ad36a767287dc276b875505a3d31949c239bc42ca384fff03c0e6a48eb04683,08ed3d61dcea78bfa498e9abc408a4b52ffefc3be859d19886701b7c3af1bcc2,只有標題,,ppt/slideLayouts/slideLayout5.xml,ppt/slideMasters/slideMaster1.xml,44,33,"{""AUTO_SHAPE"": 2, ""LINE"": 9, ""PLACEHOLDER"": 1, ""TEXT_BOX"": 32}",0,,
e2,/home/u24/papers/beamshift/e2.pptx,60ba796c908387cdfe06c2b82e592bcce3205e2472c42566467bbbd89dcad024,2065216,56,07de2ef0e57b5f85d365e9eafed11cfacef996f34ebe0147175130d7b71038ae,T2｜解讀：持續運作功率先看哪一列？,"T2｜解讀：先看持續運作功率，再看事件成本。
持續運作功率
η 0.35→0.70：PA 輸入 0.717682→0.358841 W。
電路功率 3→12 W：總功率 3.717682→12.717682 W。
兩個旋鈕都先改持續運作路徑。
事件成本
每次換手耗能 3→100 J：PA 輸入與總功率不變。
只有窗口內發生換手，事件能量才會進總耗能。
這頁支持中間量分流，不宣稱服務品質改善。
因果重點｜同樣是能源旋鈕，持續功率與事件能量必須分欄判讀。","頁面 19: T2｜解讀：持續運作功率先看哪一列？
頁面目的：解讀 T2 第一部分，區分持續功率與事件成本。
建議口述內容：解讀這個現象：PA 效率跟電路功率，是先改變了持續運作路徑上的瞬時總功率。而每次換手耗能，是事件成本。也就是說，只有當窗口內真的發生換手時，這筆能量才會加進去。
公式或圖表怎麼說：分別說明左邊的持續運作功率與右邊的事件成本，強調兩個機制的差異。
常見誤解／限制：以為這三個旋鈕的物理機制是相同的，忽略了時間與事件的前提。
與下一個觀念的因果銜接：為了驗證事件成本，我們需要把窗口拉長，記錄事件耗能。",True,9d5f6baa256f9bab714f1cbdffa337331388ae13c2607b766748a3a75b234fcc,618d44677d75c7284a6f1d49d9fa220764c360e5e5b36e99f061e7f9bde3c0dd,34c3a35846f69b4b5768beb71eed1014b4400e9b7942c4504f8202a70c25ee85,只有標題,,ppt/slideLayouts/slideLayout5.xml,ppt/slideMasters/slideMaster1.xml,10,7,"{""AUTO_SHAPE"": 3, ""PLACEHOLDER"": 1, ""TEXT_BOX"": 6}",0,,
e2,/home/u24/papers/beamshift/e2.pptx,60ba796c908387cdfe06c2b82e592bcce3205e2472c42566467bbbd89dcad024,2065216,57,af349879b5ac5d3ca8e39955e88b1178b24400705bb88a1200c4d27a19721106,T2｜空白觀察表：事件、總耗能與窗口,"空格可以填入實際觀測結果
條件
換手次數
次
換手耗能
J
總耗能
J
整段累積效率
Mbit/J
已累積時間
s
Producer 狀態
基準
調整功率放大器效率
調整電路功率
調整每次換手耗能
因果重點｜換手次數要連同窗口與服務狀態一起讀。","頁面 20: T2｜空白觀察表：事件、總耗能與窗口
頁面目的：提供 T2 第二部分的空白觀察表，記錄事件與總耗能。
建議口述內容：現在我們要來記錄這段時間內發生的事件。空格可以填入實際觀測結果。請觀察這段窗口裡發生了幾次換手、總耗能變成多少，以及最終算出來的累積效率。
公式或圖表怎麼說：指著表格中換手次數與換手耗能的欄位，強調它們要連同窗口與狀態一起讀。
常見誤解／限制：只看總耗能或效率，沒去查證到底發生了幾次換手。
與下一個觀念的因果銜接：記錄完畢後，我們來看加入了事件之後的實際數值。",True,d8b070bed2eb9501316d151be0a6f6e0d9321e47471e7dbf003ebca2869e311b,d2cd1f569e4090b80c42a864a2ce14c7208c08dda253334136d543f20f8d40aa,207571aa6a6c917ed346288455238013a3d1ee38309d55709fd447ae52c32d11,只有標題,,ppt/slideLayouts/slideLayout5.xml,ppt/slideMasters/slideMaster1.xml,26,14,"{""AUTO_SHAPE"": 2, ""LINE"": 10, ""PLACEHOLDER"": 1, ""TEXT_BOX"": 13}",0,,
e2,/home/u24/papers/beamshift/e2.pptx,60ba796c908387cdfe06c2b82e592bcce3205e2472c42566467bbbd89dcad024,2065216,58,e10e0ee27fdc80e7fe7b0ee07da11a5e5744b23e9d935f521e849b437153fc52,T2｜實際數值：事件、總耗能與窗口,"程式可重算實值｜同一 2 s 窗口、一次換手；實際窗口可能不同。
條件
換手次數
次
換手耗能
J
總耗能
J
整段累積效率
Mbit/J
已累積時間
s
Producer 狀態
基準
1
3
10.435364
13.260416
2
有效 VALID
調整功率放大器效率
1
3
9.717682
14.239740
2
有效 VALID
調整電路功率
1
3
28.435364
4.866379
2
有效 VALID
調整每次換手耗能
1
100
107.435364
1.288005
2
有效 VALID
因果重點｜事件欄把換手次數、換手耗能與總耗能接在同一窗口。","頁面 21: T2｜實際數值：事件、總耗能與窗口
頁面目的：展示 T2 事件與總耗能的實際觀測數值。
建議口述內容：這組資料是在 2 秒窗口內發生了一次換手的結果。現在我們看到，第四列調整每次換手耗能為 100 J 時，總耗能飆升到了 107 多焦耳，整段累積效率也大幅下降，這就是事件成本發揮作用的時刻。
公式或圖表怎麼說：帶領聽眾對照換手耗能與總耗能，解釋總耗能是如何因為換手次數為 1 而加上那 100 J。
常見誤解／限制：以為這能代表沒有換手時的情況（如果沒有換手，總耗能就不會因為這個參數增加）。
與下一個觀念的因果銜接：我們來正式解讀這個總耗能的變化機制。",True,d6cbf1fd1b9e03592359152a7611d3ae0b7a6e0a17532989c0d85ad2c99c6b57,dc556c8023bcd4cfccd672c5ad415fadbcdbf12d783f62d9f4fa890021400c48,994b442f6c257dedf1a24e5eae1909c904bb47d60bcdd6ae8f30d17eb2705d3d,只有標題,,ppt/slideLayouts/slideLayout5.xml,ppt/slideMasters/slideMaster1.xml,50,38,"{""AUTO_SHAPE"": 2, ""LINE"": 10, ""PLACEHOLDER"": 1, ""TEXT_BOX"": 37}",0,,
e2,/home/u24/papers/beamshift/e2.pptx,60ba796c908387cdfe06c2b82e592bcce3205e2472c42566467bbbd89dcad024,2065216,59,4a8064598ca17420d580c835f46787e109867ff471a4d535b047dfc7f42cbb4a,T2｜解讀：事件耗能何時改變結果？,"T2｜解讀：事件耗能何時改變結果？
三欄差額
基準→PA 效率：總功率 3.717682→3.358841 W，總耗能下降。
電路功率：總功率 +9 W，總耗能 28.435364 J。
換手耗能 3→100 J：功率不變。
窗口判讀
每列同為 2 s、138.377265 Mbit、換手 1 次。
低 SINR 皆 100%；Run EE 高不等於品質變好。
換手 0 次：事件耗能不變。
因果重點｜總耗能的差額要回指持續功率或窗口事件，不能只看 Run EE。","頁面 22: T2｜解讀：事件耗能何時改變結果？
頁面目的：總結 T2，解讀事件耗能如何改變結果。
建議口述內容：所以總耗能的差額必須回指到具體的發生原因。如果是改電路或 PA，那是因為持續功率變了；如果是改換手耗能，那是因為發生了事件。記住，如果換手次數為 0，改換手耗能實測就會沒有影響，這不是資料錯誤，這是正常的物理機制。
公式或圖表怎麼說：對比左側的三欄差額與右側的窗口判讀。
常見誤解／限制：較高的累積效率（整段累積效率）不等於服務品質變好，這兩者是不同的概念。
與下一個觀念的因果銜接：談完了功率與耗能，接下來進入 T3 實驗，我們來探討速率與頻寬、重用係數的關係。",True,d57e5b430b7c165642ca9fd5e0fd256d830edf4d6e62b94eaf1612b0055ddfdd,b0e004f9471e097333312ec8f4ecdbccb9add3ce94a4f09d2215480ba94a12b5,2cdef5dd566079fee778f294934d21c7df278c1e4a11685eaedfdbd0cb5a079a,只有標題,,ppt/slideLayouts/slideLayout5.xml,ppt/slideMasters/slideMaster1.xml,10,7,"{""AUTO_SHAPE"": 3, ""PLACEHOLDER"": 1, ""TEXT_BOX"": 6}",0,,
e2,/home/u24/papers/beamshift/e2.pptx,60ba796c908387cdfe06c2b82e592bcce3205e2472c42566467bbbd89dcad024,2065216,60,b340bfc13995af368b0b7217bec4e7c5e04164b1c376d663cb194748df5a9b5d,T3｜為什麼速率不能只看一個方向？,"T3｜條件式問題：固定 U 與 SINR，B／K 如何改變速率？
dB 到線性值
0 dB → 1
3 dB → 約 2
10 dB → 10
先換線性值，再套 log2
每位使用者速率
固定波束負載 U 與 SINR 後，才比較 B／K 的分配頻寬。
速率是每秒資料量（bit/s），不是時間窗資料量。
因果重點｜先把 SINR 轉成線性值；再在固定 U／SINR 下讀 B／K 的速率差。","頁面 23: T3｜為什麼速率不能只看一個方向？
頁面目的：介紹 T3 實驗目的與預測，探討頻寬 B 與分配／負載係數 K 對速率的影響。
建議口述內容：T3 要問的是：當我們固定了波束負載 U 等於 1 與 SINR 等於 0 dB 時，頻寬 B 與係數 K 是如何改變速率的？B 提供可用頻寬，而 K 代表資源分配與共享造成的有效比例。固定 SINR 後，我們就可以隔離出這兩者的獨立效果。0 dB 必須先轉成線性比例 1，再進入 Shannon 型資料率關係中。
公式或圖表怎麼說：指著 SINR 到線性值的公式，強調對數值與線性值的轉換；右側則顯示 B 與 K 各自如何進入速率的計算。
常見誤解／限制：直接把 dB 數值代入公式，未先進行線性轉換。這會導致完全錯誤的速率計算。
因果銜接：在操作之前，先把頻譜效率、瞬時速率與時間窗資料量分清楚，後續才不會把不同單位的數字拿來互相比較。",True,41d9d90609e9fa6761059510959df7b7a0c4a24c4174f16efc1f4ef43e7488dc,456c72ea3cbf094bb978e23f8ba0865682a9a9b0de35fdd7c4ca3a050600a621,c37d1dc48fbf2a8243ba10076cc1d091e01e24cff65dda97d91633e15a04f8cb,只有標題,,ppt/slideLayouts/slideLayout5.xml,ppt/slideMasters/slideMaster1.xml,17,10,"{""AUTO_SHAPE"": 7, ""PLACEHOLDER"": 1, ""TEXT_BOX"": 9}",2,image/png,32899bcb61fafbd2bb9623c612778339e4b3712e1cde81a969003e0845b93b15;65a92f494a0364b09f104fa053b2d76dde72a006c15b2316abf4c10dd61de4f5
e2,/home/u24/papers/beamshift/e2.pptx,60ba796c908387cdfe06c2b82e592bcce3205e2472c42566467bbbd89dcad024,2065216,61,c1c7a5e69432b8f11456f3ed8ce18832019e1fba710f6ccc75213ebf3abab4e3,T3｜從 dB 到資料：三種量不能混在一起,"T3｜同一份觀察要分清：頻譜效率、速率、系統吞吐量與時間窗資料。
頻譜效率
每 Hz 每秒可傳的位元。
SINR 提高時，對數增益逐步變小。
每位使用者速率
每秒資料量：bit/s。
由分配頻寬乘上頻譜效率。
系統量與時間窗資料
系統吞吐量是同一時刻各速率的合計。
時間窗資料量沿時間累積，不是速率本身。
因果重點｜先定義範圍與單位，再比較方向。","頁面 24: T3｜從 dB 到資料：三種量不能混在一起
頁面目的：釐清 T3 中各種速率相關指標的定義與單位。
建議口述內容：同一份觀察我們必須分清三種量。頻譜效率是每秒每赫茲可傳的位元；每位使用者速率是每秒傳輸的百萬位元（Mbit/s），由分配頻寬乘上頻譜效率得來；而時間窗資料量則是沿著時間累積的總量，不是速率本身。
公式或圖表怎麼說：分別點出頻譜效率、速率與系統量的面板，強調單位與物理意義的不同。
常見誤解／限制：把瞬時的速率 Mbit/s 混淆成累積的資料量 Mbit，或者把頻譜效率當作傳輸速率。
因果銜接：定義清楚後，我們來看 T3 的條件該如何設計。這釐清了我們真正要觀察的指標是每秒資料量，增加了對系統效能指標的精確理解。",True,cad816c17bdcc03b8b39bfa20eb864e342a5b9b91fa2ccb090bc3cfdfa83d98c,bbce8feb19315a3d079b76ed3eda85b321f26904f127ecd4e1978a45304b8d92,485c9011060ad6e72e76e40b9dc60d1b3c6235d8e36bcfa0258af179ce06276e,只有標題,,ppt/slideLayouts/slideLayout5.xml,ppt/slideMasters/slideMaster1.xml,13,9,"{""AUTO_SHAPE"": 4, ""PLACEHOLDER"": 1, ""TEXT_BOX"": 8}",1,image/png,f5012a639dbff42aeda1bd886ee65deecaad3ee78a8c72d4b4ca060ca9edf070
e2,/home/u24/papers/beamshift/e2.pptx,60ba796c908387cdfe06c2b82e592bcce3205e2472c42566467bbbd89dcad024,2065216,62,c67c0faba8667ba9c6ff5baa8186f614e179520db32b12201748b0c10238af70,T3｜條件設計：同一基準，每列只調整一項,"T3｜條件設計：所有列共用基準，每列只調整一項。
A 基準
頻道頻寬 100 MHz
頻率重複使用係數 K＝1
B｜調整頻率重複使用係數
頻道頻寬 100 MHz
頻率重複使用係數 K＝3
C｜調整頻道頻寬
頻道頻寬 200 MHz
頻率重複使用係數 K＝1
固定背景條件
波束負載 U＝1
SINR＝0 dB
每列重開量測；U 與 SINR 固定。
因果重點｜本組只比較 B／K 對速率的影響。","頁面 25: T3｜條件設計：同一基準，每列只調整一項
頁面目的：說明 T3 的控制條件設計，確保每列只調整一項變數。
建議口述內容：我們的條件設計很嚴格。條件 A 是基準；條件 B 只把 K 調整為 3；條件 C 只把頻寬 B 調整為 200 MHz。三組都在相同背景下運行，也就是波束負載 U 固定為 1，且 SINR 固定為 0 dB。
公式或圖表怎麼說：指出畫面上 A、B、C 三個條件框，與右下角的固定背景條件框。
常見誤解／限制：在比較時忘記固定負載或品質參數，導致無法分辨是哪個變數影響了結果。本組實驗只比較 B 與 K。
因果銜接：準備好條件後，來看看具體操作步驟。這讓我們了解到，必須嚴格控制住背景變數，才能分離出單一因子對速率的作用。",True,0a0230916ea63ed27795bad71db5db44deda3aea24932d2e044d5366884e4a29,c5c521928cbed6b887c90ea3f4326140bc497fb1ff720e14bdb25e23f5ffccbc,bf4f3bb3d0b6ff9229e155da255b4cb5e2f734ca7e2e9bc63bb3ebe365d3c458,只有標題,,ppt/slideLayouts/slideLayout5.xml,ppt/slideMasters/slideMaster1.xml,13,8,"{""AUTO_SHAPE"": 5, ""PLACEHOLDER"": 1, ""TEXT_BOX"": 7}",0,,
e2,/home/u24/papers/beamshift/e2.pptx,60ba796c908387cdfe06c2b82e592bcce3205e2472c42566467bbbd89dcad024,2065216,63,38908c01393333fdd43c881da3a04e1309673855d71cfafd483a6bdc7a44e86f,T3｜操作：調整控制、開窗、讀同一組欄位,"T3｜操作與預測：固定 U／SINR，只改 B 或 K，再讀同一組欄位。
操作順序
1｜先做 A；開新窗口。
2｜固定 U＝1、SINR＝0 dB。
3｜只調整 B 或 K；保留窗口。
4｜比較 B／K 對速率的影響。
讀取同一組欄位
波束負載 U、即時 SINR
速率、服務衛星、小區
Producer 狀態
因果重點｜每列獨立窗口；預測只說機制，不保證方向。","頁面 26: T3｜操作：調整控制、開窗、讀同一組欄位
頁面目的：說明 T3 的操作與觀測步驟。
建議口述內容：先建立基準，接著讓每個條件各自開一個量測窗口。在固定 U 為 1 且 SINR 為 0 dB 的前提下，每列只調整頻寬 B 或 K，然後從同一組欄位讀取配給頻寬、速率與服務狀態。
公式或圖表怎麼說：順著左側的操作順序 1 到 4，接著指出右側我們要讀的欄位包含速率、狀態與服務衛星。
常見誤解／限制：忽略畫面上顯示的狀態，用預期數值取代實際觀測。
因果銜接：清楚操作順序後，我們拿出空白表，先記下這些嚴格的條件與窗口。這確認了我們每次觀測都遵循同樣的嚴謹流程。",True,fc33df92c91e8682d1e1bceda13086ed99b93963c1cf56c2e607713b2bc3633e,a74216b1e5dcd0993d0004f08f48297e87c3c5bf7df468074cf3bb062e9ba7ee,1084899c9e4264bd108cf7d8db1050f1a85c7e00df96f276c0e1fe00783a4bd7,只有標題,,ppt/slideLayouts/slideLayout5.xml,ppt/slideMasters/slideMaster1.xml,10,7,"{""AUTO_SHAPE"": 3, ""PLACEHOLDER"": 1, ""TEXT_BOX"": 6}",0,,
e2,/home/u24/papers/beamshift/e2.pptx,60ba796c908387cdfe06c2b82e592bcce3205e2472c42566467bbbd89dcad024,2065216,64,9d3681fe503cd19a3080dc1e75bf81b525b0301cbf580c81fd58593e302bf25d,T3｜空白觀察表：控制與窗口,"空格可以填入實際觀測結果
條件
頻道頻寬
MHz
頻率重複使用係數
K
已累積時間
s
Producer 狀態
A
B
C
因果重點｜先存條件與窗口，才不會混讀。","頁面 27: T3｜空白觀察表：控制與窗口
頁面目的：提供 T3 第一部分的空白觀察表，供填入實際觀察結果。
建議口述內容：這是紀錄條件的表格，空白表是供填入實際觀察結果的。我們要確保把頻寬、K 值，以及窗口時間與 Producer 狀態確實填好，才不會在後續解讀時混淆。
公式或圖表怎麼說：指出條件 A、B、C 列，要求確實記下每個狀態的實際設定與時間。
常見誤解／限制：沒有先存好窗口狀態與控制變因，就把後面的速率亂湊在一起。
因果銜接：填寫完條件後，我們核對一下實際跑出來的數值。這一步確立了比較的合法基礎。",True,77b7459b7000ddc20b3c4658b2719a5f2d01a3830ead9dbb0a8690efdae3bc4e,add77314993800cb0f76f20aaf28716d07d3eb606e7413b5f2bae50254a7bdd4,d9b41f550d2d15a93c75ede47506afda31d434f41ba621314dcf1123a5b46865,只有標題,,ppt/slideLayouts/slideLayout5.xml,ppt/slideMasters/slideMaster1.xml,20,11,"{""AUTO_SHAPE"": 2, ""LINE"": 7, ""PLACEHOLDER"": 1, ""TEXT_BOX"": 10}",0,,
e2,/home/u24/papers/beamshift/e2.pptx,60ba796c908387cdfe06c2b82e592bcce3205e2472c42566467bbbd89dcad024,2065216,65,6be7002dd827354d73098fabe9f3159ccc779a69a8a40857e24702cb2b557aee,T3｜實際數值：控制與窗口,"程式可重算實值｜固定 U＝1、SINR＝0 dB；實際窗口可能不同。
條件
頻道頻寬
MHz
頻率重複使用係數
K
已累積時間
s
Producer 狀態
A
100
1
1
有效 VALID
B
100
3
1
有效 VALID
C
200
1
1
有效 VALID
固定背景：U＝1、SINR＝0 dB；每列窗口 1 s。
因果重點｜控制表確認 B／K 是唯一變動來源。","頁面 28: T3｜實際數值：控制與窗口
頁面目的：展示 T3 控制條件的實際觀測數值。
建議口述內容：這張表顯示了實際跑出的條件。背景完全固定：U 為 1，SINR 為 0 dB，每列窗口 1 秒，狀態都是有效。唯一的變動來源只有頻寬 B 或是分配係數 K。
公式或圖表怎麼說：帶領聽眾橫向看過表格，確認除了頻寬與 K 之外，其他欄位在 A、B、C 中都是固定的。
常見誤解／限制：實際量測時可能因為手速導致累積時間大於 1 秒，這不影響瞬時速率的比較，但必須確保處於相同的服務狀態。
因果銜接：確認了條件非常乾淨，我們可以準備把速率變化歸因給 B 與 K 了。這增加了我們對實驗背景穩定性的信心。",True,30806a13d2a628337e09ec442ac9a8785a7beb978158f452c9e34e021c2724ab,088996082baebb4958a19c80cb03fb4aad2dda883b3ea9cae4dd4fcbd3a3ab7f,7e0d2fe21003cb10bdfa8c1f256065fe8da47c61ce384b79574dc6e1d3939b3d,只有標題,,ppt/slideLayouts/slideLayout5.xml,ppt/slideMasters/slideMaster1.xml,33,24,"{""AUTO_SHAPE"": 2, ""LINE"": 7, ""PLACEHOLDER"": 1, ""TEXT_BOX"": 23}",0,,
e2,/home/u24/papers/beamshift/e2.pptx,60ba796c908387cdfe06c2b82e592bcce3205e2472c42566467bbbd89dcad024,2065216,66,210057a3aa0cec54deb8871d371572e4338991373a009d8e4b5d5beae52aecd6,T3｜解讀：固定條件才可比較,"T3｜解讀：固定條件，才可把速率差回指 B／K。
控制是否乾淨
A→B 只改 K：1→3；B、U、SINR 不變。
A→C 只改 B：100→200 MHz；K、U、SINR 不變。
三列有效；同一衛星／小區。
解讀邊界
受控條件只支持 B／K 到配給頻寬的比較。
發射功率固定，不宣稱它造成速率變化。
SINR／場景變動：另開窗口。
因果重點｜固定 U／SINR；速率差只回指 B／K。","頁面 29: T3｜解讀：固定條件才可比較
頁面目的：解讀 T3 第一部分，確認條件對齊且能進行比較。
建議口述內容：只有在控制乾淨的情況下，我們才能把速率差回指。A 到 B 只改了 K，A 到 C 只改了 B。如果場景改變導致 SINR 變了，就必須重新開窗量測。
公式或圖表怎麼說：對照左側的控制是否乾淨，與右側的解讀邊界，強調因果的局限性。
常見誤解／限制：忽視了如果 U 或 SINR 沒有被控制住，得出的速率結論將完全不成立。
因果銜接：條件確立了，我們來將實際的速率觀測結果記錄下來。這鞏固了我們對於變數控制必要性的理解。",True,2b7d6067c5aaa0f74ba4fb4e0a742d02832171e26a115695afa66c4f7aadbd29,be05fe6458f021f6ccc0b0e26adc17d73d8b8268db0ebc3e71484265fc0b2e09,a2aded158466391eb86c33d1cde72d023f9c9ccb3ac5e704201fd64f95afbcad,只有標題,,ppt/slideLayouts/slideLayout5.xml,ppt/slideMasters/slideMaster1.xml,10,7,"{""AUTO_SHAPE"": 3, ""PLACEHOLDER"": 1, ""TEXT_BOX"": 6}",0,,
e2,/home/u24/papers/beamshift/e2.pptx,60ba796c908387cdfe06c2b82e592bcce3205e2472c42566467bbbd89dcad024,2065216,67,985f57e254426e417ca9acd667af4506260b1ca38ec7781462fdc56990c54982,T3｜空白觀察表：品質、負載與速率,"空格可以填入實際觀測結果
條件
波束負載 U
即時 SINR
dB
速率
Mbit/s
狀態
服務衛星
服務小區
A
B
C
因果重點｜速率、時間窗資料量與服務範圍分開記錄。","頁面 30: T3｜空白觀察表：品質、負載與速率
頁面目的：提供 T3 第二部分的空白觀察表，供填入實際觀察結果。
建議口述內容：現在來記錄速率，空白表是供填入實際觀察結果的。請在剛剛確認的相同條件下，讀出即時 SINR、速率，以及服務狀態跟衛星小區，以確保我們是在同一個基礎上做比較。
公式或圖表怎麼說：指著表格中的速率、狀態等欄位，提醒紀錄瞬時速率 Mbit/s。
常見誤解／限制：把累積的資料量填進速率欄，或是沒有確認服務衛星是否與上一筆相同。
因果銜接：記錄完畢後，我們來看真正的速率變化。這幫助我們將讀值精準對位到正確的觀測維度上。",True,f58382d73b4e4302ffd7456af72d9421d7524b3f77e263397ab950beee49af6f,82a1c65b9d28a6ac2a4acc74ec84b6a7b93ee7d58d149b97db3f8e01c722ed80,1f5acc058e7578e39a292116d3f9bc633a9babc310d154e10e4513a5621d6533,只有標題,,ppt/slideLayouts/slideLayout5.xml,ppt/slideMasters/slideMaster1.xml,24,13,"{""AUTO_SHAPE"": 2, ""LINE"": 9, ""PLACEHOLDER"": 1, ""TEXT_BOX"": 12}",0,,
e2,/home/u24/papers/beamshift/e2.pptx,60ba796c908387cdfe06c2b82e592bcce3205e2472c42566467bbbd89dcad024,2065216,68,9d6b2d3959807309c99bea4bf801de5378e72e67c5980875a1d6b11408df415f,T3｜實際數值：品質、負載與速率,"程式可重算實值｜固定 U／SINR 後比較速率；實際窗口可能不同。
條件
波束負載 U
即時 SINR
dB
速率
Mbit/s
狀態
服務衛星
服務小區
A
1
0
100.000000
已服務 SERVED
sat-a
0
B
1
0
33.333333
已服務 SERVED
sat-a
0
C
1
0
200.000000
已服務 SERVED
sat-a
0
因果重點｜實際讀值顯示 K 先縮小配給頻寬，B 直接放大配給頻寬。","頁面 31: T3｜實際數值：品質、負載與速率
頁面目的：展示 T3 速率與狀態的實際觀測數值。
建議口述內容：我們來看看實際速率讀值。在 U 為 1、SINR 為 0 dB 下，基準 A 是 100 Mbit/s。當 K 變成 3 時，條件 B 的速率降到了 33.33 Mbit/s；而當頻寬變成 200 MHz 時，條件 C 的速率則倍增到 200 Mbit/s。
公式或圖表怎麼說：直接對比 A、B、C 的速率欄位，證明了 K 縮小配給頻寬，而 B 放大配給頻寬。
常見誤解／限制：以為只要改變頻寬就一定會等比例改變累積資料量，這還得看服務窗口時間有沒有改變。
因果銜接：我們將這個結果統整，形成 T3 的最終結論。這組數據揭示了配給頻寬與實際傳輸速率間的線性關係。",True,262ca9493ee569725ac89fa1e60723f517236c09c458f77f90996cc68342f8b6,7a273908e0056985cd25e557722a49703515a8da854c57f3e3a79dd084f415e3,6375f46d2d6735c940d05e17a60c174cdaf324283817068dca600b83af699a01,只有標題,,ppt/slideLayouts/slideLayout5.xml,ppt/slideMasters/slideMaster1.xml,42,31,"{""AUTO_SHAPE"": 2, ""LINE"": 9, ""PLACEHOLDER"": 1, ""TEXT_BOX"": 30}",0,,
e2,/home/u24/papers/beamshift/e2.pptx,60ba796c908387cdfe06c2b82e592bcce3205e2472c42566467bbbd89dcad024,2065216,69,4f70ea908090783cd3fc217ab0c98703847668d1b293f444293afe2408b01a21,T3｜解讀：B／K 如何改變速率？,"T3｜解讀：B／K 如何改變速率？
第一個變動
K 1→3：配給頻寬 100→33.333333 MHz，速率同比下降。
B 100→200 MHz：配給頻寬、速率皆翻倍。
U、SINR、發射功率皆固定。
可支持的判讀
受控條件支持 B／K→配給頻寬→速率。
發射功率未改變，不作速率原因。
即時 SINR 或場景改變，重新記錄服務狀態與窗口。
因果重點｜固定 U／SINR 後，速率差回指 B／K。","頁面 32: T3｜解讀：B／K 如何改變速率？
頁面目的：總結 T3，解讀 B 與 K 改變速率的機制。
建議口述內容：總結來說，K 從 1 變 3，讓配到的可用頻寬變成三分之一，速率也跟著變成三分之一；頻寬 B 從 100 變 200 MHz，配給頻寬加倍，速率也加倍。這是因為 U 與 SINR 都完全固定。對節能判讀而言，B 與 K 會先改變能源效率的資料分子；若比較兩組能源效率時沒有固定或記錄這兩項，就可能把資源分配造成的速率差誤認成能源模型改善。
公式或圖表怎麼說：指著左側的第一個變動與右側的可支持判讀，再次確認因果路徑只來自 B 與 K。
常見誤解／限制：任意引入其他未改變的變數作為速率變化的原因，破壞了嚴謹的因果推論。
因果銜接：這組結果說明，速率不只受鏈路品質影響，也受資源總量與分配方式影響。接下來判斷節能時，必須先確認資料分子的變化究竟來自能源設定，還是來自 B／K 的配置差異。",True,1a57302aaee355df3cf9ea8dd3558d8f613aced3c34a786cc3299e69a5fdbdad,4c59259bf3fc71bae58fe83cddd999cefda1f266328a4bf64ec5d68c2d647f8e,a6d9dc6873a33f45b52e40f8584a468721bdee7bfbec1f522424c99176f903bd,只有標題,,ppt/slideLayouts/slideLayout5.xml,ppt/slideMasters/slideMaster1.xml,10,7,"{""AUTO_SHAPE"": 3, ""PLACEHOLDER"": 1, ""TEXT_BOX"": 6}",0,,
e2,/home/u24/papers/beamshift/e2.pptx,60ba796c908387cdfe06c2b82e592bcce3205e2472c42566467bbbd89dcad024,2065216,70,3d3ad588f2eb6460bc078a77dc3165ce228118803fddfa726244e6876bf383c9,結論｜這筆量測何時才算有效證據？,"結論｜這筆量測何時才算有效證據？
窗口
控制差異清楚。
時間與播放可辨。
讀值來自同一段。
鏈結
改動列可辨。
中間量有實測。
結果可回算。
直接問題
服務集合是否相同？
狀態是否有效？
缺值是否被保留？
若沒有同一窗口、實際欄位與狀態，方向不能升格為結論。
因果重點｜保住窗口、狀態與因果鏈，才能把觀察交給有效性判定。","頁面 33: 結論｜這筆量測何時才算有效證據？
頁面目的：章節總結，確立有效觀察證據的標準。
建議口述內容：最後總結，什麼時候你的量測才是有效證據？第一，窗口條件要乾淨、時間與狀態要對齊；第二，因果鏈要能連結，要能找到第一個變動的中間量；第三，必須直接回答服務集合是否相同、缺值是否被保留。如果這些都不成立，讀出來的方向就不能升格為結論。
公式或圖表怎麼說：帶領聽眾由左至右看窗口、鏈結、直接問題這三個檢查站，強調這就是證據有效性的核心。
常見誤解／限制：只看最終數字的增減就隨意編造因果關係，忽視了控制變因的嚴謹性。
與下一個觀念的因果銜接：保住這些證據標準，我們之後才能把觀察交給有效性判定。",True,edf43e0c567e39dbdb49ad5ac1e54e8e4d1fb57c9232b08c0d5339c29f890572,209881627492a499a29d30e384209058918bea4ef14f80187498b5c8a17b58aa,7958e7d301e0654f1cc14b326e364978b8e782f14d5dcbe6a17d0d9f5843f3a4,只有標題,,ppt/slideLayouts/slideLayout5.xml,ppt/slideMasters/slideMaster1.xml,14,10,"{""AUTO_SHAPE"": 4, ""PLACEHOLDER"": 1, ""TEXT_BOX"": 9}",0,,
e2,/home/u24/papers/beamshift/e2.pptx,60ba796c908387cdfe06c2b82e592bcce3205e2472c42566467bbbd89dcad024,2065216,71,83659547a31b7441f8f40699d30a650d485a52a8d4aa38dead5a2ebaba625f91,從可操作到可採信：先固定比較資格,"先把比較對象、時間窗口與可重算讀值固定下來。
可採信的節能結論
節能必須和送達資料、服務品質、同一個時間窗口一起比較。
範圍
同一服務集合
狀態
同一有效窗口
證據
同一組欄位
結論
先證明比較資格，再解釋 EE 的方向。","opening 從可操作到可採信：先固定比較資格
頁面目的：確立評估節能的先決條件。
建議口述內容：要得到可採信的節能結論，我們不能只看單一數字。節能必須和送達的資料、服務品質以及同一個時間窗口放在一起比較。
公式或圖表怎麼說：圖表展示了三個必須固定的範圍：同一服務集合、同一有效窗口，以及讀取同一組欄位。
常見誤解／限制：誤以為隨便抓兩個時間點的耗能就能比較節能。
與下一個觀念的因果銜接：既然要一起比較，我們接著來看如何計算整段時間的累積效率。",True,a3a670f0f558697c1f93ca804203c22057ce9753475f6acdb2d298a0ea4ed809,15193a472eec558875c74fb7aa6810638135966e2391bebdd47f8698732d8cbf,6a9e8585ebd355257e7e075ed07cc673c3e55fa4a74a03e25fc9147640bc7c48,只有標題,,ppt/slideLayouts/slideLayout5.xml,ppt/slideMasters/slideMaster1.xml,17,12,"{""AUTO_SHAPE"": 5, ""PLACEHOLDER"": 1, ""TEXT_BOX"": 11}",0,,
e2,/home/u24/papers/beamshift/e2.pptx,60ba796c908387cdfe06c2b82e592bcce3205e2472c42566467bbbd89dcad024,2065216,72,b25acb3fbfb97d2888c51549a4e52a9af2fb2525ba523f5e82f60689fd4f0db6,Run EE 的兩個累積量要一起看,"耗能下降，不代表整段累積效率一定變好。
分子｜送達資料
累積傳輸資料量 D(W)；代表送達資料。
分母｜總耗能
功率沿時間累積成「總耗能」。
核心
同時比較送達資料與總耗能，才能判斷調整後的整段累積效率是否真的變好。","run_ee_scope Run EE 的兩個累積量要一起看
頁面目的：定義 Run EE 並強調分子分母的時間一致性。
建議口述內容：整段累積效率（Run EE）是由累積傳輸資料量除以總耗能。單純耗能下降，如果不看資料量，無法證明整體效率變好。
公式或圖表怎麼說：公式顯示 Run EE 是 D(W) 除以 E_sys(W)。左邊卡片是分子（送達資料），右邊是分母（總耗能），兩者必須來自同一時間段。
常見誤解／限制：把瞬時功率與瞬時速率相除，誤認為那是整段累積效率。
與下一個觀念的因果銜接：既然知道公式，那我們要問：光看耗能數字下降，足以代表節能嗎？",True,01624b2e36c2bf1c7f455f1fcd4984f0d1fcf37e150892174b3116e0471d85d4,689c086e2bcff686a0af22f7ec122f10b09728eeecdfbd7001a50b7f8beeecf6,affe470e1affd227ed5dae105a67e27db6d7d69ec044d6a2f914e8fb2ba6f419,只有標題,,ppt/slideLayouts/slideLayout5.xml,ppt/slideMasters/slideMaster1.xml,11,8,"{""AUTO_SHAPE"": 3, ""PLACEHOLDER"": 1, ""TEXT_BOX"": 7}",1,image/png,7bcf0bb070212bc9cf4714dd1fd888d372d74e067cc3059ac88dffc81941671d
e2,/home/u24/papers/beamshift/e2.pptx,60ba796c908387cdfe06c2b82e592bcce3205e2472c42566467bbbd89dcad024,2065216,73,7bc1ed96f6d3f924a0cfce4c925140606ad678d3e0e34cbeffd0da02e30f73e4,一個能量數字，足以代表節能嗎？,"先提出問題，再決定怎麼操作。
比較範圍
同一場景、服務集合
與有效時間窗口
中間量
訊號品質先變嗎？
瞬時速率怎麼走？
最後讀值
資料量、總耗能
與 Run EE 是否同向？
核心問題
能量下降本身不回答節能；要看它是否保住送達資料與服務品質。","interesting_question 一個能量數字，足以代表節能嗎？
頁面目的：提出核心問題，引導進入後續的操作觀察。
建議口述內容：能量下降本身不回答節能的問題，因為我們必須確認它是否保住了送達資料與服務品質。
公式或圖表怎麼說：從比較範圍、中間量到最後讀值，指出我們必須追蹤訊號品質與資料量是否跟著耗能同向變化。
常見誤解／限制：以為能量下降就是唯一目標，忽略了通訊酬載存在的目的是傳遞資料。
與下一個觀念的因果銜接：為了回答這個問題，我們必須在同一個比較範圍內記錄實際讀值。",True,b54ffb26cc44f33aa57496cc7c8f56b95a4d67cf7f702066b169c73cd4f206e0,a6b7e348d7ba174fabe51d33c23f55fb3241cb003420f5f0a0b00a33bb154c86,81a6a9205345f94cb76f7728d2dfd4af8b75c12af9f6b6cc7f30eb9a088af25f,只有標題,,ppt/slideLayouts/slideLayout5.xml,ppt/slideMasters/slideMaster1.xml,14,10,"{""AUTO_SHAPE"": 4, ""PLACEHOLDER"": 1, ""TEXT_BOX"": 9}",0,,
e2,/home/u24/papers/beamshift/e2.pptx,60ba796c908387cdfe06c2b82e592bcce3205e2472c42566467bbbd89dcad024,2065216,74,0f62db9a1b3fc95095550b5597b314debcafa1f47b55fabacf994e38cda7188c,先固定比較範圍，再記錄實際讀值,"把能量、資料、狀態與時間窗口放在同一個比較範圍。
實際畫面欄位
規則
服務集合、功率邊界與有效時間窗不同，數字只能分開描述。","readout_scope 先固定比較範圍，再記錄實際讀值
頁面目的：展示實際畫面欄位對應的物理量。
建議口述內容：畫面上我們可以看到已累積時間、累積傳輸資料量、總耗能與 Run EE。這些讀值代表了不同邊界的物理量，必須分開描述。
公式或圖表怎麼說：左側公式是每一時刻的系統總功率，右邊是 UI 上對應的累積讀值。
常見誤解／限制：誤將服務集合、功率邊界與時間窗混為一談。
與下一個觀念的因果銜接：要確保這些讀值可以進行公平比較，我們必須設立四個量測資格條件。",True,8ad7815fac41e5ca4c37ec285f434836ddc22441ac9fa0a3c709571bd61930f6,413132a6d9d779b713c63b5162d205f7ae6ebeac07b333332b9969816d265615,dea5ddc4ce8ad308f2a0156196cdb5adba9ad45dde995e30b39db49e1dd2d4d0,只有標題,,ppt/slideLayouts/slideLayout5.xml,ppt/slideMasters/slideMaster1.xml,15,5,"{""AUTO_SHAPE"": 6, ""PICTURE"": 4, ""PLACEHOLDER"": 1, ""TEXT_BOX"": 4}",5,image/png,44b3ca334ae358bf79ca1303e650ef635185c7b94d0d386a2175ecd436dab9ff;7d42082f42d27669c50066e17e378bb3861b7e262ad2a8981e890e329cb039c2;c31217876547a18a4a6d49eecae901121321658431e7e21dc14c268db08c1e18;ed62e84e045f23f18e9101191abe9a198ccb0c628be09bc40317f35128aaea5c;f8728fed04ef4110f715a4764caed157cd600da130f7853f6d591ec42f444dfb
e2,/home/u24/papers/beamshift/e2.pptx,60ba796c908387cdfe06c2b82e592bcce3205e2472c42566467bbbd89dcad024,2065216,75,4f9a8603e4b958e045cf1258f2c729f52b4b741db0b561c224fc3fcb946a54db,量測資格：四個條件必須對上,"四個條件都對上，樣本才進入公平比較。
狀態
Producer：VALID／PASS
窗口
重新開始量測後同一窗口
族群
場景、使用者數量、服務集合相同
完整性
四個讀值皆有值；缺值即停
規則
任一條件不過，不能把讀值放進公平 A／B。","validity_gate 量測資格：四個條件必須對上
頁面目的：建立公平比較的四個護欄。
建議口述內容：在進行任何 A/B 比較前，狀態必須為 VALID，重新開始量測後必須是同一窗口，族群必須相同，且四個讀值皆有值，否則比較無效。
公式或圖表怎麼說：公式表示時間間隔大於零且狀態有效。四張卡片對應狀態、窗口、族群與完整性的檢查。
常見誤解／限制：在狀態為無效時，仍將當下殘留的讀值拿來比較。
與下一個觀念的因果銜接：確立資格後，我們透過第一個實驗（T4）來驗證量測窗口與參數的操作。",True,d3ae8f847e9f6f01d1b6d7e4c2bc8eac311b1d3385fba820233b181704900ee5,340b9c924820940bcc70bc75efbb2e20e31630629bd4739409bc80c7ab8a555c,447eacd0a09f29b2f3716f0fc47aa8529637741a4b4f612467ee6cbead02d437,只有標題,,ppt/slideLayouts/slideLayout5.xml,ppt/slideMasters/slideMaster1.xml,17,12,"{""AUTO_SHAPE"": 5, ""PLACEHOLDER"": 1, ""TEXT_BOX"": 11}",1,image/png,fcfb1c4b7016a896a56cf2d878da1802fcd0605c3ee082342d674a7089f9df9e
e2,/home/u24/papers/beamshift/e2.pptx,60ba796c908387cdfe06c2b82e592bcce3205e2472c42566467bbbd89dcad024,2065216,76,faf1d75a65ef87fc471f6e1231762106066b6caaede4d629931059316ef78914,T4 目的：兩個量測按鈕是否改變同一件事？,"為什麼值得做：兩個按鈕若改變不同範圍，兩段累積值就不能接在一起。
量測目的
分辨「重新開始量測」與「恢復能源參數預設值」是否改變同一組狀態。
預測
前者只清空量測窗口；後者把 ηPA、電路功率、每次換手耗能恢復到預設。
要觀察
重新開始量測是否只清空窗口；恢復預設是否只改參數並重建起算點？
節能意義
先把窗口邊界守住，才知道節能比較的分子與分母屬於哪一段時間。","t4_purpose T4 目的：兩個量測按鈕是否改變同一件事？
頁面目的：釐清「重新開始量測」與「恢復能源參數預設值」的行為差異。
建議口述內容：T4 的目的是為了分辨這兩個按鈕是否改變同一組狀態。如果我們不先把窗口邊界守住，就會搞混分子與分母屬於哪一段時間。
公式或圖表怎麼說：預測前者只清空窗口，後者會改變參數並重建起算點。
常見誤解／限制：以為按恢復預設值就只是把參數調回去，而沒有意識到比較基線已經改變。
與下一個觀念的因果銜接：我們來看具體的操作順序。",True,7a57d714f888de938dd6962af7ff50b065dade1b40c0eab34ec4183e1de6115d,9446952254e2cca29569361fedf02a55f1e20e7e25abdf119f5f636ae07f6891,53cb40379dfb2bc21874a05ca8d072d2cfb5e7effa4fa96ef61c8c445c610097,只有標題,,ppt/slideLayouts/slideLayout5.xml,ppt/slideMasters/slideMaster1.xml,14,10,"{""AUTO_SHAPE"": 4, ""PLACEHOLDER"": 1, ""TEXT_BOX"": 9}",0,,
e2,/home/u24/papers/beamshift/e2.pptx,60ba796c908387cdfe06c2b82e592bcce3205e2472c42566467bbbd89dcad024,2065216,77,af35c4149260ef6b61574c53083ef2ca0b685bd24439e953c72b0dff6519af1a,T4 操作：一次只檢查一個按鈕行為,"量測目的先於操作：先確認兩個按鈕各自改變哪一個範圍。
操作順序
1｜固定場景、播放設定與三個能源參數。
2｜輸入 ηPA 0.60、電路功率 25 W、每次換手耗能 100 J。
3｜先累積一段，再按「重新開始量測」。
4｜確認參數不變、窗口欄位歸零。
5｜另起一段，只按「恢復能源參數預設值」。
6｜記錄參數與窗口欄位的不同反應。
只改一項
重新開始量測
只動窗口；參數、場景、播放保持。
恢復能源參數預設值
只動參數；新窗口重新起算。
原則
不跨窗口相加。","t4_operation T4 操作：一次只檢查一個按鈕行為
頁面目的：說明 T4 實驗的具體步驟。
建議口述內容：我們將固定速率與場景，設定特定的參數後累積一段時間。先按「重新開始量測」，看發生什麼事，然後再按「恢復能源參數預設值」，確保一次只改一項。
公式或圖表怎麼說：左邊是操作的六個步驟，右邊強調重新開始只動窗口，恢復預設只動參數且新窗口重新起算。
常見誤解／限制：跨窗口相加數值，導致累積值失去意義。
與下一個觀念的因果銜接：在實際執行前，我們先在空白觀測表上作預測。",True,fec31f2daa5e8a9f35e64cd9da7e852a7ee0a796268a8e402713d7037046aa11,4bfe6ad5c88eab183549abdb20ab66be696ac0c208e701a09df65f068b6ea24c,7e3d88b722abc3e171d96cc3e4421da5a2e08f6c2b16586cd814f23e6972b9c1,只有標題,,ppt/slideLayouts/slideLayout5.xml,ppt/slideMasters/slideMaster1.xml,16,11,"{""AUTO_SHAPE"": 5, ""PLACEHOLDER"": 1, ""TEXT_BOX"": 10}",0,,
e2,/home/u24/papers/beamshift/e2.pptx,60ba796c908387cdfe06c2b82e592bcce3205e2472c42566467bbbd89dcad024,2065216,78,c2d00058599cc93d8fc9f26e6ec8dbde06bdda80bac08283d798e6266b1d55c3,T4 空白觀測表：參數與窗口分開記,"先填預測，再用同一組程式讀值核對參數與窗口。
先填預測；已填表會用同一組程式讀值核對。
參數欄
狀態
ηPA
功率 W
換手 J
累積後
重開後
預設後
窗口欄
狀態
時間
s
資料
Mbit
耗能
J
EE
Mbit/J
累積後
重開後
預設後
缺值
缺值保留為空，不用 0 補齊。","t4_blank_table T4 空白觀測表：參數與窗口分開記
頁面目的：提供記錄欄位。
建議口述內容：大家可以先在心裡預測，空格可以填入實際觀測結果。參數欄與窗口欄必須分開記錄。
公式或圖表怎麼說：左表記錄狀態、功率放大器效率 (ηPA) 等參數，右表記錄時間、資料量、總耗能與 Run EE。
常見誤解／限制：缺值時以為要補 0，實際上缺值就是保留為空。
與下一個觀念的因果銜接：現在我們來看看實際填入程式讀值的結果。",True,bd02eb926d1590c864762a83ea8247f0bd42eff9ddf02097737954889a114309,74c2c8a2851f9fa076209874cd6b2f0c746b18b537b403c9aea507ec753925eb,adae2a5dad474ad51bc3a039275061a7e882c525d40d1803f0d88c926c37ef40,只有標題,,ppt/slideLayouts/slideLayout5.xml,ppt/slideMasters/slideMaster1.xml,82,22,"{""AUTO_SHAPE"": 39, ""PLACEHOLDER"": 1, ""TEXT_BOX"": 42}",0,,
e2,/home/u24/papers/beamshift/e2.pptx,60ba796c908387cdfe06c2b82e592bcce3205e2472c42566467bbbd89dcad024,2065216,79,0a7d1ed3ff9c8102707e8b549bedc9e73b481a3ff9ca41a716e3c8d385c8d8b7,T4 已填範例：重開窗口不改參數,"程式已填結果：固定速率 100 Mbit/s、功率 20 W，先累積 1 s 再操作兩個按鈕。
參數欄｜可重現固定例
狀態
ηPA
功率 W
換手 J
t=0
0.60
25
100
t=1 s
0.60
25
100
重開
0.60
25
100
預設
0.35
3
3
窗口欄｜程式讀值
時間 s
0 → 1
資料 Mbit
0 → 100
耗能 J
0 → 20
Run EE
— → 5
按鈕後
重開 0／預設 0
讀值
1 s：100 Mbit／20 J／Run EE 5；重開保留 .60／25／100，預設 .35／3／3。","t4_filled_example T4 已填範例：重開窗口不改參數
頁面目的：展示 T4 實際實驗結果。
建議口述內容：在 t=1 秒時，資料量 100 Mbit、總耗能 20 J、Run EE 為 5。當按下「重新開始量測」時，參數維持 0.60、25 W 與 100 J，但右邊窗口歸零（缺值）。按下「恢復預設」時，參數變回 0.35、3 W、3 J。
公式或圖表怎麼說：表格清楚顯示，重新開始量測只清空了右邊的窗口欄位；恢復預設則是改變了左邊的參數。
常見誤解／限制：以為重新開始量測會改動參數。
與下一個觀念的因果銜接：這些變化告訴我們什麼？我們來解讀這個結果。",True,9952816166f37897cbcfa8f1d6d1076f66fcc9ab0e83539f816276b03cb83a57,2e80cca32ff557f8bb310f564e29c3f60479f567eb08294e6c603a0013c7c13e,9e6028ebb6645053a14f1ee6158a7041576db12499fb8505fe216710c7eb4163,只有標題,,ppt/slideLayouts/slideLayout5.xml,ppt/slideMasters/slideMaster1.xml,64,36,"{""AUTO_SHAPE"": 28, ""PLACEHOLDER"": 1, ""TEXT_BOX"": 35}",1,image/png,69b541edcbfe50d51aa0343f560d002efb7c7957bb89a33ff04c9ebd5290330b
e2,/home/u24/papers/beamshift/e2.pptx,60ba796c908387cdfe06c2b82e592bcce3205e2472c42566467bbbd89dcad024,2065216,80,b6849a4ac922a51a1250a1a3bb774b5b88c8fdc96f0abac38d1753e9d05db064,T4 解讀：先變的是帳本，不是物理量,"已填結果增加的理解：窗口重置與參數恢復是兩個不同動作。
比較哪些欄位
先比 ηPA、電路功率、每次換手耗能；再比已累積時間、資料量、總耗能與 Run EE。
哪個量先變
按「重新開始量測」後，.60／25／100 不動，窗口欄歸零；變的是起算點。
反直覺結果
窗口耗能回到 0，不代表實際耗能降低；它表示舊窗口不再進入新比值。
無效窗口
恢復 .35／3／3 後，參數條件已變；新窗口要重新建立基線。
增加的理解
量測目的先固定比較邊界；T4 說明的是帳本如何重算，不是直接降低功率。","t4_explanation T4 解讀：先變的是帳本，不是物理量
頁面目的：解釋 T4 操作背後的物理與系統意義。
建議口述內容：重新開始量測改變的是帳本的起算點，而不是當下的功率。窗口耗能回到 0，不代表實際耗能降低，而是舊窗口的能量不再進入新的比值。
公式或圖表怎麼說：比較欄位顯示按「重新開始量測」後，只有起算點改變。恢復預設則代表參數條件已變，必須重建基線。
常見誤解／限制：誤將帳本歸零當作物理耗能的減少。
與下一個觀念的因果銜接：了解窗口與參數的獨立性後，我們進入 T5，測試改變發射功率的影響。",True,023d077013bb07c99f4479707efc5fb951c30428b888e075b59df98812b882e0,e48691a44bbf75fbd23a7eb76d520997b378f367d77af893818a741982a926f0,0b74cfd7a8ebcb2dccc475f1336c8c3b1487af2fdcb341b83a37ca145aac04aa,只有標題,,ppt/slideLayouts/slideLayout5.xml,ppt/slideMasters/slideMaster1.xml,17,12,"{""AUTO_SHAPE"": 5, ""PLACEHOLDER"": 1, ""TEXT_BOX"": 11}",0,,
e2,/home/u24/papers/beamshift/e2.pptx,60ba796c908387cdfe06c2b82e592bcce3205e2472c42566467bbbd89dcad024,2065216,81,67e0214eb37820dbe8ca4aceb38c2f21fe292b3f8556a97f01d95d8dd2c696f4,T5 目的：50 → 35 dBm 是下降 15 dB,"為什麼值得做：功率下降可能同時縮短送達資料，節能方向不能只看耗能。
量測目的
只改 Pₜ 衛星發射功率，觀察總耗能、送達資料與 Run EE 是否一起變化。
假說
50 → 35 dBm 是下降 15 dB；資料量可能下降更多，Run EE 可能不升反降。
要觀察
最後同時看耗能、資料量、低 SINR 絕對狀態與 Run EE。
問題
能量下降，是否足以抵銷送達資料的損失？","experiment_purpose T5 目的：50 → 35 dBm 是下降 15 dB
頁面目的：指出改變功率不一定代表真正的節能。
建議口述內容：T5 的目的是觀察當衛星發射功率從 50 dBm 下降到 35 dBm 時，總耗能、送達資料與 Run EE 的變化。能量下降是否足以抵銷送達資料的損失？
公式或圖表怎麼說：卡片指出我們的假說是：功率下降 15 dB，資料量可能下降更多，導致 Run EE 不升反降。
常見誤解／限制：直覺認為調降發射功率就一定能提高系統整體的節能效率。
與下一個觀念的因果銜接：我們來看 T5 的操作契約。",True,d0d7bbc7273e9e2b42c9d5193fe1ce67776048cef34c6be476c8ed3a25979920,324295a2416d4d54d0717031594a32dfbda2ae2330a5dc100ab45e8fec247fae,b10e2ac61383e72eaac3414bbfc6dd0492722ccca75e4452d474a037a9c5e585,只有標題,,ppt/slideLayouts/slideLayout5.xml,ppt/slideMasters/slideMaster1.xml,14,10,"{""AUTO_SHAPE"": 4, ""PLACEHOLDER"": 1, ""TEXT_BOX"": 9}",0,,
e2,/home/u24/papers/beamshift/e2.pptx,60ba796c908387cdfe06c2b82e592bcce3205e2472c42566467bbbd89dcad024,2065216,82,f9185b79b5f9fd71b5591252f1610b99a5e99afc3222ff7101d5620b10b08563,T5 操作：同一場景，只改一個 RF 設定,"量測目的先於操作：固定同一窗口，只改 Pₜ 衛星發射功率。
0
操作契約
1｜固定場景、幾何、使用者數量、Policy 與 wall-clock 時長。
2｜設定「Pₜ 衛星發射功率」為 50 dBm。
3｜按「重新開始量測」，跑完整窗口。
4｜改為 35 dBm，再按一次「重新開始量測」。
5｜兩臂讀同一組欄位；50 → 35 dBm 相差 15 dB。
可調參數
原則
只改一項：Pₜ。","experiment_operation T5 操作：同一場景，只改一個 RF 設定
頁面目的：規範 T5 的控制變因。
建議口述內容：我們將在同一個場景下，先設定 Pₜ 為 50 dBm 跑一個窗口，然後改為 35 dBm 再跑一個窗口，確保只改 Pₜ 這一項。
公式或圖表怎麼說：左側說明操作步驟，右側展示可調參數畫面。
常見誤解／限制：在比較中不小心變動了使用者數量或幾何條件。
與下一個觀念的因果銜接：由於我們要建立公平比較，這兩個讀值都必須在新窗口中進行。",True,bf2dbe283b038614b956de5d31fd210e9b74da543f8d4c61ff01bc22d9de25d0,87e8de0c4bba049839887c435ecec7b060c12dd83b063c57e9e2f2cb003d15ba,ce32c0eb0d82f466b092897a2e8345b416a7de9ccb9e8d7d8ee46fe58f561cc8,只有標題,,ppt/slideLayouts/slideLayout5.xml,ppt/slideMasters/slideMaster1.xml,12,8,"{""AUTO_SHAPE"": 4, ""PICTURE"": 1, ""PLACEHOLDER"": 1, ""TEXT_BOX"": 6}",1,image/png,dccad4e646b80a489ad823418dcbcc2a3133407a638e8d27531d15c12809fce6
e2,/home/u24/papers/beamshift/e2.pptx,60ba796c908387cdfe06c2b82e592bcce3205e2472c42566467bbbd89dcad024,2065216,83,d343ef3725ca6b4d92ca7aeeb584a84288c7a9c3b11eefd6ec5e2593bb85d9eb,T5 空白觀測表：先記中間量，再記累積量,"先填預測，再用同一個約 50.4 s 窗口的程式讀值核對。
先填預測；隨後以同一組程式讀值核對。
設定與時間
組別
Pₜ dBm
RF W
時間 s
基準
測試
收尾讀值
組別
資料
Mbit
耗能
J
Run EE
Mbit/J
SINR
%
基準
測試
規則
平均資料率只由資料量 ÷ 窗口時間導出，不當作瞬時值。","t5_blank_table T5 空白觀測表：先記中間量，再記累積量
頁面目的：準備記錄 T5 的中介與最終數值。
建議口述內容：我們需要先記錄無線電功率，再記錄資料量、平均資料率與總功率沿時間累積的能量。空格可以填入實際觀測結果。
公式或圖表怎麼說：表頭分為設定與時間、以及收尾讀值。平均資料率只由資料量除以窗口時間導出。
常見誤解／限制：把計算出來的平均資料率當作某一個瞬間的瞬時速率。
與下一個觀念的因果銜接：我們來看實際量測後，平均資料率發生了什麼事。",True,db2d5b510f0b5aa5593a194751daceb6f2a6a47a750909dd3feec48e3d5cd58a,0d8cc263897f7d3ec9a879dfa17e093cba3c3d229a1d8fd0b90ca1e61155d9f2,0ac107085fdfe5499f96825c077c5328bc6fc4abcd1bb2fdb73093fa9fa079ac,只有標題,,ppt/slideLayouts/slideLayout5.xml,ppt/slideMasters/slideMaster1.xml,64,20,"{""AUTO_SHAPE"": 30, ""PLACEHOLDER"": 1, ""TEXT_BOX"": 33}",0,,
e2,/home/u24/papers/beamshift/e2.pptx,60ba796c908387cdfe06c2b82e592bcce3205e2472c42566467bbbd89dcad024,2065216,84,42729098c4266396e837f81c28bf7c1737406341e966d3f3cf2bdfbea55492c6,T5 已填讀值：資料量與窗口平均資料率,"已填程式結果：同一約 50.4 s 窗口；平均資料率由資料量除以窗口時間導出。
設定與窗口
組別
Pₜ dBm
RF W
時間 s
基準
50
100.000
50.4
測試
35
3.162
50.4
收尾讀值｜基準 → 測試
資料 Mbit
632.3 → 21.0
平均 Mbit/s
12.55 → 0.417
耗能 J
14505.8 → 555.9
Run EE
0.044 → 0.038
低 SINR %
100 → 100
解讀
平均資料率不是瞬時值；只比較同一窗口實值。","t5_rate_collapse T5 已填讀值：資料量與窗口平均資料率
頁面目的：展示 T5 實際的資料崩跌。
建議口述內容：實際觀察顯示，功率從 100 W 降到 3.162 W，資料量從 632.3 Mbit 崩跌到 21.0 Mbit，平均資料率也從 12.55 降到 0.417 Mbit/s。
公式或圖表怎麼說：公式顯示平均資料率的崩跌。表格呈現同一窗口下實值與可重算的平均。
常見誤解／限制：未注意到資料崩跌的幅度遠大於功率下降。
與下一個觀念的因果銜接：我們把累積資料與總耗能一起並列來看。",True,9ecf071bdeeef6c44240b3040bb9286ad9eb6874e55f2360730db6ca79c2a18d,3582e74435e82995a723b05fd24367aa6407438b1c46720f06ae32453652a238,475ae871e08d8293d3398235d35aa49ef0fb6466078ed1488eac865f8d3a6021,只有標題,,ppt/slideLayouts/slideLayout5.xml,ppt/slideMasters/slideMaster1.xml,48,28,"{""AUTO_SHAPE"": 20, ""PLACEHOLDER"": 1, ""TEXT_BOX"": 27}",1,image/png,e2013bedf58a7b1e7c68fc0dc8b6fec33a2db8291faad254609c841876dbfc31
e2,/home/u24/papers/beamshift/e2.pptx,60ba796c908387cdfe06c2b82e592bcce3205e2472c42566467bbbd89dcad024,2065216,85,2072d2ab31273f48f51bd79d253539f57adf5cf7c03ccd6fb16ec96cd0710e48,T5 已填範例：先看累積資料與總耗能,"已填收尾結果：50 → 35 dBm（下降 15 dB），兩臂約 50.4 s。
基準線｜50 dBm
無線電功率 100.000 W／窗口約 50.4 s
總耗能
14505.8 J
累積資料量
632.3 Mbit
窗口平均資料率
12.55 Mbit/s
低 SINR 比例
100%
Run EE
0.044 Mbit/J
測試組｜35 dBm
無線電功率 3.162 W／窗口約 50.4 s
總耗能
555.9 J
累積資料量
21.0 Mbit
窗口平均資料率
0.417 Mbit/s
低 SINR 比例
100%
Run EE
0.038 Mbit/J
觀察
耗能下降，但資料量、窗口平均資料率與 Run EE 也下降。","measured_pair T5 已填範例：先看累積資料與總耗能
頁面目的：對比兩組的累積數值。
建議口述內容：比較兩邊，耗能雖然從 14505.8 J 降到 555.9 J，但資料量下降極為嚴重，且兩邊的低 SINR 比例都是 100%。Run EE 也從 0.044 降到了 0.038 Mbit/J。
公式或圖表怎麼說：左側為 50 dBm 的高耗能高資料，右側為 35 dBm 的低耗能極低資料。
常見誤解／限制：這裡我們記錄的是低 SINR 比例為 100%，不得把缺失的瞬時 SINR 寫成已觀測的具體數值。
與下一個觀念的因果銜接：為何 Run EE 會下降？這需要用比例來解讀。",True,151388cf94534df0452da3e6e2a0c41babc8c9db286d0ab34147c9fade1f1f07,09e0fc6195907ffe91e421753d4c7db7de3d5e982cd8bf9172effb6de04f6fad,73ed05647d75412344533eb3404b1f189826ff66c1e32ec09f5bb7be9e5e9fb3,只有標題,,ppt/slideLayouts/slideLayout5.xml,ppt/slideMasters/slideMaster1.xml,41,28,"{""AUTO_SHAPE"": 13, ""PLACEHOLDER"": 1, ""TEXT_BOX"": 27}",0,,
e2,/home/u24/papers/beamshift/e2.pptx,60ba796c908387cdfe06c2b82e592bcce3205e2472c42566467bbbd89dcad024,2065216,86,b2f23ad354f8beb97199c889e0e42d7c44c889d7d07cc63cf4ece164874c0be4,T5 解讀：資料量掉得比能量更快,"已填結果增加的理解：資料量縮得比耗能更快，Run EE 因而下降。
功率與耗能
耗能 14505.8→555.9 J
資料量與平均速率
資料 632.3→21.0 Mbit
比例關係
資料比 0.0332 小於耗能比 0.0383
品質警示
低 SINR 100%→100%；兩組都低品質
增加的理解
Run EE 0.044→0.038；資料與絕對品質未達標。","t5_explanation T5 解讀：資料量掉得比能量更快
頁面目的：解釋 Run EE 下降的數學與物理原因。
建議口述內容：這就是反直覺的結果：資料量剩下的比例（0.0332）小於耗能剩下的比例（0.0383）。分子縮得比分母快，導致 Run EE 下降。
公式或圖表怎麼說：公式計算了兩個比例。右下角也提醒，低 SINR 維持 100%，代表兩組都在不可接受的低品質狀態。
常見誤解／限制：能源下降不等於節能，因為服務品質並未達標。
與下一個觀念的因果銜接：為了嚴格判定，我們設立了四道門。",True,313a40274d3d042dd5992757fb323ca5789e38e783fae238e3be17b6bfd506dc,e37388e246396a20539e17aacef3fc105637158d942889c7a099985fd6355dfb,5b166ce8ccdb5bc22c8bca88eadb8a21ca9e176d57816bbd0a751e1125892d9d,只有標題,,ppt/slideLayouts/slideLayout5.xml,ppt/slideMasters/slideMaster1.xml,17,12,"{""AUTO_SHAPE"": 5, ""PLACEHOLDER"": 1, ""TEXT_BOX"": 11}",1,image/png,e09e7fc1413865fe2a8e6cca7845513d22b0eafade66a888a645c7923b7d00a2
e2,/home/u24/papers/beamshift/e2.pptx,60ba796c908387cdfe06c2b82e592bcce3205e2472c42566467bbbd89dcad024,2065216,87,612827edad3657f41f64acd3bae5d15f7c0c1a6f6c77fee29575836000eb068c,T5 四道門：能源、資料、品質、Run EE,"四個數字各自回答一個問題，門檻是預先定義的護欄。
能源
保留 3.83%
通過
資料
保留 3.32%
失敗
品質（絕對）
低 SINR 100%
失敗
Run EE
0.038 低於 0.044
失敗","four_gates T5 四道門：能源、資料、品質、Run EE
頁面目的：客觀評估 T5 實驗是否成功。
建議口述內容：我們用四個護欄來檢驗。能源耗損雖然下降而通過，但資料量保留未達 95%、品質處於低 SINR 警示，且 Run EE 也失敗。
公式或圖表怎麼說：四個面板列出能源、資料、品質與 Run EE 的判定結果，三個失敗或警示。
常見誤解／限制：以為一項指標變好就能宣稱系統優化。
與下一個觀念的因果銜接：這四道門必須是「且」的關係。",True,74777d60815f9539193884c64c1908547f1ab506b994446ed715254079f182fa,b81f7e4db839643a193f9d1f54749a981ba89fdf71168371974241210d0f718d,39d1b22fad9d910db5fcef4bbeb4c91932ef307c8bacb5ac06428f216ec7bdcb,只有標題,,ppt/slideLayouts/slideLayout5.xml,ppt/slideMasters/slideMaster1.xml,18,14,"{""AUTO_SHAPE"": 4, ""PLACEHOLDER"": 1, ""TEXT_BOX"": 13}",1,image/png,df0596d1e289a0096e46359e336e50fcbd68335d79bb82a561bb012d44321521
e2,/home/u24/papers/beamshift/e2.pptx,60ba796c908387cdfe06c2b82e592bcce3205e2472c42566467bbbd89dcad024,2065216,88,e3d36b4841273873667b31d3832e6e990582cb0a8cfc536fd92aa0cf977470f0,T5 判定：能源下降仍可能是假節能,"四道門是同時成立的條件；能源通過不會抵銷資料與品質失敗。
同一組收尾讀值的判定
能源
通過
資料
失敗
品質
失敗／警示
Run EE
失敗
全數條件
1 項通過
3 項失敗
本組不成立
結果
50 → 35 dBm：耗能下降，但資料量與絕對品質失敗，Run EE 也下降。","and_decision T5 判定：能源下降仍可能是假節能
頁面目的：確立判定邏輯。
建議口述內容：四道門是必須同時成立的條件。只要有一項失敗，例如這組 1 項通過、3 項失敗，本組調整就不成立。這顯示能源下降可能是假節能。
公式或圖表怎麼說：總結面板清楚標示「本組不成立」。
常見誤解／限制：把能源下降當作唯一的優化指標，犧牲了交付的服務。
與下一個觀念的因果銜接：有時候數字變好看，可能是因為服務縮水了，這是另一個替代解釋。",True,faebc18e557192d402a6c480482d5ef044edeb06ce8c680114acf643df210b4e,d934162de0fcccdbf2f1626133de8410fed55e4266887aa1512b4a930228d195,63e17aff27dafa74077012db1c84ee810dcf4d3aede01499669779588121680c,只有標題,,ppt/slideLayouts/slideLayout5.xml,ppt/slideMasters/slideMaster1.xml,23,16,"{""AUTO_SHAPE"": 7, ""PLACEHOLDER"": 1, ""TEXT_BOX"": 15}",0,,
e2,/home/u24/papers/beamshift/e2.pptx,60ba796c908387cdfe06c2b82e592bcce3205e2472c42566467bbbd89dcad024,2065216,89,763a384e16eda94c4b733e6fcef43949b0195b1a64d37af58c256827d3f8ddef,T5 替代解釋：服務縮小也會讓數字變好看,"替代解讀：服務對象變少，也會讓平均數字變好看。
使用者數量
平均值可能上升；服務人口／coverage 可能下降。
換手次數
換手變少不必然節能；差的鏈路可能降低送達資料。
定位
只作負控制，不取代正式 A／B。","negative_control T5 替代解釋：服務縮小也會讓數字變好看
頁面目的：展示負控制的概念。
建議口述內容：如果使用者變少，或換手次數減少，平均數字可能會上升，但這不代表真正的節能，因為服務的總人口與覆蓋率其實下降了。
公式或圖表怎麼說：畫面展示了使用者數量與換手次數作為負控制的考量。
常見誤解／限制：誤將因為服務對象減少造成的平均值上升當作技術上的節能。這只能作為負控制，不能取代正式的 A/B 比較。
與下一個觀念的因果銜接：最後我們來看 T6，釐清不同定義下的 EE 是否能互通。",True,3026e215ef192648b17e3f07408f9c45a6aa34b4cf17e503b4c2603a5af22067,4fb6debe046606291499cb40427cbfc4c68a6b7951a6543b2ddadc983a7b1371,e3631f5541130f502ae914d009da70e802a0f5e0e6c0ef4da5cd6c531b6a365e,只有標題,,ppt/slideLayouts/slideLayout5.xml,ppt/slideMasters/slideMaster1.xml,15,8,"{""AUTO_SHAPE"": 5, ""PICTURE"": 2, ""PLACEHOLDER"": 1, ""TEXT_BOX"": 7}",2,image/png,9c6404b3321d058e4436f9b5fd21f892bae36012ad250d7fbfd3285b43d533f3;da465b8e0931f1ef45af85c2fbd1d10e639d667a25fd41366d8a7b0e4404cb2b
e2,/home/u24/papers/beamshift/e2.pptx,60ba796c908387cdfe06c2b82e592bcce3205e2472c42566467bbbd89dcad024,2065216,90,244e092ca2c9d3a40f1fc0f48a80d4b38dc8a1ae7a8786144d8c6b6bc0875659,T6 目的：同名 EE 是否來自同一筆帳？,"為什麼值得做：同名 EE 若分子、分母或時間範圍不同，就不能互相代替。
量測目的
把資料產生器狀態、Psys、EEinst、使用者貢獻值與 EEeval 放在同一有效狀態下核對。
要觀察
Run EE、EEinst、EEeval 是否共用相同服務集合與功率邊界？個人貢獻值代表什麼？
預測
第一幀只建立基線，EEeval 留空；前進一個正時間差後，累積資料、累積耗能與 EEeval 才更新。
節能意義
3 W 控制項不是這筆系統功率；先釐清 Psys 的組成，才不會把不同邊界的 EE 混在一起。","t6_purpose T6 目的：同名 EE 是否來自同一筆帳？
頁面目的：辨析不同 EE 指標的邊界。
建議口述內容：T6 的目的是確認 Run EE、EEinst 與 EEeval 是否共用相同邊界。同名的 EE 如果分子分母的時間範圍不同，就不能互相代替。
公式或圖表怎麼說：預測第一幀只會建立基線，EEeval 留空。前進一個正時間差後，才會更新評估值。
常見誤解／限制：把單一時刻的 EEinst 當作整段時間的 Run EE。
與下一個觀念的因果銜接：我們來看具體操作，只前進一個時間間隔。",True,bb60ee95858ae1d5c60de78a32bc06a83b958b8af9e9eb8519638102ac94c5d8,aa7a147ed42c0d07f6cb45c001bb00196ab67a290e84b5618c7922257deb05fc,4fe2e8cdd49fbe4b1333282d8e08c84701b45690c69f1628b065ca1e0edeea34,只有標題,,ppt/slideLayouts/slideLayout5.xml,ppt/slideMasters/slideMaster1.xml,14,10,"{""AUTO_SHAPE"": 4, ""PLACEHOLDER"": 1, ""TEXT_BOX"": 9}",0,,
e2,/home/u24/papers/beamshift/e2.pptx,60ba796c908387cdfe06c2b82e592bcce3205e2472c42566467bbbd89dcad024,2065216,91,b8a2b311e65341ccd37ec223cd1e79a0a67ddde781842367435bc1cdc4eb76f1,T6 操作：只前進一個正的時間間隔,"固定一個可重算狀態，只前進一個正的時間間隔。
操作順序
1｜固定 1 個作用中 beam、1 個 UE、30 MHz、reuse=3。
2｜固定 RF 30 dBm、額定上限 1 W、SINR 0 dB。
3｜記錄第一幀：狀態、加總一致性、Psys、EEinst。
4｜只前進一個正時間差，再記錄 EEeval 與使用者列。
5｜按「重新開始量測」，確認重新建立基線。
只改一項：時間
第一幀
建立基線；EEeval 不應有值。
+ 正 dt
只前進正時間差；檢查加總與評估值。
重新開始量測
重新錨定，不把舊窗口接回來。","t6_operation T6 操作：只前進一個正的時間間隔
頁面目的：說明 T6 的單步控制法。
建議口述內容：我們固定所有條件，記錄第一幀，然後只前進一個正的時間差（dt），觀察 EEeval 的產生。最後再重新開始量測看基線如何重建。
公式或圖表怎麼說：左側列出五個步驟，右側三張卡片分別對應第一幀、前進 dt、重新開始量測的預期行為。
常見誤解／限制：時間步進過快，導致無法分辨瞬時與累積的差異。
與下一個觀念的因果銜接：我們將在觀測表中記錄這些值。",True,a5b7c95fd4431146c37a2fd2ecc860b273aa2e7890217815f245d745a341ca05,00423c6a0a7009d92bed3321c3b480731fac7a984736fc73c2096dec0f262451,dddd1c34ca9b2ff606353c82059d3976fc8662d4e60c1d23ebb31369c2337f40,只有標題,,ppt/slideLayouts/slideLayout5.xml,ppt/slideMasters/slideMaster1.xml,16,11,"{""AUTO_SHAPE"": 5, ""PLACEHOLDER"": 1, ""TEXT_BOX"": 10}",0,,
e2,/home/u24/papers/beamshift/e2.pptx,60ba796c908387cdfe06c2b82e592bcce3205e2472c42566467bbbd89dcad024,2065216,92,9f3bf41ec45a2de70ddd9aec0bf6d7d1796689b8733b30c734bf005c12826815,T6 空白觀測表：狀態、功率與 EE 分開記,"先填預測，再用同一組程式讀值核對狀態、功率與三種 EE。
先填預測；已填表會保留第一幀與正時間差樣本。
系統與瞬時
階段
狀態
Psys W
EEinst
Mbit/J
第一幀
+ 正 dt
重開後
窗口評估
階段
Run EE
Mbit/J
EEeval
Mbit/J
備註
第一幀
+ 正 dt
重開後
記法
第一幀 EEeval 留破折號；正 dt 後才填值。","t6_blank_table T6 空白觀測表：狀態、功率與 EE 分開記
頁面目的：提供 T6 觀察欄位。
建議口述內容：空格可以填入實際觀測結果。我們分開記錄系統層級的 Psys、Run EE、EEinst，以及評估欄的 EEeval 與使用者貢獻。
公式或圖表怎麼說：表格清楚區分了系統欄位與使用者欄位，並且標示缺值必須保留為空。
常見誤解／限制：沒有正時間差時也強行填入 EEeval 數值。
與下一個觀念的因果銜接：來看看實際程式填入的精確數值。",True,96196e42e993b2d0fb3af5d3b7611ac1a42571b865f53d9e387a4fa1700a0dca,abc9fb07c7f05e71bb62973b9d51eefc3c14c8f2fe4a8b99d3ebda2bc2399463,7434c70210021407b7c6a29e94b6aed26ceda301e5f9bd17e4e4870e4db56a1d,只有標題,,ppt/slideLayouts/slideLayout5.xml,ppt/slideMasters/slideMaster1.xml,74,21,"{""AUTO_SHAPE"": 35, ""PLACEHOLDER"": 1, ""TEXT_BOX"": 38}",0,,
e2,/home/u24/papers/beamshift/e2.pptx,60ba796c908387cdfe06c2b82e592bcce3205e2472c42566467bbbd89dcad024,2065216,93,f5946e727a2b2f15fc332ee175ef250f62afa21aef3071db51605c446a96f832,T6 已填範例：第一幀與正時間差的讀值,"程式已填結果：第一幀先基線，下一個正 dt 樣本才形成 EEeval。
第一幀｜基線
狀態
VALID／通過
Psys
5.618798314 W
EEinst
1.779739980
Run EE
—
EEeval
—
+ 正 dt｜評估樣本
狀態
VALID／通過
Psys
5.618798314 W
EEinst
1.779739980
Run EE
1.779739980
EEeval
1.779739980
讀值
正 dt：R 10 Mbit/s、Psys 5.618798314 W；EEeval 1.779739980。","t6_filled_example T6 已填範例：第一幀與正時間差的讀值
頁面目的：展示 T6 實際數值，凸顯時間差的必要性。
建議口述內容：第一幀時，每一時刻的總功率 Psys 為 5.618798314 W，此時 Run EE 與 EEeval 皆為空，只有 EEinst（1.779739980）有值。前進正 dt 後，累積資料 10 Mbit，EEeval 才出現 1.779739980。
公式或圖表怎麼說：表格顯示完整精度的讀值。重開窗口後，累積值再度為空，證明必須有時間差才能產生有效的評估值。
常見誤解／限制：把第一幀的 EEinst 當作已完成的效能評估。
與下一個觀念的因果銜接：這些差異來自於公式定義的根本不同，我們來解讀。",True,d2f9b470aa3243d40d4bf025fb6da65626463086805b23d1668c981778a85ba3,e8c0677de808609b1870222423f459aa05a9450b4f537f3da7bdbddb541f7fc5,9c0227b620802878da0921afe2544f56ff487b9a9ce2b47623feb3523f8ce933,只有標題,,ppt/slideLayouts/slideLayout5.xml,ppt/slideMasters/slideMaster1.xml,39,26,"{""AUTO_SHAPE"": 13, ""PLACEHOLDER"": 1, ""TEXT_BOX"": 25}",0,,
e2,/home/u24/papers/beamshift/e2.pptx,60ba796c908387cdfe06c2b82e592bcce3205e2472c42566467bbbd89dcad024,2065216,94,d8e3965812a9e81a3722a2f7d5dfcf8ebe0413b9722f7858d81376698bea5243,T6 解讀：貢獻值是帳務分攤，不是個人發射功率,"已填結果增加的理解：三種 EE 的分子、分母與時間範圍不同。
Run EE
分子：整段資料
分母：整段耗能
範圍：整段 run
EEinst
分子：單幀速率總和
分母：同幀 Psys
範圍：單一幀
EEeval
分子：逐步資料
分母：逐步耗能
範圍：評估窗口
增加的理解
EEinst 單幀；EEeval 等正 dt；Run EE 用整段帳本。","t6_explanation T6 解讀：貢獻值是帳務分攤，不是個人發射功率
頁面目的：釐清三種 EE 指標的數學定義差異。
建議口述內容：Run EE 是整段時間包含換波束／換衛星的總帳本；EEinst 只是單一幀的瞬時比值；EEeval 則是有效評估窗口內的加總。使用者的貢獻值是帳務分攤，而不是單一使用者的發射功率。
公式或圖表怎麼說：三張卡片與公式明確對比了分子、分母與時間範圍。三者不能互換。
常見誤解／限制：混用三種指標，導致比較基準不一致。
與下一個觀念的因果銜接：要使這些讀值成為證據，我們還要檢查 Producer 的狀態。",True,9b422e960f2c61e11547279bfd7599b65edd797815c6468a2f28fef553fac9eb,fa7fe452453a90821f57287aadf66154ce0002c4f27999df5fa0dcea57e91a85,b5d12748c4233f8a699e31e313215383660ff1530a05ea56e284911d67e96ac2,只有標題,,ppt/slideLayouts/slideLayout5.xml,ppt/slideMasters/slideMaster1.xml,14,10,"{""AUTO_SHAPE"": 4, ""PLACEHOLDER"": 1, ""TEXT_BOX"": 9}",3,image/png,31a90b90bee5347b8ec3ec80918e53215fb76f98df3e2e0b4ac968171bc9fc30;5e03176598e5d74a6393fcdc655c62935cd6ee5233845a33bd0402096a941cb2;8aafb6446fa116dc6333ced92e7d327172cb6a43967a13f12735c8286a029299
e2,/home/u24/papers/beamshift/e2.pptx,60ba796c908387cdfe06c2b82e592bcce3205e2472c42566467bbbd89dcad024,2065216,95,c7fb3654c6ca0b15c1ca65ec3f8538b5e6e9eccf3e7131aa90c981b2babbb804,T6 邊界：先看 Producer 狀態，再讀畫面,"先確認 Producer 狀態，再把畫面讀值當成證據。
Producer 狀態
有效 VALID
通過 PASS
可重算欄位
已累積時間
累積傳輸資料量
總耗能
整段累積效率
限制
未顯示欄位不補寫。","producer_status T6 邊界：先看 Producer 狀態，再讀畫面
頁面目的：確認證據的有效性。
建議口述內容：在把畫面讀值當成證據前，必須先確認狀態是否為 VALID 與 PASS。只有在有效狀態下的可重算欄位，才能被引用。
公式或圖表怎麼說：左側顯示了必須為 VALID 與 PASS。右側列出可被引用的可重算欄位。
常見誤解／限制：把 INVALID 狀態下的殘留數據當成有效證據。未顯示的欄位不得補寫。
與下一個觀念的因果銜接：這決定了我們的證據邊界在哪裡。",True,833e25d193d5eeffb3208c56c525cc023f09b46f1485d073bfd664ae4110ebb2,e415a9ccf52746eeef74324dd64a77ac672deee9bb304a0182624e05387fa7c1,9752ea812eccfa0f6f0a308617d5fb8e35252722dc007024692deee61ec192d5,只有標題,,ppt/slideLayouts/slideLayout5.xml,ppt/slideMasters/slideMaster1.xml,13,8,"{""AUTO_SHAPE"": 4, ""PICTURE"": 1, ""PLACEHOLDER"": 1, ""TEXT_BOX"": 7}",1,image/png,436ba06d3f5fa4d5dc16347ef09c4b087cf06d8b67e56ea367da30a59c8e4e5c
e2,/home/u24/papers/beamshift/e2.pptx,60ba796c908387cdfe06c2b82e592bcce3205e2472c42566467bbbd89dcad024,2065216,96,5bb1f6fd45a16c503cc9639e1156867f21a0a6dff2738fd09d1d53e3a2c7e59d,證據邊界：畫面能支持哪些可重算主張？,"證據強度由同一窗口內可重算的欄位決定。
可以支持
同一窗口的已累積時間、累積傳輸資料量、總耗能、整段累積效率與四道門判定。
不能替代
用單一瞬時功率取代總耗能；用漂亮平均值取代送達資料；用缺值推成 PASS。
必須留下
Pₜ 設定、重新開始量測、wall-clock 窗口、四個讀值與限制說明。
邊界
能重算到哪裡，就只主張到哪裡。","claim_boundary 證據邊界：畫面能支持哪些可重算主張？
頁面目的：總結證據的限制。
建議口述內容：我們的證據強度由同一窗口內可重算的欄位決定。能重算到哪裡，就只主張到哪裡。不能用單一瞬時功率取代總耗能，也不能用缺值推論。
公式或圖表怎麼說：卡片列出可以支持的主張、不能替代的錯誤做法，以及必須留下來的固定條件。
常見誤解／限制：用單一截圖的漂亮數字去涵蓋未被量測的時間區間。
與下一個觀念的因果銜接：最後，我們回顧整個量測的收束。",True,03edd1b2aa207a0e464a228e6cac0fbdfc9b1bd193cf3527da56f6e594e41bae,fbc7340ae70ee431d7b5a552323c1fba8f88f4be5f8a2f7cf257f23310be0728,ee6cff51f45f8a94eed7dd2d47e01d9fb9b19863c8e96ab080e19ea610d2befc,只有標題,,ppt/slideLayouts/slideLayout5.xml,ppt/slideMasters/slideMaster1.xml,14,10,"{""AUTO_SHAPE"": 4, ""PLACEHOLDER"": 1, ""TEXT_BOX"": 9}",0,,
e2,/home/u24/papers/beamshift/e2.pptx,60ba796c908387cdfe06c2b82e592bcce3205e2472c42566467bbbd89dcad024,2065216,97,2ca23144559258c79834f1c2d6280c1f66b169075c2af3cc6af0d0f5f6825dbe,把數值、判定與限制一起留下,"最後要留下的不是一個漂亮數字，而是一條可回對的證據鏈。
設定
Pₜ 與固定條件
重建
重新開始量測
記錄
四個 UI 讀值
判定
能源 × 資料 × 品質 × Run EE
可採信的收束
整段累積效率是否變好，必須由送達資料與總耗能共同回答。","close 把數值、判定與限制一起留下
頁面目的：為整個實驗與量測章節收尾。
建議口述內容：最後要留下的不是一個漂亮數字，而是一條包含設定、重建、記錄與判定，可回對的證據鏈。整段累積效率是否變好，必須由送達資料與總耗能共同回答。
公式或圖表怎麼說：四個步驟的箭頭圖顯示了完整的證據產生流程。
常見誤解／限制：以為只交出一個最終 EE 數字就完成了量測，忽略了過程與限制。
與下一個觀念的因果銜接：（這是最後一張投影片，直接結束或詢問是否有針對此量測域的問題。）",True,df28dfb4996c5082db6a1ab12667cccadcd2d1e41b6185c2752b704043887050,a3f7bdbfcbeb3871e4ed136f9c62d0febf79a3724ce7e9c49cbda9709e361cbd,bb1a6435dce53d054b94beca93c239add249375aa052233f4fb653d0ff15d397,只有標題,,ppt/slideLayouts/slideLayout5.xml,ppt/slideMasters/slideMaster1.xml,23,12,"{""AUTO_SHAPE"": 8, ""LINE"": 3, ""PLACEHOLDER"": 1, ""TEXT_BOX"": 11}",0,,
e2,/home/u24/papers/beamshift/e2.pptx,60ba796c908387cdfe06c2b82e592bcce3205e2472c42566467bbbd89dcad024,2065216,98,a08a7d828304b253f2812f569fabf347846930c837c01013572f2d01b2e272e9,"兩行軌道元素集（Two-Line Element Set, TLE）：原始兩行與固定位置","原始資料保留兩行、空白、符號與末位校驗；每行固定 69 字元。
STARLINK-1008
1 44714U 19074B   26218.22193858  .00020050  00000+0  25471-3 0  9996
2 44714  53.1486 187.7993 0006450 25.2950 334.8378  15.59407221371992
長度
Line 1 與 Line 2 都是 69 字元。
位置從 1 起算。
原始字串
空白、符號與省略小數點都要保留。
解析前不要重新排版。
資料語意
這是一組曆元附近的平均軌道元素，
不是即時位置。
樣本：starlink-20260806.tle｜共 10709 筆，此為第 1 筆｜曆元 2026-08-06
先保留原始兩行，再把每個固定欄位翻成平均軌道元素。","Slide 1: 兩行軌道元素集：固定欄位的原始紀錄
頁面目的：展示最原始的兩行軌道元素集（TLE）格式，建立對資料長相與固定欄位設計的初步認知。
建議口述內容：在進入複雜的軌道計算前，我們必須先看懂基礎資料。畫面上看到的是兩行軌道元素集，也就是 TLE 的原始格式。各位會發現這兩行各固定有 69 個字元。過去為了配合早期的電腦儲存與交換，它把一組「平均軌道元素」壓縮成固定長度與欄位。這不是每一刻的即時位置，而是用來預測軌道的基礎參數。這兩行裡的每一個空白、符號和沒有寫出來的小數點，都是格式本身的一部分。
公式或圖表怎麼說：畫面上這個黑色底框，就是我們在系統中真實讀取到的 STARLINK 衛星資料樣本。第一欄是衛星名字，接下來的兩行以 1 和 2 開頭，最後面的數字是 checksum。
常見誤解／限制：聽眾常誤以為 TLE 裡的一組數字就代表目前的座標（經緯度或高度）。應強調這只是能用來算出位置的平均參數，而且需要專屬的解析器才能正確讀取。
因果銜接：既然整行都是密密麻麻的數字，我們該怎麼解讀它？接下來我們會把第 1 行拆開，看看它包含了哪些決定衛星身份的關鍵欄位。",True,b564c371f1bd41a4b471b40bf49fdda456798cacca70e0314560ca1f94b7cec1,5b6a74954ce93ce0477d00b0c6211f65c5cb451d49771265ad703ad0cc073737,89a0e37f3444f8b7845b409f875d797a44ebf184b14da2b8af0bfbe9e4e009bc,只有標題,,ppt/slideLayouts/slideLayout5.xml,ppt/slideMasters/slideMaster1.xml,19,13,"{""AUTO_SHAPE"": 6, ""PLACEHOLDER"": 1, ""TEXT_BOX"": 12}",0,,
e2,/home/u24/papers/beamshift/e2.pptx,60ba796c908387cdfe06c2b82e592bcce3205e2472c42566467bbbd89dcad024,2065216,99,f39d0bf89755cfb5ebc5ee0e5827f41537a341fd28730b8603062ceff0d20111,TLE 第 1 行：物件識別欄位各有固定位置,"第 1 行先固定物件識別；原始值與欄位位置必須一起保存。
1 44714U 19074B   26218.22193858  .00020050  00000+0  25471-3 0  9996
位置 03–07｜目錄編號
原始：44714
白話：物件在 NORAD 目錄中的識別碼。
位置 08｜分類
原始：U
白話：TLE 的分類欄位。
位置 10–17｜國際代碼
原始：19074B
白話：發射年份、序號與片段。
行號 1 位於最左端；本頁其餘三個欄位說明這筆元素集對應哪個物件。
欄位索引：S1｜原始字串保留 69 字元，位置以 TLE 欄位表為準。
識別欄位回答「是哪個物件」；它們不是衛星當下的位置。","Slide 2: TLE 第 1 行：物件識別欄位各有固定位置
頁面目的：解析 TLE 第 1 行開頭的欄位，專注於衛星的分類號、分類標記與國際代碼等物件識別資訊。
建議口述內容：我們來看第 1 行的前半部。這裡負責回答「這是哪顆衛星」的問題。最前面的數字是目錄編號，接著是分類標記，再來是國際代碼，它們確認了衛星的身份。每個欄位都有固定的長度與位置，這是 TLE 的特徵。
公式或圖表怎麼說：畫面上標出了第 1 行最前面的幾個區塊，包含代表衛星編號的數字與年份代碼。這些都明確指出了物件的身分。
常見誤解／限制：誤以為這些代碼可以隨意縮短或省略空白。在 TLE 中，空白字元與特定位置是嚴格規定的，錯位就會導致解析失敗。
因果銜接：確認了衛星身份後，我們還需要知道這份軌道資料的時間基準，這就是接下來的曆元欄位。",True,e3a86a7fcea668d177098ad3f984d3f9f4917767769c975765923abb57014355,890dd3826e0a262599bc9c8d65453498389d18d3fba9aef8b7e8c17aed82add4,2d8c91683f9d40f61c556cf5446375dc567ab1665b39b0fb9c87e6295a2a68fa,只有標題,,ppt/slideLayouts/slideLayout5.xml,ppt/slideMasters/slideMaster1.xml,19,12,"{""AUTO_SHAPE"": 7, ""PLACEHOLDER"": 1, ""TEXT_BOX"": 11}",0,,
e2,/home/u24/papers/beamshift/e2.pptx,60ba796c908387cdfe06c2b82e592bcce3205e2472c42566467bbbd89dcad024,2065216,100,442f6021d0533010d24e94ab00b8d5b7d830fbeac9987ac8f6e2b6ea8c75e9d6,TLE 第 1 行：曆元與平均運動導數的格式位置,"第 1 行中段把參考時刻與平均運動導數寫成固定格式。
1 44714U 19074B   26218.22193858  .00020050  00000+0  25471-3 0  9996
位置 19–32｜曆元
原始：26218.22193858
白話：2026 年第 218 天，加上日內小數。
位置 34–43｜一階導數
原始：.00020050
白話：平均運動一階導數的欄位值。
位置 45–52｜二階導數
原始：00000+0
白話：省略前導小數點的固定欄位。
曆元是平均元素的參考時刻；導數是推進模型讀取的格式欄位，不直接等於即時加速度。
欄位索引：S1｜原始字串保留 69 字元，位置以 TLE 欄位表為準。
先解碼格式，再談物理意義；同一串字元不能跳過欄位規則直接解讀。","Slide 3: TLE 第 1 行：曆元與平均運動導數的格式位置
頁面目的：說明曆元年份／日序與平均運動一、二階導數，強調它們是特定格式的紀錄欄位，而非直接的位置。
建議口述內容：接著是曆元（Epoch）。曆元採用年份與當年的日數，加上小數點代表幾分幾秒，它告訴我們這組軌道資料在什麼時間點最準確。在曆元後面，是平均運動的一階和二階導數，用來描述軌道變化的趨勢。
公式或圖表怎麼說：圖中曆元欄位標示了年份與日序。這不是日常的日期格式，而是專用的日序表達法，旁邊的導數欄位也是依照科學記號的變體來記錄。
常見誤解／限制：常有人忽略曆元，以為隨便抓一份 TLE 就可以無限期預測。曆元只代表那個時間點擬合的狀態，遠離曆元後誤差會快速放大。
因果銜接：第 1 行的結尾還有幾個用來處理阻力模型與檢核的欄位，我們接著看它們的作用。",True,f5844828caca76c3cae1f331b1917e078a50ef4b0b255132d34bea2cc9a16f71,2428365fde1f7ac127acdecb6c3657d3c8c003f82a097b19ad70a18bddc630ba,0011a59bd7b147f99c4193c57ea7b24023e22671027d8a61c4fa30f79dae806a,只有標題,,ppt/slideLayouts/slideLayout5.xml,ppt/slideMasters/slideMaster1.xml,19,12,"{""AUTO_SHAPE"": 7, ""PLACEHOLDER"": 1, ""TEXT_BOX"": 11}",0,,
e2,/home/u24/papers/beamshift/e2.pptx,60ba796c908387cdfe06c2b82e592bcce3205e2472c42566467bbbd89dcad024,2065216,101,301992873856241bb2a194e2da7555e64f356b4667837d9767562fe012d4bce1,TLE 第 1 行：BSTAR、星曆類型與校驗欄位,"第 1 行末段保存阻力參數、星曆類型、元素集編號與校驗。
1 44714U 19074B   26218.22193858  .00020050  00000+0  25471-3 0  9996
位置 54–61｜BSTAR
原始：25471−3
白話：SGP4 使用的阻力調整欄位編碼。
位置 63｜星曆類型
原始：0
白話：TLE 格式中的星曆類型欄位。
位置 65–68／69｜編號／校驗
原始：9996／6
白話：元素集編號與逐行 checksum。
BSTAR 不是直接量到的阻力；checksum 只做格式校驗，不能替兩行元素判定物理正確性。
欄位索引：S1｜原始字串保留 69 字元，位置以 TLE 欄位表為準。
顯示字串、格式解碼與模型參數是三個層次，不能混成同一個量。","Slide 4: TLE 第 1 行：BSTAR、星曆類型與校驗欄位
頁面目的：解析 BSTAR 阻力參數、星曆類型、元素集編號與 checksum，強調 checksum 的功能與限制。
建議口述內容：第 1 行的最後幾項包括 BSTAR，這是 SGP4 模型專用的大氣阻力調整值。旁邊是星曆類型與元素集編號，用來標示資料版本。最右邊的第 69 個字元是 checksum，用來檢核這行字串在傳輸時有沒有掉字或錯誤。
公式或圖表怎麼說：畫面上特別標出 BSTAR 與最後的 checksum 欄位。BSTAR 隱含了小數點與指數，必須正確還原；checksum 則依 TLE 規則將指定字元換算後加總，再取除以 10 的餘數。
常見誤解／限制：誤以為 checksum 正確就代表軌道正確。checksum 只是格式與傳輸的檢核，不能保證兩行是來自同一組，更不能保證物理參數的合理性。
因果銜接：看完了第 1 行的時間與修正參數，接下來的第 2 行將揭曉軌道本身的形狀與方向。",True,648d179421b84d83cddbed5c0ae39907daeb28f9f1f729143594cf1cd4e03345,484c0f7f764cbbfbc79b0ba4d6ad0b61964d10494242fc81e782bdb745386d7e,6c3c09d7b1d7b8dc9abe015c36792f8a25fe72358e6c51eeed726d261310d084,只有標題,,ppt/slideLayouts/slideLayout5.xml,ppt/slideMasters/slideMaster1.xml,19,12,"{""AUTO_SHAPE"": 7, ""PLACEHOLDER"": 1, ""TEXT_BOX"": 11}",0,,
e2,/home/u24/papers/beamshift/e2.pptx,60ba796c908387cdfe06c2b82e592bcce3205e2472c42566467bbbd89dcad024,2065216,102,7ef52ab4e8b76b30cd2b524192bf038d7f58cbd2e2f9007871a8b139ccbe43cb,TLE 第 2 行：傾角、升交點赤經與偏心率,"第 2 行先描述軌道面與形狀；數值仍是平均元素。
2 44714  53.1486 187.7993 0006450 25.2950 334.8378  15.59407221371992
位置 09–16｜傾角（i）
原始：53.1486°
白話：軌道面相對赤道面的傾斜程度。
位置 18–25｜升交點赤經（RAAN）
原始：187.7993°
白話：軌道由南往北穿越赤道時，交點朝向哪個方向。
位置 27–33｜偏心率（e）
原始：0006450
白話：隱含小數；數值越接近 0 越像圓。
RAAN 描述的是升交點方向；它不是方位角，也不是衛星此刻在天空中的方向。
欄位索引：S1｜原始字串保留 69 字元，位置以 TLE 欄位表為準。
傾角、RAAN 與偏心率先把平均軌道的面向與形狀固定下來。","Slide 5: TLE 第 2 行：傾角、升交點赤經與偏心率
頁面目的：解析 TLE 第 2 行前半段，講解決定軌道平面幾何與形狀的三個關鍵欄位：傾角、升交點赤經（RAAN）與偏心率。
建議口述內容：第 2 行主要描述軌道形狀與姿態。傾角決定了軌道面相對於赤道的傾斜程度；升交點赤經（RAAN）描述了軌道平面朝向，也就是向北穿越赤道時的交點方向；接著是偏心率，用來表示軌道有多圓或是多扁。
公式或圖表怎麼說：圖中顯示傾角與 RAAN 的角度值，以及偏心率。偏心率這欄前面通常省略了小數點，解析時必須補上。
常見誤解／限制：以為這些數字就是衛星當下的經緯度和高度。這些只是決定軌道骨架的參數，不是實際位置。
因果銜接：有了軌道骨架後，我們還需要知道軌道的對齊方向與衛星的進度，這在第 2 行的後半段。",True,11024baa780d781c8606f13063ed6106268bf7ab568c197af458b5e6a89cc9d9,4c8e742d9b4ca98a89c8d8d2d6dc4fd6037faf8d4c8de6fc277e931b84dc8232,6a8caf84a0319741c065b966f6c55f52a77fe68d814792ac762d0b1660fa7f6e,只有標題,,ppt/slideLayouts/slideLayout5.xml,ppt/slideMasters/slideMaster1.xml,19,12,"{""AUTO_SHAPE"": 7, ""PLACEHOLDER"": 1, ""TEXT_BOX"": 11}",0,,
e2,/home/u24/papers/beamshift/e2.pptx,60ba796c908387cdfe06c2b82e592bcce3205e2472c42566467bbbd89dcad024,2065216,103,f8e596dd04bb03b01573927d083b190a2b4b489569ed232539dce1b80231f09b,TLE 第 2 行：近地點幅角、平近點角與平均運動,"第 2 行中段描述近地點方向與軌道進度。
2 44714  53.1486 187.7993 0006450 25.2950 334.8378  15.59407221371992
位置 35–42｜近地點幅角（ω）
原始：25.2950°
白話：近地點在軌道面內相對升交點的方向。
位置 44–51｜平近點角（M）
原始：334.8378°
白話：用均勻參數表達軌道進度，不是地面方位。
位置 53–63｜平均運動（n）
原始：15.59407221
白話：每天平均繞行幾圈，反映週期與高度。
平近點角是推進用的平均進度參數；它不等於附近的實體角度。
欄位索引：S1｜原始字串保留 69 字元，位置以 TLE 欄位表為準。
方向欄位與進度欄位合在一起，SGP4 才能把平均元素推到指定時間。","Slide 6: TLE 第 2 行：近地點幅角、平近點角與平均運動
頁面目的：解析近地點幅角、平近點角與平均運動，說明它們如何描述軌道上的點位與推進進度。
建議口述內容：接著是近地點幅角，它指出軌道最接近地球的那一點在哪裡。然後是平近點角，它代表衛星在簡化平均軌道上的相位／進度。最後是平均運動，告訴我們衛星每天能繞地球幾圈。
公式或圖表怎麼說：畫面上藍色的平近點角是一個角度進度；旁邊的平均運動數字則代表每天繞行的圈數，從這個數字可以推算出軌道週期與高度。
常見誤解／限制：誤以為平近點角就是實際測量出來的角度。其實平近點角是一個在簡化平均軌道上的相位／進度，只有在正圓軌道時才會剛好等於實體幾何角度。
因果銜接：在這些描述軌道與進度的參數之後，第 2 行的結尾同樣有負責管理與檢核的欄位。",True,1fb2a69c43dc5f0108832109091c250c743834d16950a687a1035119cf4af175,f92b2d9cf79d9990d601a383d51b45d5523cca9c32e35835707bcc0b3dd1c1e0,321657db9847c6376617ce2e141b54fd03841c1bb8e1369d798b9feea553ee63,只有標題,,ppt/slideLayouts/slideLayout5.xml,ppt/slideMasters/slideMaster1.xml,19,12,"{""AUTO_SHAPE"": 7, ""PLACEHOLDER"": 1, ""TEXT_BOX"": 11}",0,,
e2,/home/u24/papers/beamshift/e2.pptx,60ba796c908387cdfe06c2b82e592bcce3205e2472c42566467bbbd89dcad024,2065216,104,4977e39ce03be9857b55b86ed281247b5bfe757b6a06148d019bc3a5759a42b8,TLE 第 2 行：參考圈數與 checksum,"第 2 行末端保留參考圈數與 checksum；末位不是可刪除的裝飾。
2 44714  53.1486 187.7993 0006450 25.2950 334.8378  15.59407221371992
位置 64–68｜曆元圈數
原始：37199
白話：參考時刻的 revolution number。
位置 69｜checksum
原始：2
白話：整行的 modulo 10 校驗數。
兩行各自有 checksum；逐行校驗能抓部分誤碼，但不會保證兩行彼此匹配。
欄位索引：S1｜原始字串保留 69 字元，位置以 TLE 欄位表為準。
保存尾欄，才能重建完整 TLE；省略末位會改變資料本身。","Slide 7: TLE 第 2 行：參考圈數與 checksum
頁面目的：說明第 2 行結尾的參考圈數與 checksum 欄位，強調它們的角色。
建議口述內容：第 2 行的最後是參考圈數，這記錄了在曆元時刻衛星已經繞行了幾圈。最末尾同樣有一個 checksum 校驗碼，用來檢驗這一行的字元完整性。這兩個欄位不是可有可無的裝飾，而是保持 TLE 完整性的必要結構。
公式或圖表怎麼說：畫面右下角的區塊標示出參考圈數與 checksum。它們各自佔有固定的字元長度。
常見誤解／限制：以為省略末位不影響軌道計算。雖然它們不直接改變軌道幾何，但省略它們會改變資料字串結構，導致解析器無法辨識。
因果銜接：我們現在已經看懂了兩行資料的所有欄位，那這六個主要的軌道元素是如何合作的呢？",True,03f10b91c9b91a2c5e0caca3624c93ada60f33694e911c798503a39b052e943c,f4ebdb1966da4f81a698739b645c0f16b0c7a1c528b9a1c7b5296c8790a0a25d,0db0782f9e585e513457af7abeb2ed095efbf69069493b69fafe51abeb968599,只有標題,,ppt/slideLayouts/slideLayout5.xml,ppt/slideMasters/slideMaster1.xml,16,10,"{""AUTO_SHAPE"": 6, ""PLACEHOLDER"": 1, ""TEXT_BOX"": 9}",0,,
e2,/home/u24/papers/beamshift/e2.pptx,60ba796c908387cdfe06c2b82e592bcce3205e2472c42566467bbbd89dcad024,2065216,105,fc8db6099c8bd33472da455295a4818e7f35592fb5048642c7f2ca83cb56005c,平均軌道元素：六個欄位如何共同描述運動,"欄位名稱只是入口；六個平均元素共同描述軌道面、形狀、方向與運動進度。
軌道面
傾角（i）決定軌道面相對赤道的傾斜；升交點赤經（RAAN）決定軌道由南往北穿越赤道時，交點朝向哪個方向。
形狀與近地點
偏心率（e）描述偏離圓形的程度；近地點幅角（ω）描述近地點在軌道面內相對升交點的方向。
運動進度
平近點角（M）是均勻的軌道進度參數；平均運動（n）是每天平均繞行圈數。
欄位語意索引：S1、S3｜完整名詞以繁體中文與縮寫並列。
這六個值定義可被 SGP4 推進的平均軌道，不是六個即時狀態量。","Slide 8: 平均軌道元素：六個欄位如何共同描述運動
頁面目的：統整前面提到的六個平均軌道元素，說明它們如何共同描述軌道面、形狀與運動進度。
建議口述內容：這六個參數完美分工：傾角與升交點赤經聯手決定了軌道面在太空中的姿態；偏心率和近地點幅角定出了軌道的形狀與方向；最後，平均運動決定了速度，平近點角則決定了衛星在曆元當下的進度。把它們組合起來，SGP4 演算法就能推進並描繪出衛星的軌跡。
公式或圖表怎麼說：圖中將這六個元素分為軌道面、形狀與近地點、運動進度三大類。這六個值定義的是可被 SGP4 推進的平均軌道，而不是單純的瞬時狀態。
常見誤解／限制：誤以為軌道是固定在地表上的。軌道面不會跟著地表一起轉，而且仍會受攝動逐漸改變；地球自轉與軌道運動共同形成我們看到的地面軌跡。
因果銜接：傳統的兩行字串雖然精簡但容易讀錯，為了解決這個問題，標準化的軌道訊息模型應運而生。",True,658b5d00496176925d5fb20aeb929a118653fb276350a60ee3e35153388cc79e,1617ac932f5aae8ba59ebc1f3d6ab07ff38bbe039bf12239144a7ae96b415576,07936c2958160ff64ba4a5fd4bc0c9d42b5446320c206462edecf0f61f0e750b,只有標題,,ppt/slideLayouts/slideLayout5.xml,ppt/slideMasters/slideMaster1.xml,15,10,"{""AUTO_SHAPE"": 5, ""PLACEHOLDER"": 1, ""TEXT_BOX"": 9}",0,,
e2,/home/u24/papers/beamshift/e2.pptx,60ba796c908387cdfe06c2b82e592bcce3205e2472c42566467bbbd89dcad024,2065216,106,fe759a0d00dd90f8f3f3bfb83f1e4c376a5d17a8e9709b76dd19283b5d348530,OMM：標準訊息與承載格式要分層理解,"OMM 定義的是軌道平均根數交換訊息；JSON／CSV 只可能是它的承載格式。
OMM（Orbit Mean-Elements Message）
CCSDS 標準的軌道平均根數交換訊息。
欄位語意與交換結構在這一層定義。
JSON
可能的承載格式；
不是另一個軌道模型。
CSV
可能的承載格式；
不是 OMM 同級概念。
TLE 與 OMM 的關係
TLE 是固定欄位文字格式；OMM 是標準訊息概念，兩者都可承載平均根數。
格式索引：S1、S2｜訊息標準與承載格式不要並列成同一層。
OMM 是 CCSDS 標準概念；JSON／CSV 是可能的承載格式。","Slide 9: OMM：標準化軌道訊息模型與承載格式
頁面目的：釐清 OMM (Orbit Mean-Elements Message) 是標準化軌道訊息模型，說明它可用 JSON、XML、KVN 等承載格式，不只是單一副檔名。
建議口述內容：為了改善 TLE 擁擠且隱含小數點的問題，國際上制定了 OMM，這是一個標準化軌道訊息模型。OMM 定義了該有哪些資料，而這些資料可以用 JSON、XML 或 KVN 等不同的承載格式來表現。它讓欄位變得清晰易讀，但要注意，底層的物理參數依然是平均軌道元素。
公式或圖表怎麼說：畫面上對比了傳統 TLE 與 OMM 格式。OMM 不是一種單一副檔名，而是可以實作在 JSON、XML 或 KVN 內的標準結構。
常見誤解／限制：以為改用 JSON 格式的 OMM，算出來的衛星位置就會比較準確。實際上它們裝載的內容一樣，只有解析變得更安全，預測的精確度並沒有改變。
因果銜接：既然這些容器裝的都是平均元素，那我們到底要怎麼把它們變成可以畫在地圖上的位置呢？這就要請出 SGP4 模型了。",True,80542efd1159c3c436ef974e9fb8a4ad7243d4a48f46f92565c8a88dc73afeed,a8b255e830c3a277d83081df12d23b98681f2866d475033ce79a59b9b590e58d,705dad0497eff8d38350d94376dd62647a479f5d9b0bc066c8b77c7a0cff8c87,只有標題,,ppt/slideLayouts/slideLayout5.xml,ppt/slideMasters/slideMaster1.xml,19,12,"{""AUTO_SHAPE"": 7, ""PLACEHOLDER"": 1, ""TEXT_BOX"": 11}",0,,
e2,/home/u24/papers/beamshift/e2.pptx,60ba796c908387cdfe06c2b82e592bcce3205e2472c42566467bbbd89dcad024,2065216,107,85b55e849362dca7f09293ad9cad4423c672dfa5a399ad3757d3461bc3ce653d,SGP4：平均元素加目標時間，得到某一刻的位置與速度,"TLE／GP 只提供平均元素；SGP4 還需要目標時間，才會輸出某一刻的狀態向量。
輸入
TLE／GP
平均元素
時間
目標時間 t
推進
SGP4
平均元素推進
輸出
TEME 位置
與速度
推算索引：S4｜SGP4 將平均元素與目標時間映射成 TEME 狀態。
同一筆平均元素配上不同目標時間，會得到不同的 TEME 位置與速度。","Slide 10: SGP4：平均元素加目標時間，才得到某一刻的位置與速度
頁面目的：介紹 SGP4 是把平均元素與目標時間轉換為狀態向量（位置與速度）的推算引擎。
建議口述內容：這裡就是計算的核心：SGP4 演算法。我們把剛才說的平均元素作為輸入，加上一個想要查詢的目標時間，一起送進 SGP4 模型，它就會推算出衛星在那一刻的三維位置與速度。
公式或圖表怎麼說：畫面中間有一行數學式：位置與速度的狀態向量，等於把平均元素與目標時間代入 SGP4。這表示，同一筆資料，只要你給不同的時間，SGP4 就會吐出不同的位置。
常見誤解／限制：以為 TLE 加上簡單的圓周運動就能算出位置。實際上必須用 SGP4 這種包含了特定重力攝動與阻力模型的複雜演算法才能還原，否則誤差會非常大。
因果銜接：SGP4 幫我們算出了位置和速度，但它輸出的三維座標系，並不是我們熟悉的經緯度。它輸出的是一種叫做 TEME 的座標。",True,e844b8f843b5c222cb4f7e7b11d9acaefb2b52a2da4a3675f80cfe1e7d54e679,21f587a8f284c6634030dc4077f69b7a4751ccfe3231ea9a0800f2b21a47f6c1,258ec480a4139f53d3b68fb7c8785e53b3a87ea44ebf7e49085cb5a632492ef5,只有標題,,ppt/slideLayouts/slideLayout5.xml,ppt/slideMasters/slideMaster1.xml,21,12,"{""AUTO_SHAPE"": 9, ""PLACEHOLDER"": 1, ""TEXT_BOX"": 11}",1,image/png,2fa271bf1d35d252c6779d54a7cc643d8b87eb8240ab96da7416ff2d31ed8935
e2,/home/u24/papers/beamshift/e2.pptx,60ba796c908387cdfe06c2b82e592bcce3205e2472c42566467bbbd89dcad024,2065216,108,b4e73354ac191e0e90daa54ff60553b38b64d211b94f30fd3cc1455637d01351,TEME：三維位置與速度的輸出參考框架,"TEME 是 SGP4 的輸出參考框架；三維位置與速度還不是地面站的經緯度或局部方向。
TEME（真赤道與平春分點座標系）
SGP4 直接輸出三維位置與速度向量，仍在 TEME 參考框架。
它不是經緯度，也不是地面站的 ENU 方向。
向量內容
位置 r、速度 v；
單位與時間要跟推算契約一致。
觀測用途
要得到方位、仰角與斜距，
還需做座標轉換。
座標索引：S4｜TEME 描述 SGP4 輸出，不直接回答觀測者方向。
TEME 先回答衛星在參考框架中的位置；觀測者方向要交給後續轉換。","Slide 11: TEME 輸出：三維位置與速度，不是經緯度
頁面目的：說明 SGP4 的輸出座標系為 TEME（真赤道與平春分點），釐清它不是地球表面的經緯度。
建議口述內容：SGP4 算完後，吐出來的座標是在 TEME 這個框架下的。TEME 的全名是真赤道與平春分點座標系，它是一個相對於宇宙空間大致固定的慣性參考系。請特別記住，這絕對不是我們在 GPS 上看到的經度、緯度和高度，也不是相對於你頭頂的東南西北。
公式或圖表怎麼說：底下兩個板塊明確對比：TEME 是什麼？它是 SGP4 專用的三維位置向量承載框架。它不是什麼？它不是經緯度，也不是地面上的方向。
常見誤解／限制：直接把 SGP4 輸出的座標當成地球表面的幾何位置拿去畫圖，結果會發現衛星看起來跟著地球自轉一起跑，完全不對。
因果銜接：因為 TEME 是不跟著地球自轉的，但我們觀測者站在自轉的地球上。所以，我們必須把這個位置進行一連串的座標轉換。",True,e3e2c6865f4d2bf19fd1f15b2c675d67536c4c4cfcc5e04c3cb2b4f039da89a7,11de4fa7d8f6664cb9b72042a101ca8a6cff950645f441776fcd9d68c743af08,ffee84325f6a1dbba247bb92d4a6e20b3f663f6a7e7deb34e51c2143a07e079c,只有標題,,ppt/slideLayouts/slideLayout5.xml,ppt/slideMasters/slideMaster1.xml,15,10,"{""AUTO_SHAPE"": 5, ""PLACEHOLDER"": 1, ""TEXT_BOX"": 9}",0,,
e2,/home/u24/papers/beamshift/e2.pptx,60ba796c908387cdfe06c2b82e592bcce3205e2472c42566467bbbd89dcad024,2065216,109,6cd9f6599e1ef12c47c26f541ad5a29037927a99024024518532fe931511e741,TEME → ECEF → ENU：位置轉成觀測者方向,"位置要從 SGP4 的參考框架轉到地球與觀測者的尺度，才能得到可用的方向量。
TEME
SGP4 三維
位置與速度
ECEF
地心地固
隨地球旋轉
ENU
東、北、天
局部基底
az／el／ρ
方位、仰角
斜距
ECEF
地心地固座標；先把地球自轉納入同一座標尺度。
ENU
以觀測者位置建立東、北、天三個局部方向基底。
座標索引：S4｜轉換鏈的最後輸出才是觀測者可用的方位、仰角與斜距。
TEME 給出參考框架中的狀態；ENU 才把它翻成觀測者此刻看到的方向。","Slide 12: TEME → ECEF → ENU：位置要轉成觀測者的方向
頁面目的：說明從 TEME 慣性座標系，轉換到隨地球自轉的 ECEF，再轉換到觀測者局部的 ENU（東北天）座標系的鏈條。
建議口述內容：為了知道我們現在看向天空的哪個方向能看到衛星，必須做兩階段轉換。第一步，把不隨地球轉的 TEME，轉成跟著地球一起轉的 ECEF，這樣我們才能定出它在地表上空的相對位置。第二步，再把它轉成 ENU，也就是以觀測者所在的經緯度為中心，建立東、北、上三個方向。最後才能算出仰角和方位角。
公式或圖表怎麼說：從左到右的箭頭展示了這條轉換鏈：TEME 轉 ECEF 修正了地球的自轉；ECEF 轉 ENU 修正了觀測者的所在地；最後解出方位、仰角和斜距。
常見誤解／限制：忽略地球自轉時間與座標轉換，直接用幾何三角計算。這條鏈中的每一步都有時間相依性，必須使用一致的時間基準，否則位置與角度都會產生誤差。
因果銜接：現在我們知道了仰角、方位和斜距。這三個數字，就是判斷衛星能不能看見、通訊能不能建立的物理基礎。我們特別來看看這些角度有什麼不同。",True,6c0fa4e691182bf90e721ce7b39c3f9323aaa77690335f4f4f5d0be7b40a5c5f,96ce162776ceba74c1b61e06568b9c2b87d622bc521d1b2afea407f1286a8c07,7fdebe987cd3a466dd387beac9d58b28cdaa36e4d2c0d8d51904d77164727861,只有標題,,ppt/slideLayouts/slideLayout5.xml,ppt/slideMasters/slideMaster1.xml,27,16,"{""AUTO_SHAPE"": 11, ""PLACEHOLDER"": 1, ""TEXT_BOX"": 15}",1,image/png,d8241dbc8f73cae88942bb33e9c6718bb53f0aba9a95d7a3ffdaec17cdc920ce
e2,/home/u24/papers/beamshift/e2.pptx,60ba796c908387cdfe06c2b82e592bcce3205e2472c42566467bbbd89dcad024,2065216,110,9722c31a125da9323e39b27160707b3f71ab6555d07b589b2f9ba2a08036f9ef,可見性仰角：幾何門檻、離軸角與指向角,"仰角是幾何可見性門檻；離軸角與衛星指向角則分別服務方向圖與指向限制。
仰角（elevation）
服務目標
地平線／最低仰角
仰角（elevation）
地平線到視線的角度；先過最低仰角門檻。
方向圖離軸角 θ
boresight 與目標視線的夾角；進入 G(θ)。
離天底指向角
天底與 boresight 的角度；它是指向限制，不是 G(θ)。
幾何索引：S5｜圖中 RF 波依衛星方向朝向服務目標。
看得見、天線正對、波束允許指向是三件事；不能用一個角度代替全部。","Slide 13: 可見性先過仰角；三種角度各自服務不同判斷
頁面目的：區分並定義三種角度：仰角（可見性）、方向圖離軸角（天線增益）、指向角（硬體限制），破除用單一角度代表一切的誤解。
建議口述內容：在模擬中，我們常提到角度，但其實有三種不同的角度，用途完全分開。首先是仰角，也就是相對於地平線的高度，這決定了信號會不會被地球擋住。第二個是方向圖離軸角，這是從衛星天線的正中心偏離多少度，決定了信號發射出去的強弱。第三個是指向角，這是衛星的姿態限制，決定了天線能往哪個方向擺。
公式或圖表怎麼說：請看圖中的藍線，從地面觀測者往上看是仰角；而衛星天線打下來的角度則是離軸角。右邊的三個板塊說明了：仰角用來判斷地平線遮蔽，離軸角用來查表算增益，指向角則是物理硬體的限制。
常見誤解／限制：把仰角低和離軸角大混為一談。有時候仰角很低，但衛星剛好把天線正對著你；必須把幾何遮蔽與天線輻射方向圖分開計算。
因果銜接：角度決定了方向圖的增益，那麼距離（斜距）決定了什麼呢？這兩者在鏈路預算中是分開走的。",True,acabdb62449160d39e3980fc35575f60a7dedf2355d047bee80e55f4dd94fd28,282e3a3a3771b05b06c1bd9058e9b1db6bf083392ddee78c6e9491dca00865d4,4497b517819d8c1f65f6a0fe451fbfdadfe04cec1f2ada820734a6128c61f48e,只有標題,,ppt/slideLayouts/slideLayout5.xml,ppt/slideMasters/slideMaster1.xml,22,13,"{""AUTO_SHAPE"": 6, ""LINE"": 2, ""PICTURE"": 1, ""PLACEHOLDER"": 1, ""TEXT_BOX"": 12}",1,image/png,c87913bd0b7a835106ea5d257c2b22f238a297876ed4f374ec05b7bff76cc4fa
e2,/home/u24/papers/beamshift/e2.pptx,60ba796c908387cdfe06c2b82e592bcce3205e2472c42566467bbbd89dcad024,2065216,111,fe015e7c0d3abfd3f8a51c685ae91fc7959ef220f25bf96138aec565d089f80a,鏈路路徑：角度、斜距與 SINR 分開計算,"方向圖由角度決定，FSPL 由斜距與頻率決定；兩條路徑最後才合成鏈路品質。
θ → G(θ)
方向圖衰減
離軸角改變訊號權重。
ρ → FSPL
自由空間損耗
斜距與頻率進入此處。
C／I／N → SINR
訊號、干擾、雜訊
合成鏈路品質。
模型邊界
絕對功率還受 EIRP、增益、頻率與雜訊影響；未列入的效應不能由 SINR 公式自行補上。
鏈路索引：S5｜角度不放進 FSPL；兩者是不同輸入。
不要把 θ 放進 FSPL；一個是方向圖輸入，一個是斜距輸入。","Slide 14: 角度與距離走不同鏈路路徑，最後才合成 SINR
頁面目的：解析鏈路預算中，角度（影響增益）與斜距（影響自由空間路徑損耗）的分流，以及如何最終合成訊雜比（SINR）。
建議口述內容：計算通訊品質時，角度和距離是走兩條不同的帳本。剛才說的離軸角，拿去查天線方向圖，得到方向圖衰減。而我們算出來的斜距，則是用來計算自由空間路徑損耗。這兩個損耗互相獨立。最後，把這些增益和損耗，加上發射功率與雜訊、干擾，全部匯總起來，才能得到最終的 SINR。
公式或圖表怎麼說：左邊的板塊指出角度決定方向圖增益；中間的板塊指出距離決定損耗；最後箭頭匯聚到右邊，將訊號、干擾和雜訊合成為 SINR。
常見誤解／限制：錯誤地以為距離變遠，天線方向圖的衰減也會按比例變大。方向圖只管方向，不管距離；距離衰減只管路徑長度，兩者是物理上完全獨立的機制。
因果銜接：既然有了鏈路需求，這是不是代表衛星就要從電池抽出這麼多電？並不是。我們來看看功率的計算路徑。",True,b9743d01232d314d559f5da039d8eb238845dbc821355f1878323b8b87c444a4,2ab52f3db7059b6ec00785bf01a454a649d27e33ad039d14c75033934ad6f7eb,10b2739b90d8e4f98e96225317f088efa6d5e87bb4719df9bd79d32356a70002,只有標題,,ppt/slideLayouts/slideLayout5.xml,ppt/slideMasters/slideMaster1.xml,20,12,"{""AUTO_SHAPE"": 8, ""PLACEHOLDER"": 1, ""TEXT_BOX"": 11}",1,image/png,906abe4a2203302859733ab79f8beb14fd7e18bd613d57663a6829947d9b01f2
e2,/home/u24/papers/beamshift/e2.pptx,60ba796c908387cdfe06c2b82e592bcce3205e2472c42566467bbbd89dcad024,2065216,112,c3561a2abb215c9e468905ff0e737e6f3110fac94293c19886a05d4bc52ef02b,功率帳本：RF 輸出、PA 輸入與消耗功率,"鏈路所需的 RF 輸出，還要經過 PA 取電與系統靜態項，才形成消耗功率。
Required RF output
由目標 SINR、鏈路增益
與功率上限決定。
PA input
RF 輸出除以 ηPA；
是功率帳本的一項。
Consumed power
PA 輸入＋電路、基頻
與已建模事件項。
讀值邊界
RF 輸出是輻射功率，不等於牆上取電；ηPA、電路、基頻與事件項各有模型假設。
功率索引：S5｜消耗功率才進時間窗 EE 的分母。
RF 輸出是鏈路需求；PA 輸入與靜態項才是功率帳本的一部分。","Slide 15: RF 輸出不是消耗功率：PA 輸入與靜態項才進功率帳本
頁面目的：解釋從 RF 發射需求到實際消耗功率（Consumed Power）的轉換路徑，釐清輻射功率不等於取電功率。
建議口述內容：為了維持剛才算出的 SINR，衛星會計算出一個需要的 RF 輸出功率。但要注意，發射出去 10 瓦的電磁波，不代表只要用 10 瓦的電。這要經過功率放大器（PA）。如果 PA 的效率只有 35%，那你必須輸入快 30 瓦的電。此外，系統還有電路本身的靜態功耗。這些全部加起來的消耗功率，才是真正從電池抽走的電，也才是我們算能量效率（EE）時的分母。
公式或圖表怎麼說：畫面上方的公式和底下三個板塊對應。RF 輸出除以 PA 效率，變成 PA 輸入。最後加上常數項，得到消耗功率。
常見誤解／限制：直接把通訊公式裡的射頻發射功率當成能源消耗。前者是天線端的 RF 輸出，後者是系統硬體的總取電，兩者可能相差數倍，而且還存在固定電路成本。
因果銜接：我們已經看完了從軌道到功率的整個底層計算。當我們把這一切在一段時間內累積起來，計算整個時間窗的能量效率時，必須非常清楚這些數字的來源。",True,13f408c05fd05f079152614673ea45f572ff3e3725a7ee62a017b77b7b04151e,f7bea0a4b7ab63c36b89cc979d5646c5ba5d265d78b71d7d331e40b4cf12dcb4,926ce087fcd70586c0f98a4b9e2a35658f880af09d86b1c662b497410131fd95,只有標題,,ppt/slideLayouts/slideLayout5.xml,ppt/slideMasters/slideMaster1.xml,20,12,"{""AUTO_SHAPE"": 8, ""PLACEHOLDER"": 1, ""TEXT_BOX"": 11}",1,image/png,33b59857d5083287a94ddd6dc83c5e429a4682494fb8e6abc007cbec26a95ead
e2,/home/u24/papers/beamshift/e2.pptx,60ba796c908387cdfe06c2b82e592bcce3205e2472c42566467bbbd89dcad024,2065216,113,008cdac682f7484c639d2fd87c86d74b7b0a563e5047d81093063b96d7afaf68,時間窗 EE：量測、推導、假設與模擬,"時間窗 EE 要同時保存有效樣本與資料出身；量測、推導、假設、模擬不能互換。
有效窗口
只累積可追溯樣本與正向時間差。
缺失資料不能補成 0。
量測（measured）
frame、位置、鏈路讀值。
推導（derived）
座標、方向圖、FSPL、SINR。
假設（assumed）
頻率、天線、ηPA、功率常數。
模擬（simulated）
模型場景數值，不是硬體量測。
模型索引：S5｜可重算不等於可量測，數字要帶著出身與界線。
每個時間窗都要保存樣本來源與模型邊界，才能判斷結果能否重算。","Slide 16: 時間窗 EE：量測、推導、假設與模擬要分開
頁面目的：定義能量效率（EE）時間窗的資料來源層級，強調不能把真實量測、推導計算與模型假設混為一談。
建議口述內容：最後我們來檢視時間窗的能量效率是怎麼算出來的。在一段時間內，我們把傳遞的總資料量，除以總消耗能量。但在這個過程中，我們必須嚴格區分：哪些是真正量測到的數據，哪些是靠公式推導出來的，哪些是模型假設，而哪些是軟體模擬的數值。分析結果時只累積符合條件的有效樣本，比較才有意義。
公式或圖表怎麼說：左上方的公式顯示了 EE 是如何把有效窗口內的資料率與功率隨時間積分累積的。右邊四個板塊清晰劃分了量測、推導、假設、模擬這四種資料的本質差異。
常見誤解／限制：把無效或斷線的時間點當成 0 塞進去算平均，或者把模擬軟體寫死的常數當成真實硬體的效能宣稱。可重算的程式不代表是可量測的物理真值。
因果銜接：為了確保大家在操作模擬器時，能知道每一個數字是從哪一份標準來的，我們在這裡提供了完整的來源索引。",True,f2edb817db0f4234455f1df3c1cd4c7d9d3402e6942791107d5771a6c1067705,c01f9c02ffffc4216a2647dea1a03681826fdb330c924b3b0ac14b5553808ed0,1cb836efca3bd1715b63a083d433cda3853ceacbca87ed5a25cfdf97c5262a19,只有標題,,ppt/slideLayouts/slideLayout5.xml,ppt/slideMasters/slideMaster1.xml,21,14,"{""AUTO_SHAPE"": 7, ""PLACEHOLDER"": 1, ""TEXT_BOX"": 13}",1,image/png,ff76031e456be1fc70a64d453c7e2afda812c1dda40635fa75e54d2db1234845
e2,/home/u24/papers/beamshift/e2.pptx,60ba796c908387cdfe06c2b82e592bcce3205e2472c42566467bbbd89dcad024,2065216,114,e22946134aacd46cd5597e40252c7030e1e37d42b1f89afbcdcf50c2e33f1169,資料來源：格式、推算、座標與能量模型,"外部格式與推算方法集中在這裡；內部模型則以程式實作的層次回查。
S1｜TLE 欄位／checksum
CelesTrak｜NORAD TLE Format
固定位置、長度、校驗
S2｜OMM／GP 資料格式
CelesTrak｜GP Data Formats
訊息與承載格式
S3｜epoch／BSTAR／限制
CelesTrak｜TLE FAQ
參考時刻與格式解碼
S4｜SGP4／TEME 推算
Vallado et al.｜SGP4 paper
平均元素到狀態向量
S5｜內部模型層
座標、可見性、鏈路與功率／能量帳本以目前程式實作為準；本頁不把內部讀值冒充外部標準。
可回查的不是單一數字，而是：資料來源 → 模型轉換 → 假設界線 → 時間窗結果。","Slide 17: 來源索引：從公開格式到內部模型，每一層都能回查
頁面目的：提供整個模擬器底層實作的文獻與程式碼來源索引，確保溯源透明度。
建議口述內容：這是我們所有模型與資料的溯源清單。如果各位對 TLE 格式有疑問，可以回查官方標準；對 SGP4 軌道推算有疑問，可以看經典論文。而右側，我們也列出了模擬器內部對應的程式碼檔案。我們強調，能回查的不只是一個最終數字，而是整個資料來源到假設界線的完整鏈條。
公式或圖表怎麼說：畫面上列出了幾條主要的外部文獻來源，並且在最下方標示了本系統內部計算所依賴的核心程式碼檔案名稱。
常見誤解／限制：認為這套軟體是黑盒子。我們透過這個索引證明，每一層物理轉換、幾何計算與功率帳本，都有明確的定義與實作依據。
因果銜接：以上就是完整的核心觀念，幫助大家在分析實驗時具備更穩固的理論基礎。",True,bf2b9cb6cca5f29f96480aa08cef5e9f8d8cc5447993d7ec8b74646949805069,9bd5093aee2bdcb226d610e31290f6050a2a4f25cba45d8eccfec43757965f64,0ea866a9d6e54e494fff4c55748b74a360ff7d264145a392fe3731d53dccf356,只有標題,,ppt/slideLayouts/slideLayout5.xml,ppt/slideMasters/slideMaster1.xml,24,17,"{""AUTO_SHAPE"": 7, ""PLACEHOLDER"": 1, ""TEXT_BOX"": 16}",0,,
delivery-variant,/home/u24/papers/beamshift/.scratch/teaching-course/v3-ee/delivery/satellite-energy-course-combined-handoff-v1.pptx,7dbdc23e17d7a3c6dc8d6ed76823100da6aa7f14512a8128201a42c59f5ddd34,1657236,1,04d0c9dcf18b97037de7b814c2f2d041c5d6a98af8a8c39c9101a8d226bbea17,2026高效率節能人工智慧模型服務平台培訓,低軌衛星換手互動模擬實作,,False,7c638abfabf7b7474a8784a17d8f801e977dd5d5f6f274347f11e25d6c77dc3e,fa3668a1c6c47e0173fb21298fbd34cbca7879deb8d87ee7de693316c37ae5f2,,標題投影片,,ppt/slideLayouts/slideLayout1.xml,ppt/slideMasters/slideMaster1.xml,2,2,"{""PLACEHOLDER"": 2}",0,,
delivery-variant,/home/u24/papers/beamshift/.scratch/teaching-course/v3-ee/delivery/satellite-energy-course-combined-handoff-v1.pptx,7dbdc23e17d7a3c6dc8d6ed76823100da6aa7f14512a8128201a42c59f5ddd34,1657236,2,f43ea270e670fc47d63079e6f1008e9d8e2687abd36a01593c44e3e724b49838,通訊核心問題：資料要送達，鏈路卻會變,"2
衛星要把資料送到地面，但移動中的鏈路與資源都有限。
衛星移動
服務窗口與 SINR
改變
鏈路與資源
需調整
功率隨時間
累積成能量
不能只看功率下降，還要確認送達資料與服務品質是否維持。",,False,469782c5553aa4f7f4bfd6169767a024239715a500be3acb4c08fa7332a44c23,78ab3ef22112a4afed2f69a5e22fd57dbd1681d6bc35a401602c9b7067199a93,,只有標題,,ppt/slideLayouts/slideLayout5.xml,ppt/slideMasters/slideMaster1.xml,16,8,"{""AUTO_SHAPE"": 8, ""PLACEHOLDER"": 1, ""TEXT_BOX"": 7}",0,,
delivery-variant,/home/u24/papers/beamshift/.scratch/teaching-course/v3-ee/delivery/satellite-energy-course-combined-handoff-v1.pptx,7dbdc23e17d7a3c6dc8d6ed76823100da6aa7f14512a8128201a42c59f5ddd34,1657236,3,bc4d16267544cc0b3a27100f3d0bed3b312ceaf0af7c84ca031c8bb159b5ea27,衛星平台與通訊酬載分工,"3
衛星平台提供支援；通訊酬載直接執行通訊任務。
衛星平台
提供電力、熱控、姿態
與結構支援，讓酬載
可持續工作
支援
通訊酬載
直接執行通訊任務：
天線、射頻收發、功率放大
波束形成、基頻處理
平台提供支援，酬載直接完成通訊；兩者共同把資料送到地面。",,False,27f9cc3f5a26505fc82a6ff0557ba3427a237627b2f9a282103c5ec6d2807f13,703c6247b61e9aa5c885b8b3d16472a02500ff346e7833f07365d6396d9e739a,,只有標題,,ppt/slideLayouts/slideLayout5.xml,ppt/slideMasters/slideMaster1.xml,13,9,"{""AUTO_SHAPE"": 4, ""PLACEHOLDER"": 1, ""TEXT_BOX"": 8}",0,,
delivery-variant,/home/u24/papers/beamshift/.scratch/teaching-course/v3-ee/delivery/satellite-energy-course-combined-handoff-v1.pptx,7dbdc23e17d7a3c6dc8d6ed76823100da6aa7f14512a8128201a42c59f5ddd34,1657236,4,b30356a9b7b14104ff9438a1531c38b9ea5ee4fc3ecf8e9e341d47aeda5a5729,服務窗口隨衛星移動而改變,"4
服務區的可用時間有限；窗口關閉前，接續服務鏈路必須準備就緒。
衛星 A｜目前服務
衛星 B｜候選
同一地面服務點
服務窗口
A｜目前服務
B｜候選接續
重疊時段可準備換手
兩條鏈路指向同一服務點；可用時間重疊，才有接續空間。",,False,1052af6a733c066fafc241493c9243537d9bb826e76ba8368f0ab5827b044949,ce2da91bd0ffb6aa474270e2f48772695d33706f5b54cdf78a0a303f2a4ad756,,只有標題,,ppt/slideLayouts/slideLayout5.xml,ppt/slideMasters/slideMaster1.xml,28,11,"{""AUTO_SHAPE"": 4, ""LINE"": 11, ""PICTURE"": 2, ""PLACEHOLDER"": 1, ""TEXT_BOX"": 10}",1,image/png,c87913bd0b7a835106ea5d257c2b22f238a297876ed4f374ec05b7bff76cc4fa
delivery-variant,/home/u24/papers/beamshift/.scratch/teaching-course/v3-ee/delivery/satellite-energy-course-combined-handoff-v1.pptx,7dbdc23e17d7a3c6dc8d6ed76823100da6aa7f14512a8128201a42c59f5ddd34,1657236,5,7e5c6d16cbba3b112aa57e7814e2665b56f9fd196810f81f26ed21125ce98e33,可見性是必要條件，不是服務資格,"5
可見性是必要條件；幾何位置與 RF 品質必須逐層通過。
候選鏈路
地平線
仰角
地面服務點
地平線
候選位於地平線以上
仰角
仰角達到門檻
RF 品質
品質可維持服務
可用候選
過了幾何門檻，還要比較目前服務與候選鏈路的品質差。",,False,d14af237a800385318f35cc09e8dec0216d290e9de1659f2a478591cba60b3ad,c9a0a2898bae55fe642ae88ce36af71ec7f1f3d4720148d0eeb26117d5099930,,只有標題,,ppt/slideLayouts/slideLayout5.xml,ppt/slideMasters/slideMaster1.xml,40,15,"{""AUTO_SHAPE"": 9, ""LINE"": 15, ""PICTURE"": 1, ""PLACEHOLDER"": 1, ""TEXT_BOX"": 14}",1,image/png,c87913bd0b7a835106ea5d257c2b22f238a297876ed4f374ec05b7bff76cc4fa
delivery-variant,/home/u24/papers/beamshift/.scratch/teaching-course/v3-ee/delivery/satellite-energy-course-combined-handoff-v1.pptx,7dbdc23e17d7a3c6dc8d6ed76823100da6aa7f14512a8128201a42c59f5ddd34,1657236,6,c03c17558a9a20389beeeba202546b2e9fbff5395ac2559ff7358691d6f5e169,重疊把即將中斷的服務轉成換手機會,"6
候選出現、條件持續與完成換手不是同一時刻；可用時間的重疊區提供判斷餘裕。
時間軸
開始
結束
共同可用區間
衛星 A
衛星 B
1
候選出現
2
條件持續
3
換手完成
重疊寬度提供決策餘裕；位置與時刻仍必須由軌道資料推得。",,False,4983d203841155f7b838b8d8df0c107587c714b00d9be291babcb23c4da59e01,7854044278616b2023083c6511457338c9d5065923c7ea7e004bdc2e1da3aa53,,只有標題,,ppt/slideLayouts/slideLayout5.xml,ppt/slideMasters/slideMaster1.xml,29,16,"{""AUTO_SHAPE"": 5, ""LINE"": 8, ""PLACEHOLDER"": 1, ""TEXT_BOX"": 15}",0,,
delivery-variant,/home/u24/papers/beamshift/.scratch/teaching-course/v3-ee/delivery/satellite-energy-course-combined-handoff-v1.pptx,7dbdc23e17d7a3c6dc8d6ed76823100da6aa7f14512a8128201a42c59f5ddd34,1657236,7,312a22cc54b3f191a791ff7ac3f294a53ea6c0cf27f4058c7a497a1f0d169bec,"兩行軌道元素集（Two-Line Element Set, TLE）","7
TLE 提供 SGP4 的軌道狀態起點；它描述參考時刻附近的軌道，不是地面位置。
STARLINK-1008
1 44714U 19074B 26218.22193858 .00020050 00000+0 25471-3 0 9996
2 44714 53.1486 187.7993 0006450 25.2950 334.8378 15.59407221371992
starlink-20260806.tle · 共 10709 筆，此為第 1 筆 · 曆元 2026-08-06
用途：提供 SGP4 的軌道起點
推算：指定時間的位置／速度
保留完整兩行，才能追溯 SGP4 的輸入與推算結果。",,False,41554a20e11e10035cb1df6caa9d934b329e3a964b57f3277144f457cadc2bb6,332dcc73349d3354d390761c9a0ac059a632de4dfdb5e9d425b3fde0c1fe9c94,,只有標題,,ppt/slideLayouts/slideLayout5.xml,ppt/slideMasters/slideMaster1.xml,14,10,"{""AUTO_SHAPE"": 4, ""PLACEHOLDER"": 1, ""TEXT_BOX"": 9}",0,,
delivery-variant,/home/u24/papers/beamshift/.scratch/teaching-course/v3-ee/delivery/satellite-energy-course-combined-handoff-v1.pptx,7dbdc23e17d7a3c6dc8d6ed76823100da6aa7f14512a8128201a42c59f5ddd34,1657236,8,1019485a9c1f4323d1c7e164713da960d6d3466129d672088a243d7a5b9e4fa0,TLE + 目標時間 → SGP4 → TEME 狀態,"8
TLE 與目標時間交給 SGP4，得到該時刻的 TEME 位置與速度。
輸入
TLE
目標時間 t
SGP4
推進軌道
計算指定時刻
輸出
TEME 位置
TEME 速度
輸入：軌道起點與時間　→　輸出：指定時刻的 TEME 狀態",,False,5a9c4e7c7b3bb4593507c32600ead770ec309662b0e6c35d28dca3e2c0a3172d,4a6a5c80abbe9c2b3b071dae457cfc1b0b9c6656be986417763485e6ef932283,,只有標題,,ppt/slideLayouts/slideLayout5.xml,ppt/slideMasters/slideMaster1.xml,18,10,"{""AUTO_SHAPE"": 6, ""LINE"": 2, ""PLACEHOLDER"": 1, ""TEXT_BOX"": 9}",0,,
delivery-variant,/home/u24/papers/beamshift/.scratch/teaching-course/v3-ee/delivery/satellite-energy-course-combined-handoff-v1.pptx,7dbdc23e17d7a3c6dc8d6ed76823100da6aa7f14512a8128201a42c59f5ddd34,1657236,9,166a8d1623f524b02330e7f501375151fbece2a997ec532a22a00ac937a0d7de,TEME 是慣性參考，還需座標轉換,"9
TEME 是 SGP4 輸出的慣性參考，還不是地面站可直接使用的量。
TEME 描述衛星在慣性參考中的位置與速度。
還需座標轉換，才得到地面站可用的仰角、方位角與距離。
SGP4 狀態先停在 TEME；地面觀測量要經過座標轉換。",,False,108faee6f4790a2a72e962b109de51719c93007b54d48e6b9b7ea83824597c4f,c736d3dcaa0130164b09ec00cc30d3617be760b1d33a8c5e91241dc063edec4b,,只有標題,,ppt/slideLayouts/slideLayout5.xml,ppt/slideMasters/slideMaster1.xml,8,5,"{""AUTO_SHAPE"": 2, ""PLACEHOLDER"": 1, ""TEXT_BOX"": 5}",0,,
delivery-variant,/home/u24/papers/beamshift/.scratch/teaching-course/v3-ee/delivery/satellite-energy-course-combined-handoff-v1.pptx,7dbdc23e17d7a3c6dc8d6ed76823100da6aa7f14512a8128201a42c59f5ddd34,1657236,10,2442b36aeb66d0693a2cd7048d93dc75c16e0eb8e1b8550471fcd26f4c31440a,座標鏈把 SGP4 狀態變成地面觀測者看到的量,"10
座標轉換把 SGP4 位置／速度接到地面站，最後得到仰角與距離。
TEME
慣性參考
SGP4 狀態
地固座標
時間對齊
地球
ENU 座標
對齊地面站
東／南／上
本地觀測量
方位／仰角／距離
判斷可見性
方位角、仰角與距離，才是地面端使用的可見性與鏈路幾何量。
座標轉換不是裝飾：它把 SGP4 狀態接到實際地面觀測。",,False,34b4859a5252e16205c6cd567d4e5c7e3960a2567c2a763280c0d9b51ae87158,d8b9ee8fa7ee9acbf4a62618751edb8630a37d8cd5d2545e238f4b9d3c87e744,,只有標題,,ppt/slideLayouts/slideLayout5.xml,ppt/slideMasters/slideMaster1.xml,23,13,"{""AUTO_SHAPE"": 9, ""PLACEHOLDER"": 1, ""TEXT_BOX"": 13}",0,,
delivery-variant,/home/u24/papers/beamshift/.scratch/teaching-course/v3-ee/delivery/satellite-energy-course-combined-handoff-v1.pptx,7dbdc23e17d7a3c6dc8d6ed76823100da6aa7f14512a8128201a42c59f5ddd34,1657236,11,1ac8e5363c99ed8e23491a67d20aa27363cb9c32f08d873c027ff81c2b46e10f,候選必須跨過 margin，並持續足夠久,"11
候選必須好過一段 margin，而且優勢要持續足夠久，才把候選狀態提升為換手決策。
margin
目前服務品質
候選品質
TTT｜持續時間
換手決策同時受 margin 與持續時間約束，不看一次取樣。",,False,08ce9af1b27a07bc219f980fe0563f71bc78738a6b060f36fd68ec9201d49b64,8067c36993738e2584c13da434ccd02b27169f4444d079d7aa74d0d10502f526,,只有標題,,ppt/slideLayouts/slideLayout5.xml,ppt/slideMasters/slideMaster1.xml,23,8,"{""AUTO_SHAPE"": 1, ""LINE"": 13, ""PLACEHOLDER"": 1, ""TEXT_BOX"": 8}",0,,
delivery-variant,/home/u24/papers/beamshift/.scratch/teaching-course/v3-ee/delivery/satellite-energy-course-combined-handoff-v1.pptx,7dbdc23e17d7a3c6dc8d6ed76823100da6aa7f14512a8128201a42c59f5ddd34,1657236,12,5c265fadc547b5f0c541673621d8f3f9d0bf4a223c782eda580952f500f3eb6d,切換過慢會中斷，過快會形成 ping-pong,"12
換手過慢會讓低品質狀態拖得太久；換手過快則可能在兩條鏈路間反覆來回。
過慢
服務
低品質拖延
適當
服務
一次換手
過快
A
B
A
B
A
判讀重點
服務連線在兩個波束或衛星
之間反覆來回切換，稱為
ping-pong（乒乓）效應。
表示換手不穩定。
本頁不把事件次數
直接當成額外能量。
事件次數與服務連續性要一起讀；換手結果仍受 SINR 三個分量支配。",,False,1b0eaaad1b1b7f99f03dbfee32982dd9fb1b0f5cea6400857ad7456d7328b655,45531b381013e8488592e912d7c4daa18da10581b2e8342bf556c1e896b630ac,,只有標題,,ppt/slideLayouts/slideLayout5.xml,ppt/slideMasters/slideMaster1.xml,34,20,"{""AUTO_SHAPE"": 2, ""LINE"": 12, ""PLACEHOLDER"": 1, ""TEXT_BOX"": 19}",0,,
delivery-variant,/home/u24/papers/beamshift/.scratch/teaching-course/v3-ee/delivery/satellite-energy-course-combined-handoff-v1.pptx,7dbdc23e17d7a3c6dc8d6ed76823100da6aa7f14512a8128201a42c59f5ddd34,1657236,13,f12f94585c0732f37231878b52eb52b601b93af67c5a809985c7f7805e35178e,SINR 分解訊號、干擾與雜訊,"13
SINR 把服務訊號、同頻干擾與接收機雜訊分開表示。
S｜服務訊號
目標鏈路在地面服務點的接收功率
I｜同頻干擾
其他波束或衛星的同頻功率
N｜接收機雜訊
接收鏈路與設備的背景雜訊
SINR 只描述鏈路品質，還要結合頻寬才能換成每秒資料率。",,False,2310e11a3ae09634bf7071075e567bd21cfe99fbbdafba2f69e822516d3ff2af,cc7c6107bdd327fe68bb992defd00a70a9555aad33e2c97946174d9dda8aaba9,,只有標題,,ppt/slideLayouts/slideLayout5.xml,ppt/slideMasters/slideMaster1.xml,15,10,"{""AUTO_SHAPE"": 4, ""PLACEHOLDER"": 1, ""TEXT_BOX"": 10}",0,,
delivery-variant,/home/u24/papers/beamshift/.scratch/teaching-course/v3-ee/delivery/satellite-energy-course-combined-handoff-v1.pptx,7dbdc23e17d7a3c6dc8d6ed76823100da6aa7f14512a8128201a42c59f5ddd34,1657236,14,4e8f77330b093ad3e3811f7a8a278554618969626535ce1f64687cf1c774a57b,Throughput 先定義：每秒交付資料，不是累積資料,"14
Throughput 是每秒交付多少資料，不是已累積的資料量；三種尺度要分開讀。
一位使用者
瞬時交付速率
單位：Mbit/s
系統 throughput
有效使用者的總和
單位：Mbit/s
窗口累積資料
對時間累加
單位：Mbit
瞬時 EE：throughput ÷ power
窗口 EE：累積資料 ÷ 累積能量
先把每秒交付量與窗口累積量分開，才不會把資料率和資料量混為一談。",,False,26bb204f815d6ea841e94ef897031ff3125d5091e426f7717184f84ed646c435,d34ba003914b3c40a3bc33ac370ad3ef54eb54bc288128aa7032df4c2fe0e3f8,,只有標題,,ppt/slideLayouts/slideLayout5.xml,ppt/slideMasters/slideMaster1.xml,21,12,"{""AUTO_SHAPE"": 6, ""PLACEHOLDER"": 1, ""TEXT_BOX"": 14}",0,,
delivery-variant,/home/u24/papers/beamshift/.scratch/teaching-course/v3-ee/delivery/satellite-energy-course-combined-handoff-v1.pptx,7dbdc23e17d7a3c6dc8d6ed76823100da6aa7f14512a8128201a42c59f5ddd34,1657236,15,3fb4c228e51f74c85195ea79486e220dc8a36c69e85ec6b6a480e32f02e63c0d,SINR 進入資料率前，先把 dB 還原成線性量,"15
SINR 進入資料率前要走兩步：先把 dB 還原成線性量，再計算頻譜效率。
第一步｜dB → 線性
dB 是對數表示，不能直接代入
速率式；先還原線性量。
概念錨點：0 dB → 1；
3 dB → 約 2；10 dB → 10
第二步｜線性 → 頻譜效率
把線性量放進 Shannon 對數，
得到單位頻寬的效率。
頻譜效率有邊際報酬遞減；
乘上配置頻寬 → bit/s 或 Mbit/s
這些 0／3／10 dB 是概念錨點，不是固定的即時實驗結果。",,False,44a83c8ec9c17cd15bd34e527d254646f37f4cbc75ab20ef386b64c245a8d25e,7c731c996e9ed4d14b3c1a8c67759a4c352722b78fe6b243a108b849c5d2d965,,只有標題,,ppt/slideLayouts/slideLayout5.xml,ppt/slideMasters/slideMaster1.xml,15,10,"{""AUTO_SHAPE"": 3, ""PLACEHOLDER"": 1, ""TEXT_BOX"": 11}",0,,
delivery-variant,/home/u24/papers/beamshift/.scratch/teaching-course/v3-ee/delivery/satellite-energy-course-combined-handoff-v1.pptx,7dbdc23e17d7a3c6dc8d6ed76823100da6aa7f14512a8128201a42c59f5ddd34,1657236,16,cf6fb876c05e59c0af8eb233e912c199a4ab8c9911a1c57172a1c645bf6d619a,資料率提高之後，功率與能量從何而來？,"16
衛星運動改變可用鏈路；可用鏈路改變 SINR；SINR 再決定能交付多少 throughput。
衛星運動
可用鏈路
SINR
交付資料率
資料交付
同一服務時間窗內，
維持或增加交付資料，
就要付出通訊代價。
能量代價
RF 輸出與服務時間窗
共同形成能量成本。
核心問題：要送出同樣或更多資料，功率與時間窗能量要從何而來？",,False,5fbf81bd73cf5a3867ddc59652cbc5772b6d01206c1b788864f1bd7bbcbfbec6,d7d96037f9a1180ce059e37b3c8185f549fbce3ed5afe07e23effebccde412eb,,只有標題,,ppt/slideLayouts/slideLayout5.xml,ppt/slideMasters/slideMaster1.xml,23,12,"{""AUTO_SHAPE"": 10, ""PLACEHOLDER"": 1, ""TEXT_BOX"": 12}",0,,
delivery-variant,/home/u24/papers/beamshift/.scratch/teaching-course/v3-ee/delivery/satellite-energy-course-combined-handoff-v1.pptx,7dbdc23e17d7a3c6dc8d6ed76823100da6aa7f14512a8128201a42c59f5ddd34,1657236,17,c79ee666a58e83e3b177b22d5432e8f8af7794bd7c8b215370bb4715ce44b25a,資料率提高之後，功率與能量從何而來？,"1
要交付有用資料，必須在有限的衛星通訊、功率與能量資源下維持鏈路。
交付資料
Mbit
鏈路品質
SINR
RF 輸出
W
總功率
W
窗口能量
J
本頁的主線
先說清楚資料如何交付，再追問每焦耳能交付多少資料。",,False,1e158782d6c916044a6fe26e75b5733e833ae6f825f416279b75648b3db301d2,86859f5e25082903e2781865746777da0fb914b874dbdd774aa354e7fecbbb28,,只有標題,,ppt/slideLayouts/slideLayout5.xml,ppt/slideMasters/slideMaster1.xml,29,15,"{""AUTO_SHAPE"": 10, ""LINE"": 4, ""PLACEHOLDER"": 1, ""TEXT_BOX"": 14}",0,,
delivery-variant,/home/u24/papers/beamshift/.scratch/teaching-course/v3-ee/delivery/satellite-energy-course-combined-handoff-v1.pptx,7dbdc23e17d7a3c6dc8d6ed76823100da6aa7f14512a8128201a42c59f5ddd34,1657236,18,152f51fb18d3dd79e6e2cc458ef5c8b9c472b68fd0c2d5be64922d2785f2da95,衛星運動改變角度與斜距，維持資料要回應,"2
同一服務區內，幾何變化先改變鏈路品質；接著才輪到服務決策。
服務區
t₀
t₁
變動來源
波束方向與使用者的角度
衛星到使用者的斜距
是否仍符合服務資格
維持資料的回應
提高 RF 輸出，或換波束／換衛星
也可能接受較低速率",,False,ccf55fc74aab652d32df03d19dd5031d0262e281acf5250373a58917379f651f,0b518b4cbbab057bf3287e13f2adb68ba4b3720757d4fb394a8f65fc447df8b1,,只有標題,,ppt/slideLayouts/slideLayout5.xml,ppt/slideMasters/slideMaster1.xml,30,13,"{""AUTO_SHAPE"": 4, ""LINE"": 11, ""PICTURE"": 2, ""PLACEHOLDER"": 1, ""TEXT_BOX"": 12}",1,image/png,4a98954aadef606ca054f2e952f7c189a32aa24c3a6779ef978a0e4b4a95fc01
delivery-variant,/home/u24/papers/beamshift/.scratch/teaching-course/v3-ee/delivery/satellite-energy-course-combined-handoff-v1.pptx,7dbdc23e17d7a3c6dc8d6ed76823100da6aa7f14512a8128201a42c59f5ddd34,1657236,19,113145097b7930660385061206ad5411c0fd29565c9f796e450866bde6c7a46d,三種服務反應，同時改變資料與能量,"3
維持鏈路不只有一個旋鈕；每個反應都會改寫交付資料、鏈路品質與取電。
提高 RF 輸出
品質可能上升
PA 取電也會上升
換波束／換衛星
服務集合與幾何改變
資料與狀態要同窗記錄
接受較低速率
可能少付 RF 代價
但交付資料也可能下降
交付資料
分子
鏈路品質
SINR
總功率
分母的即時量
窗口能量
分母的累積量",,False,8297b2fe6b0660e42f880aa35973a8a1145e4bd545402c11b54f389f920e5666,e78666308916ed9ac599ab96a06a6bc7bb67e2621d479fce99a50b4c60d61b91,,只有標題,,ppt/slideLayouts/slideLayout5.xml,ppt/slideMasters/slideMaster1.xml,27,20,"{""AUTO_SHAPE"": 7, ""PLACEHOLDER"": 1, ""TEXT_BOX"": 19}",0,,
delivery-variant,/home/u24/papers/beamshift/.scratch/teaching-course/v3-ee/delivery/satellite-energy-course-combined-handoff-v1.pptx,7dbdc23e17d7a3c6dc8d6ed76823100da6aa7f14512a8128201a42c59f5ddd34,1657236,20,4d2bf4639ffb47fd2720497b6a29a1328571a2e5cd5e2b52793584bc9ee63d50,A／B 先鎖在同一服務窗口,"4
只有固定起點、時間窗、服務集合與有效狀態，差異才可歸因於那一個決策。
固定條件
同一起點
同一服務窗口
同一服務集合
有效狀態
A
基準設定
B
只改一個決策
交付資料
Mbit
鏈路品質
SINR
總能量
J
狀態
有效／服務",,False,bff439a1370993b18d3977765f403066cf3ce8d4f42f233c7d9ea9ec9508eb28,dc79552d818918d723d5b2883c8b98f0a380b4da369c305842ef84628d29c81b,,只有標題,,ppt/slideLayouts/slideLayout5.xml,ppt/slideMasters/slideMaster1.xml,31,20,"{""AUTO_SHAPE"": 9, ""LINE"": 2, ""PLACEHOLDER"": 1, ""TEXT_BOX"": 19}",0,,
delivery-variant,/home/u24/papers/beamshift/.scratch/teaching-course/v3-ee/delivery/satellite-energy-course-combined-handoff-v1.pptx,7dbdc23e17d7a3c6dc8d6ed76823100da6aa7f14512a8128201a42c59f5ddd34,1657236,21,ee52db0c6369c7079cdaa5a617dc6792cd5cb8ca6fd4b09ef9623a721391dc5f,先畫出帳本邊界，再把功率累積成能量,"5
本帳本只納入已選定的通訊酬載項；整星平台項目不會默默加進來。
每一時刻的總功率
取電速率
單位：W = J/s
總功率沿時間累積的能量
同一有效窗口
單位：J",,False,72983263f062df368a9bb661e1045596065580cb437de748a9c3887822b77fe4,b04f6551de3f166a59a0ecd8bf9b01f5c75d8fe5e55462bbcda2149c519ddee1,,只有標題,,ppt/slideLayouts/slideLayout5.xml,ppt/slideMasters/slideMaster1.xml,12,9,"{""AUTO_SHAPE"": 2, ""PLACEHOLDER"": 1, ""TEXT_BOX"": 9}",0,,
delivery-variant,/home/u24/papers/beamshift/.scratch/teaching-course/v3-ee/delivery/satellite-energy-course-combined-handoff-v1.pptx,7dbdc23e17d7a3c6dc8d6ed76823100da6aa7f14512a8128201a42c59f5ddd34,1657236,22,a5d102a0b3852c222470c81be077a8fa5f75a7e6a3557c9c9ad06a2be61962a1,發射設定是 dBm；先轉成線性 RF 輸出,"6
dBm 是對數設定，功率帳本要先得到天線端的 RF 輸出 W。
設定端
對數發射設定
單位：dBm
輸出端
線性 RF 輸出
單位：W
邊界
RF 輸出
不是插座／電池取電",,False,9638d9aa7ecb02721e8802dc84ebf906e62723bb65b800a6c7128ef0eaaf906c,3e4e67735b0f0132289fb7c9d9f749d43fdffb57b04e75394b196d960aa9da26,,只有標題,,ppt/slideLayouts/slideLayout5.xml,ppt/slideMasters/slideMaster1.xml,18,12,"{""AUTO_SHAPE"": 4, ""LINE"": 1, ""PLACEHOLDER"": 1, ""TEXT_BOX"": 12}",0,,
delivery-variant,/home/u24/papers/beamshift/.scratch/teaching-course/v3-ee/delivery/satellite-energy-course-combined-handoff-v1.pptx,7dbdc23e17d7a3c6dc8d6ed76823100da6aa7f14512a8128201a42c59f5ddd34,1657236,23,7c6575e9c08510352fad75737b02f1e1768d82f312d62d16b27c6556f0632817,dB 不能直接進入 1 + SINR,"7
Shannon 公式中的 1 + γ 使用的是轉換後的比例，不是 dB 數字。
0 dB
兩者相等
3 dB
約為 2 倍
10 dB
正好 10 倍
γ 表示「訊號功率是干擾加雜訊的幾倍」。dB 每增加 10，線性功率比增加 10 倍。",,False,30aa97224bb15a62f189bdd43fec41aa0889e2fe9895ac9a5638a306ef72f298,6c483afc1b357a1c6ec3b1e3658a0677ef6ae28a692946ce810bfd92eba7ec58,,只有標題,,ppt/slideLayouts/slideLayout5.xml,ppt/slideMasters/slideMaster1.xml,15,10,"{""AUTO_SHAPE"": 4, ""PLACEHOLDER"": 1, ""TEXT_BOX"": 10}",0,,
delivery-variant,/home/u24/papers/beamshift/.scratch/teaching-course/v3-ee/delivery/satellite-energy-course-combined-handoff-v1.pptx,7dbdc23e17d7a3c6dc8d6ed76823100da6aa7f14512a8128201a42c59f5ddd34,1657236,24,a441444862a7b2ed3bd6a510e670d20b2e07a7ca5de76b8537fbe5f045c4b903,log2(1+γ) 把 SINR 變成頻譜效率,"8
線性功率比先變成 bit/s/Hz，再乘上分配的頻寬得到 bit/s 或 Mbit/s。
線性 SINR 增加
頻譜效率
邊際收益變小
Shannon 容量公式
通訊領域常用：頻寬與 SINR → 理論資料率。
本模擬器只作吞吐量／模型輸出估算，不是實測網路吞吐量。",,False,45db63c6ad6c1cd7f9b9972a3b8a53f7ff7c0db550bdc355bdca99078f689fd1,e878fc22a78fd12708f35d44cbaa734afe9f7ed7417bef00b0348688dcfd60f2,,只有標題,,ppt/slideLayouts/slideLayout5.xml,ppt/slideMasters/slideMaster1.xml,17,9,"{""AUTO_SHAPE"": 1, ""LINE"": 6, ""PLACEHOLDER"": 1, ""TEXT_BOX"": 9}",0,,
delivery-variant,/home/u24/papers/beamshift/.scratch/teaching-course/v3-ee/delivery/satellite-energy-course-combined-handoff-v1.pptx,7dbdc23e17d7a3c6dc8d6ed76823100da6aa7f14512a8128201a42c59f5ddd34,1657236,25,269ed5548091d80308b69339ba8566e276bb335e727176e01f2957a956b62c2d,PA 效率：同一 RF 輸出需要多少取電？,"9
效率取決於 SSPA/TWTA 硬體與工作點。PA 效率越低，所需的 PA 取電越高。
硬體與工作點
效率隨 SSPA/TWTA 技術而變
輸出回退（OBO）會改變工作點
不是通用的硬體常數。
模擬器預設值
模擬器預設值 35% 是模型預設，
而不是通用的硬體效率。
(面板允許探索 0.05–1.00)",,False,c6533cb4398a86d1f2e0f05d8551c501e0655d4a8b2b58440058d5546dcac005,0ed460e12730bf314ed0fe06ad7fe3316fc1571db093c0f01764b0d7760a7543,,只有標題,,ppt/slideLayouts/slideLayout5.xml,ppt/slideMasters/slideMaster1.xml,14,11,"{""AUTO_SHAPE"": 2, ""PLACEHOLDER"": 1, ""TEXT_BOX"": 11}",0,,
delivery-variant,/home/u24/papers/beamshift/.scratch/teaching-course/v3-ee/delivery/satellite-energy-course-combined-handoff-v1.pptx,7dbdc23e17d7a3c6dc8d6ed76823100da6aa7f14512a8128201a42c59f5ddd34,1657236,26,b64e0a09630a4f55431e617a05d5e2f5b765d7322d24c8c1b678349439cc3f65,OBO (Output Back-Off，輸出回退) 與效率的權衡,"10
為了改善線性度，PA 經常在低於飽和或最大輸出的狀態下工作。
OBO 輸出回退
在低於最大輸出的狀態工作，
藉此改善訊號線性度。
例如：6 dB OBO 約為飽和輸出的四分之一。
效率代價
越多的回退 (More back-off)
通常會降低 PA 的運作效率。
實際效率取決於硬體與工作點。",,False,518b61cfda10234d9fde2eadeed9b29359eb809f32f690dfad80e357ad67c837,371755cb70d26402d1613166868bcbb92a095960321342053fd4b470ee392de7,,只有標題,,ppt/slideLayouts/slideLayout5.xml,ppt/slideMasters/slideMaster1.xml,13,11,"{""AUTO_SHAPE"": 2, ""PLACEHOLDER"": 1, ""TEXT_BOX"": 10}",0,,
delivery-variant,/home/u24/papers/beamshift/.scratch/teaching-course/v3-ee/delivery/satellite-energy-course-combined-handoff-v1.pptx,7dbdc23e17d7a3c6dc8d6ed76823100da6aa7f14512a8128201a42c59f5ddd34,1657236,27,38f70f433e2c834b615ece9337ed1aaaa499b0baa04e47ad75880fbebba3fc87,完整的瞬時總功率：每個加總項都有物理意義,"11
同一工作點要支付通訊靜態項、PA 取電，以及若另行建模的操作項。
電路與基頻分攤先合在同一個通訊靜態項；不要把單一電路欄位當成完整分母。",,False,b330598534303e61f1799bbd7794b4f574d8cc9b1df7da6d4dba86ebc612a7f6,b7d1520f796df4b8ccf8cf495233a85ec449682fb9f2de0d7e3b960f41872355,,只有標題,,ppt/slideLayouts/slideLayout5.xml,ppt/slideMasters/slideMaster1.xml,6,4,"{""AUTO_SHAPE"": 1, ""PLACEHOLDER"": 1, ""TEXT_BOX"": 4}",0,,
delivery-variant,/home/u24/papers/beamshift/.scratch/teaching-course/v3-ee/delivery/satellite-energy-course-combined-handoff-v1.pptx,7dbdc23e17d7a3c6dc8d6ed76823100da6aa7f14512a8128201a42c59f5ddd34,1657236,28,070085da97bb894d5459e9d4965e5f0408bc87ae782c0cfd54078a19226d2606,系統功率只加總作用中服務波束,"12
通過服務資格且正在服務的波束進入分母；候選、未服務與整星平台項目不自動加入。
作用中服務波束
服務波束 A
服務波束 B
服務波束 C
不自動進入總帳
候選波束
未服務對象
整星平台項目",,False,fb5ef07d7b2cd1a2a7448b5fc294ecec3780e0a7f71a1aa0d7e6974504a82786,c7f9affea692b39404277d305e5ef224969429ad35639236d5704067648a4e25,,只有標題,,ppt/slideLayouts/slideLayout5.xml,ppt/slideMasters/slideMaster1.xml,20,11,"{""AUTO_SHAPE"": 5, ""LINE"": 3, ""PLACEHOLDER"": 1, ""TEXT_BOX"": 11}",0,,
delivery-variant,/home/u24/papers/beamshift/.scratch/teaching-course/v3-ee/delivery/satellite-energy-course-combined-handoff-v1.pptx,7dbdc23e17d7a3c6dc8d6ed76823100da6aa7f14512a8128201a42c59f5ddd34,1657236,29,3a187abfeaeb385fa408a95c548c2aa492b7f659852e8e7018ddd974a84f628a,操作功率與事件能量如何計入？,"13
前者是每一時刻發生的功率項；後者是事件發生時才記入窗口總帳的能量。
操作功率項
每一時刻的瞬時功率
模型未納入；缺席不寫成 0
不含換波束／換衛星能量
窗口事件能量
事件發生時才加進窗口總帳
沒有建模就不宣稱節能",,False,4c289d2ce359fd13450c337e5b1ca507ba5579d1c2d18d69d25121e4fe3853b6,25580a8a8483127a13380878299a1a053c77684c857401edb237bee1131e7237,,只有標題,,ppt/slideLayouts/slideLayout5.xml,ppt/slideMasters/slideMaster1.xml,14,10,"{""AUTO_SHAPE"": 2, ""PLACEHOLDER"": 1, ""TEXT_BOX"": 11}",0,,
delivery-variant,/home/u24/papers/beamshift/.scratch/teaching-course/v3-ee/delivery/satellite-energy-course-combined-handoff-v1.pptx,7dbdc23e17d7a3c6dc8d6ed76823100da6aa7f14512a8128201a42c59f5ddd34,1657236,30,aa17bd3a340b409f6eb906b235ada1a2381f2a9491196e28562e3a658e4c852e,兩個角度：一個改增益，一個判資格,"14
看幾何時先辨認參考線；方向圖離軸角 θ 與波束偏離天底角不是同一個角度。",,False,1d501874cc97753460429a61994df8c54df97739b36b1097346b8eb4d07ebf9d,84c4da809dc256dd3b37ab6d8a84ff0ad54f7f4f9c5902227c85a003b89a5045,,只有標題,,ppt/slideLayouts/slideLayout5.xml,ppt/slideMasters/slideMaster1.xml,4,3,"{""PICTURE"": 1, ""PLACEHOLDER"": 1, ""TEXT_BOX"": 2}",1,image/png,ba10b9f35cb51a6ac2db6256d71a313cca53587db0a9b0beecf518caa99bea32
delivery-variant,/home/u24/papers/beamshift/.scratch/teaching-course/v3-ee/delivery/satellite-energy-course-combined-handoff-v1.pptx,7dbdc23e17d7a3c6dc8d6ed76823100da6aa7f14512a8128201a42c59f5ddd34,1657236,31,ee158be183ee2c1e8c6537ceebe52dc26e0e9e431a9ea4517e4e2487c79cb7fd,角度與距離走各自的因果支線,"15
θ 不進 FSPL，也不直接進總功率；斜距 d 只走路徑損耗支線。
資料支線
量到的 SINR → 速率 → 交付資料
能量支線
目標 SINR 反推 → RF 輸出 → PA 取電 → 總功率",,False,cd1ac83487d2ff6157febc18405ef7a39e0f1cbf8052e54861afa911caf31722,6f54551a8ae19381498226e6c5083dc11652e4fb2d4d23ff630e61a2b533bffd,,只有標題,,ppt/slideLayouts/slideLayout5.xml,ppt/slideMasters/slideMaster1.xml,10,7,"{""AUTO_SHAPE"": 2, ""PLACEHOLDER"": 1, ""TEXT_BOX"": 7}",0,,
delivery-variant,/home/u24/papers/beamshift/.scratch/teaching-course/v3-ee/delivery/satellite-energy-course-combined-handoff-v1.pptx,7dbdc23e17d7a3c6dc8d6ed76823100da6aa7f14512a8128201a42c59f5ddd34,1657236,32,ff9c5c54733e4ded53bfbab59ed85113017d22b50e25f041c6375f08981ccb70,吞吐量有三個範圍，單位也不同,"16
吞吐量是每秒交付的資料，不是窗口內累積的資料。
單一使用者
瞬時資料率
單位：Mbit/s
系統吞吐量
有效使用者速率總和
單位：Mbit/s
窗口累積資料
吞吐量乘上 Δt 後累積
單位：Mbit",,False,316fbccb773ae10f84c05310e947b68e18c27efad2258e39319cd957e200fefc,c44969ac6e5648f69aa55b2406bbeeb38e8d850b6796f8a8f50a24283b0c451f,,只有標題,,ppt/slideLayouts/slideLayout5.xml,ppt/slideMasters/slideMaster1.xml,16,12,"{""AUTO_SHAPE"": 3, ""PLACEHOLDER"": 1, ""TEXT_BOX"": 12}",0,,
delivery-variant,/home/u24/papers/beamshift/.scratch/teaching-course/v3-ee/delivery/satellite-energy-course-combined-handoff-v1.pptx,7dbdc23e17d7a3c6dc8d6ed76823100da6aa7f14512a8128201a42c59f5ddd34,1657236,33,8f7dbd43621d38e3d7fcad5ce3e189eb10ab2e8d726a00991a604314fb18bba8,瞬時 EE 與窗口 EE 的計算邊界不同,"17
瞬時用此刻的吞吐量除以此刻總功率；窗口用同一有效窗口的累積資料除以累積能量。
瞬時 EE：分子／分母
分子：此刻的系統吞吐量
分母：此刻的總功率
單位：Mbit/J
窗口 EE：分子／分母
分子：窗口累積資料
分母：窗口累積能量
窗口單位：Mbit/J",,False,0ced6aa47e1ff590c5fcba3df7a4e63c5413731ee867af4cc198b572a0baa176,d14954bc00505c67e19a6d07692085ed768f4a7bcb85bdd0a80105717ae3a4d4,,只有標題,,ppt/slideLayouts/slideLayout5.xml,ppt/slideMasters/slideMaster1.xml,14,11,"{""AUTO_SHAPE"": 2, ""PLACEHOLDER"": 1, ""TEXT_BOX"": 11}",0,,
delivery-variant,/home/u24/papers/beamshift/.scratch/teaching-course/v3-ee/delivery/satellite-energy-course-combined-handoff-v1.pptx,7dbdc23e17d7a3c6dc8d6ed76823100da6aa7f14512a8128201a42c59f5ddd34,1657236,34,a42f53657b68d1dd9cf7c6eede57b546cd8ac99094fdfe5ec2e70bacb6ef4867,目標 SINR 是反推輸入；實測 SINR 是評估輸出,"18
兩者回答不同問題：前者設定要付出的 RF，後者決定實際交付資料。
需求支線
目標 SINR → 所需 RF 輸出
→ PA 取電 → 總功率
評估支線
實測 SINR → Shannon 估算單一使用者資料率
→ 系統吞吐量與交付資料",,False,fc36d49e0212b5fbc6f277aa859aba5b10b67f96b8635bcd320a2ada345c9936,76754b89d1dfa214b17f927d378e6422d609e04b30fb8b1ef2c4991299fdb872,,只有標題,,ppt/slideLayouts/slideLayout5.xml,ppt/slideMasters/slideMaster1.xml,12,9,"{""AUTO_SHAPE"": 2, ""PLACEHOLDER"": 1, ""TEXT_BOX"": 9}",0,,
delivery-variant,/home/u24/papers/beamshift/.scratch/teaching-course/v3-ee/delivery/satellite-energy-course-combined-handoff-v1.pptx,7dbdc23e17d7a3c6dc8d6ed76823100da6aa7f14512a8128201a42c59f5ddd34,1657236,35,7e1cc2da84588d6b81ab36b780a60e82d2f1aaea58423186764df9656bd929d9,有效狀態與 Δt 決定哪些樣本能進窗口,"19
資料、功率與狀態必須在同一有效窗口內累積。
納入窗口
狀態有效
Δt > 0
進入資料與能量總和
跳過樣本
無效或未完成
非正時間差
不改寫成 0",,False,21aca06b847052026adba25f55e80f1b9ae17cda37294e753a04ba5921f41b27,031c825e5f3c74816ca13e25f954c8c368d1f0add64be0105193e62eb5339a4b,,只有標題,,ppt/slideLayouts/slideLayout5.xml,ppt/slideMasters/slideMaster1.xml,14,11,"{""AUTO_SHAPE"": 2, ""PLACEHOLDER"": 1, ""TEXT_BOX"": 11}",0,,
delivery-variant,/home/u24/papers/beamshift/.scratch/teaching-course/v3-ee/delivery/satellite-energy-course-combined-handoff-v1.pptx,7dbdc23e17d7a3c6dc8d6ed76823100da6aa7f14512a8128201a42c59f5ddd34,1657236,36,b2038c29d59831c097d1a8c51322430b191d8b89261e5ed4db37b4d4b5b79a30,A／B 比較：用四組欄位判斷服務與節能,"20
只有把交付資料、鏈路品質、總能量與狀態對齊，才能判斷哪個選擇較符合服務與節能目標。
A｜提高 RF 輸出
品質可能上升
PA 取電增加
B｜換波束／換衛星或較低速率
服務集合／資料率改變
同窗記錄能量與品質
交付資料
窗口累積資料 [Mbit]
鏈路品質
SINR／低品質比例
總能量
窗口能量 [J]
狀態欄位
服務／有效／Δt",,False,fee11070ffeed12657aee0a2b595f9cf399be313b2b56133c6446ec3f24ed66e,53f6865def8be6a378fcb863329ef3f273920efff18e11525ba25e1af4cedb2e,,只有標題,,ppt/slideLayouts/slideLayout5.xml,ppt/slideMasters/slideMaster1.xml,25,17,"{""AUTO_SHAPE"": 7, ""LINE"": 1, ""PLACEHOLDER"": 1, ""TEXT_BOX"": 16}",0,,
delivery-variant,/home/u24/papers/beamshift/.scratch/teaching-course/v3-ee/delivery/satellite-energy-course-combined-handoff-v1.pptx,7dbdc23e17d7a3c6dc8d6ed76823100da6aa7f14512a8128201a42c59f5ddd34,1657236,37,2096397d2c011b0f9707fbb95d6600f97943cbc752a318951f8c7ed33449cac4,同一窗口的選擇：資料與品質可比，節能才有意義,"21
能量下降只有在交付資料與鏈路品質仍維持可比時，才值得採用。
可以接受
同一服務窗口
資料可比、品質可比
總能量較低
不能直接接受
少了能量但資料下降
或品質明顯退化
不能稱為節能成效
最後判準
同一服務窗口內，交付資料與鏈路品質仍可比，且總能量下降，才算值得。",,False,5e44ab02d10c980491b16f785721c2b4a0366a0dfcb300cee6ba4da9c52e871c,925ab9b2319c67534c80e674e45e60171922e2f385260ad175203ac8e5c737da,,只有標題,,ppt/slideLayouts/slideLayout5.xml,ppt/slideMasters/slideMaster1.xml,18,13,"{""AUTO_SHAPE"": 4, ""LINE"": 1, ""PLACEHOLDER"": 1, ""TEXT_BOX"": 12}",0,,
delivery-variant,/home/u24/papers/beamshift/.scratch/teaching-course/v3-ee/delivery/satellite-energy-course-combined-handoff-v1.pptx,7dbdc23e17d7a3c6dc8d6ed76823100da6aa7f14512a8128201a42c59f5ddd34,1657236,38,14a9dc74fad8f0d024a4c5da9789a2b664012e8ddd631b7aa68c4e2da07500d7,服務窗口裡，控制改變如何傳到讀值？,"1
服務窗口已建立；現在沿一條正在服務的連線追問：
具體問題
每次只調整一項，哪個中間量先變？
它如何帶動功率、品質或資料讀值？
每筆結果回指控制、窗口、狀態。
每次調整一項
先找中間量
再讀實際結果
因果重點｜先找中間量，再讀結果；不要把結果倒過來當成原因。",,False,ad330d66f19e8c51d55eae7670d30ddb1c5632a90d71e54ca5b7fe8380c9fa59,d1c7b39a6644cb311ed329c78d3ae8b7ee5c521b4cb13347500ec78a6691f11b,,只有標題,,ppt/slideLayouts/slideLayout5.xml,ppt/slideMasters/slideMaster1.xml,20,9,"{""AUTO_SHAPE"": 5, ""LINE"": 6, ""PLACEHOLDER"": 1, ""TEXT_BOX"": 8}",0,,
delivery-variant,/home/u24/papers/beamshift/.scratch/teaching-course/v3-ee/delivery/satellite-energy-course-combined-handoff-v1.pptx,7dbdc23e17d7a3c6dc8d6ed76823100da6aa7f14512a8128201a42c59f5ddd34,1657236,39,b9c2110dfd99dc62dc736ded2a580b0c17f2b59eedbd3ccb60d1ac3053d1cc29,完整因果鏈：從控制到可觀察結果,"2
沿同一條路徑讀：控制 → 狀態 → 中間量 → 欄位 → 解釋。
控制
發射功率
頻寬、重用
能源旋鈕
狀態
服務集合
干擾與雜訊
事件與窗口
中間量
RF、PA、總功率
SINR 與負載
事件能量
欄位與解釋
吞吐量、耗能
狀態與範圍
差異可回指
因果重點｜每筆結果都要能回指到改動的控制與同一個觀察窗口。",,False,0c7bafa8d614a29c8cf5a4c68f67c05386982d983d769c2f2a9709d073d87ed5,ee5618a26a03faa4510044765041c6ef0dad0e71717d0f8d371959a891aeca75,,只有標題,,ppt/slideLayouts/slideLayout5.xml,ppt/slideMasters/slideMaster1.xml,20,12,"{""AUTO_SHAPE"": 8, ""PLACEHOLDER"": 1, ""TEXT_BOX"": 11}",0,,
delivery-variant,/home/u24/papers/beamshift/.scratch/teaching-course/v3-ee/delivery/satellite-energy-course-combined-handoff-v1.pptx,7dbdc23e17d7a3c6dc8d6ed76823100da6aa7f14512a8128201a42c59f5ddd34,1657236,40,90228f6137f56f11ea176f40efb438a1f7f3f4010ba3d57dc25e787ef23aab9a,兩個窗口與兩種按鈕語義,"3
兩個窗口各有邊界；兩個按鈕也各自改不同的對象。
重新開始量測
清除並重新基準化單一連線窗口與標準窗口。
保留所有旋鈕、場景、播放與模擬時間。
新的讀值不混入上一筆窗口。
恢復能源參數預設
可調整功率放大器效率、電路功率、每次換手耗能。
隨即開始新的單一連線帳本窗口。
標準窗口與它各自維持；兩個狀態不合併。
因果重點｜重新開始量測：兩窗口重基準；恢復能源參數預設：開新帳本。",,False,4164a190f10b34b4d0eda133cd8a742136c231065e91b45c8ec64121f30100f5,48abd774bf0fe7d90d3c32320035a20ff6f7b019263c8f258f1e9f952cb10a6b,,只有標題,,ppt/slideLayouts/slideLayout5.xml,ppt/slideMasters/slideMaster1.xml,11,8,"{""AUTO_SHAPE"": 3, ""PLACEHOLDER"": 1, ""TEXT_BOX"": 7}",0,,
delivery-variant,/home/u24/papers/beamshift/.scratch/teaching-course/v3-ee/delivery/satellite-energy-course-combined-handoff-v1.pptx,7dbdc23e17d7a3c6dc8d6ed76823100da6aa7f14512a8128201a42c59f5ddd34,1657236,41,89a4f19a1a71aad31c71711246b3ff263ecf100a9e25797c9f8297a889a25b79,控制在哪裡：左側分頁與操作按鈕,"4
左側是操作面：先選分頁，再改控制；按鈕各有自己的作用。
操作路徑
SINR 分頁：衛星發射功率、頻道頻寬、頻率重複使用係數。
EE 分頁：功率放大器效率、電路功率、每次換手耗能。
量測按鈕：重新開始量測；恢復能源參數預設。
場景與播放維持不變；改旋鈕才開新窗口。
畫面直接核對分頁中的控制與按鈕。
因果重點｜先確認分頁與按鈕語義，再開始任何一項比較。",,False,2a35a640bed7d07a4210af56d5230c5afb1db4d332444d1ed244ced130ba0add,2a25b70fbfed74a32e2421a4381928ef6e5088726f30397e07acd6efe68e8ba3,,只有標題,,ppt/slideLayouts/slideLayout5.xml,ppt/slideMasters/slideMaster1.xml,11,7,"{""AUTO_SHAPE"": 3, ""PICTURE"": 1, ""PLACEHOLDER"": 1, ""TEXT_BOX"": 6}",1,image/png,dccad4e646b80a489ad823418dcbcc2a3133407a638e8d27531d15c12809fce6
delivery-variant,/home/u24/papers/beamshift/.scratch/teaching-course/v3-ee/delivery/satellite-energy-course-combined-handoff-v1.pptx,7dbdc23e17d7a3c6dc8d6ed76823100da6aa7f14512a8128201a42c59f5ddd34,1657236,42,1c9d3eb0f692e959bee369f53489d3fa1c5f05236dcd15324ce38a1600c7a5ba,讀值在哪裡：右側明細與狀態,"5
右側是讀值面：只讀現有欄位；破折號代表未取得，不補成推算數。
逐筆明細
無線電發射功率、PA 輸入功率
電路功率與總功率；保留畫面單位
窗口與狀態
已累積時間、資料與總耗能
波束負載 U、即時 SINR、狀態
總功率：逐筆讀值列
單一連線吞吐量：逐筆讀值列
因果重點｜先記欄位名稱、單位、範圍、狀態與窗口，再談方向。",,False,01b235020433502b2c5622f00c89feadd7dfc6e9bfe76b6af506574a8de43698,c218e6da7e14440c93d57088a29968a1f28dc71d743421a621e0171fbb68f02b,,只有標題,,ppt/slideLayouts/slideLayout5.xml,ppt/slideMasters/slideMaster1.xml,17,10,"{""AUTO_SHAPE"": 5, ""PICTURE"": 2, ""PLACEHOLDER"": 1, ""TEXT_BOX"": 9}",2,image/png,81f12df0dd1f288832259cf2787de99bcaa4f0de61e77cc96229d504c3473ad7;c737119a0acad262412107319dad7b3b1bcb5ead3d3859f6bedcaa3ca330cfc0
delivery-variant,/home/u24/papers/beamshift/.scratch/teaching-course/v3-ee/delivery/satellite-energy-course-combined-handoff-v1.pptx,7dbdc23e17d7a3c6dc8d6ed76823100da6aa7f14512a8128201a42c59f5ddd34,1657236,43,123a161ed33d4ee55ef2a52b9d6f4b128e3fd6a543f538e349cacd1c2af52b36,T1｜為什麼先核對功率鏈？,"6
T1｜直接問題：總功率讀值能否回指到功率鏈？
目的與假說
無線電發射功率先換成 PA 輸入功率。
電路項在最後加入。
調整電路功率時，先變的是電路讀值。
功率鏈公式
每列都用畫面實際值核對。
因果重點｜先驗證加總邊界，才知道哪一列是原因、哪一列是結果。",,False,e267a674e06ae09ade0daaa6c08f3132fcb3f03fd08cdacdc322e2a983b8dba2,d0e353a7a17904e3fd3098c1ad62365ab93ad28caa8d11bdf0de349e7e6f76f7,,只有標題,,ppt/slideLayouts/slideLayout5.xml,ppt/slideMasters/slideMaster1.xml,12,8,"{""AUTO_SHAPE"": 3, ""PLACEHOLDER"": 1, ""TEXT_BOX"": 8}",0,,
delivery-variant,/home/u24/papers/beamshift/.scratch/teaching-course/v3-ee/delivery/satellite-energy-course-combined-handoff-v1.pptx,7dbdc23e17d7a3c6dc8d6ed76823100da6aa7f14512a8128201a42c59f5ddd34,1657236,44,9e694b15ce5c2438d9db36d10166afac2665b84a65416b279fc2b73a06a26376,T1｜操作：調整電路功率，找中間量,"7
T1｜操作與預測：只改一項，沿功率鏈找先變的列。
操作順序
1
先記窗口｜記畫面值
2
調整電路功率｜其餘控制不變
3
讀功率列｜無線電、PA
4
補結果列｜電路、總功率
控制值以當下畫面為準。
因果重點｜預測說明中間量如何接上結果；方向留給同一窗口。",,False,0a51003716d90f2d954cbfdbe25b9b51336c610211004831861264c2fbe9716e,824c804410b85eb946903915e8cb0f6dff6dece0e62d42c75078bdd2c91e43ae,,只有標題,,ppt/slideLayouts/slideLayout5.xml,ppt/slideMasters/slideMaster1.xml,22,14,"{""AUTO_SHAPE"": 7, ""PICTURE"": 1, ""PLACEHOLDER"": 1, ""TEXT_BOX"": 13}",1,image/png,dccad4e646b80a489ad823418dcbcc2a3133407a638e8d27531d15c12809fce6
delivery-variant,/home/u24/papers/beamshift/.scratch/teaching-course/v3-ee/delivery/satellite-energy-course-combined-handoff-v1.pptx,7dbdc23e17d7a3c6dc8d6ed76823100da6aa7f14512a8128201a42c59f5ddd34,1657236,45,f661c5d291006ee4b380d3ea627e090961b473060e6a60f32027b9d79dc8b4b4,T1｜空白觀察表：控制與窗口,"8
空格可以填入實際觀測結果
條件
衛星發射功率
dBm
功率放大器效率
已累積時間
s
基準
調整電路功率
先記控制值與窗口身份；無效欄保留破折號與狀態。
控制差異：只改電路功率
窗口：按重新開始量測
因果重點｜先保存條件與窗口身份，再讀功率結果。",,False,77c000fc611c542df329f68228395ad0e9ae2fe31b42365c2525d98ae87c7091,eeef8e5df4848446224fe83b32e406fa326bc5781e05457490d70c0ae38c4fae,,只有標題,,ppt/slideLayouts/slideLayout5.xml,ppt/slideMasters/slideMaster1.xml,22,13,"{""AUTO_SHAPE"": 4, ""LINE"": 5, ""PLACEHOLDER"": 1, ""TEXT_BOX"": 12}",0,,
delivery-variant,/home/u24/papers/beamshift/.scratch/teaching-course/v3-ee/delivery/satellite-energy-course-combined-handoff-v1.pptx,7dbdc23e17d7a3c6dc8d6ed76823100da6aa7f14512a8128201a42c59f5ddd34,1657236,46,31e43a07f9dcb2dc488390f69519c9153d72ef977498e630b45b881134e4556d,T1｜實際數值：控制與窗口,"9
程式可重算實值｜固定窗口 2 s；實際窗口可能不同。
條件
衛星發射功率
dBm
功率放大器效率
已累積時間
s
基準
24
0.35
2
調整電路功率
24
0.35
2
調整功率放大器效率
24
0.70
2
調整衛星發射功率
30
0.35
2
因果重點｜實值頁先確認控制差異真的只有一項。",,False,078f6c1f63c5476e030e6583bb9bdeb29b08766d6b88ea8492ac767d960e7913,e1a1706169060785bc2f66a1f563b335b14de8dd314e41cf6ec4adf470cd002c,,只有標題,,ppt/slideLayouts/slideLayout5.xml,ppt/slideMasters/slideMaster1.xml,33,24,"{""AUTO_SHAPE"": 2, ""LINE"": 7, ""PLACEHOLDER"": 1, ""TEXT_BOX"": 23}",0,,
delivery-variant,/home/u24/papers/beamshift/.scratch/teaching-course/v3-ee/delivery/satellite-energy-course-combined-handoff-v1.pptx,7dbdc23e17d7a3c6dc8d6ed76823100da6aa7f14512a8128201a42c59f5ddd34,1657236,47,e1e46e197e1ea24cedcca28c77d8a451884647e25b1fbb10f7df6a982569b7f1,T1｜解讀：控制與窗口先對齊,"10
T1｜解讀：先比對不變欄，再追第一個變動的中間量。
控制差異
基準 → 調整電路功率：3→4 W。
衛星發射功率、功率放大器效率、窗口時間不變。
第一個變動是電路功率；它只會向總功率加 1 W。
可支持的判讀
各列同為 2 s 且重新開始量測，才可比較差額。
若時間、服務狀態或窗口不同，不能歸因給旋鈕。
這組數值支持局部功率鏈，不支持場景速率因果。
因果重點｜把控制差異與窗口先對齊，才有資格解讀功率結果。",,False,fed516342a172aafd6bf5c7db68ad419b117033751bdb92871a30cb1c454725b,21776822a44b339e81afe3674346bb00b3f9c71ed6a2ce2ac6f7f140527d6475,,只有標題,,ppt/slideLayouts/slideLayout5.xml,ppt/slideMasters/slideMaster1.xml,11,8,"{""AUTO_SHAPE"": 3, ""PLACEHOLDER"": 1, ""TEXT_BOX"": 7}",0,,
delivery-variant,/home/u24/papers/beamshift/.scratch/teaching-course/v3-ee/delivery/satellite-energy-course-combined-handoff-v1.pptx,7dbdc23e17d7a3c6dc8d6ed76823100da6aa7f14512a8128201a42c59f5ddd34,1657236,48,b6f5a0eeebc2b61efba008ac0a4a4e351db59689263c280913f25c3338939853,T1｜空白觀察表：功率讀值,"11
空格可以填入實際觀測結果
條件
電路功率
W
無線電發射功率
W
PA 輸入功率
W
總功率
W
基準
調整電路功率
因果重點｜同一窗口的功率列，才足以核對加總邊界。",,False,cdb9fcb549ebbfa12b5fd6dd80e9104c621b21a4bef58c5fc740b6ad719bdc82,f8839187e8af23f5fe599286bb5ae207e4800b4aa37d64fc4aca62b1c0971479,,只有標題,,ppt/slideLayouts/slideLayout5.xml,ppt/slideMasters/slideMaster1.xml,20,11,"{""AUTO_SHAPE"": 2, ""LINE"": 6, ""PLACEHOLDER"": 1, ""TEXT_BOX"": 11}",0,,
delivery-variant,/home/u24/papers/beamshift/.scratch/teaching-course/v3-ee/delivery/satellite-energy-course-combined-handoff-v1.pptx,7dbdc23e17d7a3c6dc8d6ed76823100da6aa7f14512a8128201a42c59f5ddd34,1657236,49,a79ce3fd8d8758e2603bf1a3e33cfe2fd827d97952b8079b51a1fb3f33e0aa78,T1｜實際數值：功率讀值,"12
程式可重算實值｜四列均為 W；實際窗口可能不同。
條件
電路功率
W
無線電發射功率
W
PA 輸入功率
W
總功率
W
基準
3.000000
0.251189
0.717682
3.717682
調整電路功率
4.000000
0.251189
0.717682
4.717682
調整功率放大器效率
3.000000
0.251189
0.358841
3.358841
調整衛星發射功率
3.000000
1.000000
2.857143
5.857143
因果重點｜實際列把 RF、PA、電路與總功率接回同一條鏈。",,False,d506dd98d19067d9bab888b85e6418c876deca80a2b6fbd7f397aeed706b77f4,477d848811a7929e987dc141ad3bf90682cf03a9951788d02dd9ddd10c7d50ef,,只有標題,,ppt/slideLayouts/slideLayout5.xml,ppt/slideMasters/slideMaster1.xml,39,29,"{""AUTO_SHAPE"": 2, ""LINE"": 8, ""PLACEHOLDER"": 1, ""TEXT_BOX"": 28}",0,,
delivery-variant,/home/u24/papers/beamshift/.scratch/teaching-course/v3-ee/delivery/satellite-energy-course-combined-handoff-v1.pptx,7dbdc23e17d7a3c6dc8d6ed76823100da6aa7f14512a8128201a42c59f5ddd34,1657236,50,2d793281ab60ec2e26a3d620c7a3e236bd8988628f3bd46f92517d6d0c39b1a8,T1｜解讀：總功率從哪裡來？,"13
T1｜解讀：總功率的第一個變動來自哪一列？
第一個變動
3→4 W：電路功率先變，總功率 3.717682→4.717682 W。
η 0.35→0.70：PA 輸入 0.717682→0.358841 W；RF 不變。
24→30 dBm：RF 0.251189→1.000000 W，PA 與總功率跟著上升。
這組數值支持什麼
支持單一連線功率鏈的局部關係。
總功率不是完整系統功率；場景 SINR 與速率要另讀。
窗口、場景或狀態改變時，必須重新記錄。
因果重點｜先找第一個變動的欄位，再把它接到總功率差額。",,False,aebdbd84b71da1dfc90a84ba14b5c1737ba679db59274269c7133ff8ea2c53bf,f4d5e66fc2da4b6cf037c99720285e1f606d66f8425fe03ffbaf03f790ca7f64,,只有標題,,ppt/slideLayouts/slideLayout5.xml,ppt/slideMasters/slideMaster1.xml,11,8,"{""AUTO_SHAPE"": 3, ""PLACEHOLDER"": 1, ""TEXT_BOX"": 7}",0,,
delivery-variant,/home/u24/papers/beamshift/.scratch/teaching-course/v3-ee/delivery/satellite-energy-course-combined-handoff-v1.pptx,7dbdc23e17d7a3c6dc8d6ed76823100da6aa7f14512a8128201a42c59f5ddd34,1657236,51,be0e0092ab1093c758fb658ecf56b991b17e167d0a703ce6d3031970276ddeb2,T2｜為什麼分開調整三個能源參數？,"14
T2｜直接問題：持續運作功率與換手耗能，是否由同一個控制決定？
目的與假說
功率放大器效率 → PA 輸入功率 → 總功率。
電路功率 → 每一時刻的總功率。
調整每次換手耗能 → 有事件才計能量。
單一連線窗口
總功率時間項＋換手事件能量。
不是標準系統功率效率。
因果重點｜三個旋鈕分開：持續功率與事件能量各走一條路。",,False,73c1df0a07ce77bbe1fe5faf62d8d42da9e0ceb865d0d1cfb4cc4429c4f44c85,f2e1218d96d18d7f231090e0b49087e289e6ab7f44895203e8017441591143e4,,只有標題,,ppt/slideLayouts/slideLayout5.xml,ppt/slideMasters/slideMaster1.xml,12,8,"{""AUTO_SHAPE"": 3, ""PLACEHOLDER"": 1, ""TEXT_BOX"": 8}",0,,
delivery-variant,/home/u24/papers/beamshift/.scratch/teaching-course/v3-ee/delivery/satellite-energy-course-combined-handoff-v1.pptx,7dbdc23e17d7a3c6dc8d6ed76823100da6aa7f14512a8128201a42c59f5ddd34,1657236,52,48879267e066d5917281aa9e46e5cad7e14b2f67bb6b7ae451d0e9c773584cc2,T2｜操作：先建立基準，再改一個旋鈕,"15
T2｜操作與預測：先建立基準，再一次只調整一個能源旋鈕。
1｜建立基準
記畫面值
按「重新開始量測」
2｜調整功率放大器效率
只改這一項
記 PA 輸入功率
3｜調整電路功率
回到基準
只改電路功率
4｜調整每次換手耗能
回到基準
只改每次換手耗能
因果重點｜每次回到基準並開新窗口，才能辨認旋鈕的作用。",,False,c219fe10daff175be7eeeafbb3fbaf1c7c1274973ab8449c5818641b10fec462,9ba594007f4be89638406b0af5cb765dd6333d8d3ba23d671fae9767aecfa819,,只有標題,,ppt/slideLayouts/slideLayout5.xml,ppt/slideMasters/slideMaster1.xml,17,12,"{""AUTO_SHAPE"": 5, ""PLACEHOLDER"": 1, ""TEXT_BOX"": 11}",0,,
delivery-variant,/home/u24/papers/beamshift/.scratch/teaching-course/v3-ee/delivery/satellite-energy-course-combined-handoff-v1.pptx,7dbdc23e17d7a3c6dc8d6ed76823100da6aa7f14512a8128201a42c59f5ddd34,1657236,53,6c8967a637359dd5c0022af7c60a6002efc41873804ac16d352465c329260dc7,T2｜操作：讀畫面，確認當下控制值,"16
T2｜操作與預測：先讀畫面控制值，再開始同一個量測窗口。
操作順序
1｜選 EE 分頁。
2｜讀功率放大器效率、電路功率、每次換手耗能。
3｜只改一項；按重新開始量測。
4｜把畫面值寫入同一窗口。
畫面標籤：功率放大器效率／電路功率／每次換手耗能
因果重點｜控制值以當下畫面為準；預測不代替實際觀測。",,False,9b257939a2486a99dc068c66998373bcf215c1339e8e30f8b0d4423456fb434b,db45444b05d795f1101b3d56e4fa37d6cb71f70ce5e3a7841636441082936b9f,,只有標題,,ppt/slideLayouts/slideLayout5.xml,ppt/slideMasters/slideMaster1.xml,11,7,"{""AUTO_SHAPE"": 3, ""PICTURE"": 1, ""PLACEHOLDER"": 1, ""TEXT_BOX"": 6}",1,image/png,dccad4e646b80a489ad823418dcbcc2a3133407a638e8d27531d15c12809fce6
delivery-variant,/home/u24/papers/beamshift/.scratch/teaching-course/v3-ee/delivery/satellite-energy-course-combined-handoff-v1.pptx,7dbdc23e17d7a3c6dc8d6ed76823100da6aa7f14512a8128201a42c59f5ddd34,1657236,54,1e901d74b6c9c9cc5aae8c413beb8281b6d4715e4d977cadecb0271c56acd388,T2｜空白觀察表：控制與持續運作功率,"17
空格可以填入實際觀測結果
條件
功率放大器效率
電路功率
W
每次換手耗能
J
PA 輸入功率
W
總功率
W
基準
調整功率放大器效率
調整電路功率
調整每次換手耗能
因果重點｜控制表記旋鈕設定；功率讀值仍取自當下窗口。",,False,e7ea976028777a70c3c674cc1e2d4d662dee38429e2b34b8c527d57fbc734af1,76ceb62cbd831543d05e7fce59fc207c2126e44c015ac78b699d1f54133f8591,,只有標題,,ppt/slideLayouts/slideLayout5.xml,ppt/slideMasters/slideMaster1.xml,25,14,"{""AUTO_SHAPE"": 2, ""LINE"": 9, ""PLACEHOLDER"": 1, ""TEXT_BOX"": 13}",0,,
delivery-variant,/home/u24/papers/beamshift/.scratch/teaching-course/v3-ee/delivery/satellite-energy-course-combined-handoff-v1.pptx,7dbdc23e17d7a3c6dc8d6ed76823100da6aa7f14512a8128201a42c59f5ddd34,1657236,55,d3104f9207d4b7d73ed753f68f0d451a4f189ec07e210c995d047c51f103c37c,T2｜實際數值：控制與持續運作功率,"18
程式可重算實值｜固定衛星發射功率 24 dBm；實際窗口可能不同。
條件
功率放大器效率
電路功率
W
每次換手耗能
J
PA 輸入功率
W
總功率
W
基準
0.35
3
3
0.717682
3.717682
調整功率放大器效率
0.70
3
3
0.358841
3.358841
調整電路功率
0.35
12
3
0.717682
12.717682
調整每次換手耗能
0.35
3
100
0.717682
3.717682
因果重點｜功率欄先把持續運作路徑與事件成本分開。",,False,c03d5ee37e1ab32d4bab3c4dce5a015f4722e16d12ce65a5695a99472e98357b,91dc57f3fb3a76a44a12e81e5fab6977066de716a167e5fdeaaa5916bbb058ba,,只有標題,,ppt/slideLayouts/slideLayout5.xml,ppt/slideMasters/slideMaster1.xml,45,34,"{""AUTO_SHAPE"": 2, ""LINE"": 9, ""PLACEHOLDER"": 1, ""TEXT_BOX"": 33}",0,,
delivery-variant,/home/u24/papers/beamshift/.scratch/teaching-course/v3-ee/delivery/satellite-energy-course-combined-handoff-v1.pptx,7dbdc23e17d7a3c6dc8d6ed76823100da6aa7f14512a8128201a42c59f5ddd34,1657236,56,414ea09a5cf437cdb31b5b2a3170d494c2bfb0f4ea690196a8a0f331b5c480fe,T2｜解讀：持續運作功率先看哪一列？,"19
T2｜解讀：先看持續運作功率，再看事件成本。
持續運作功率
η 0.35→0.70：PA 輸入 0.717682→0.358841 W。
電路功率 3→12 W：總功率 3.717682→12.717682 W。
兩個旋鈕都先改持續運作路徑。
事件成本
每次換手耗能 3→100 J：PA 輸入與總功率不變。
只有窗口內發生換手，事件能量才會進總耗能。
這頁支持中間量分流，不宣稱服務品質改善。
因果重點｜同樣是能源旋鈕，持續功率與事件能量必須分欄判讀。",,False,fc323ff7f60bf2c2c0900e84e6a4278deeca8b3bc75f22fec5042cb0f4203fcf,808f054d57f259e7b8b6b1111d0bb0847711cf8f328b9f9c92d4507c1067b1e8,,只有標題,,ppt/slideLayouts/slideLayout5.xml,ppt/slideMasters/slideMaster1.xml,11,8,"{""AUTO_SHAPE"": 3, ""PLACEHOLDER"": 1, ""TEXT_BOX"": 7}",0,,
delivery-variant,/home/u24/papers/beamshift/.scratch/teaching-course/v3-ee/delivery/satellite-energy-course-combined-handoff-v1.pptx,7dbdc23e17d7a3c6dc8d6ed76823100da6aa7f14512a8128201a42c59f5ddd34,1657236,57,d111aa2d9024966a3015d4fa1c4332966a7145635afd84d9087fc5b95ccf732d,T2｜空白觀察表：事件、總耗能與窗口,"20
空格可以填入實際觀測結果
條件
換手次數
次
換手耗能
J
總耗能
J
整段累積效率
Mbit/J
已累積時間
s
Producer 狀態
基準
調整功率放大器效率
調整電路功率
調整每次換手耗能
因果重點｜換手次數要連同窗口與服務狀態一起讀。",,False,9450d04b540ab82d7558ef4e83165ab59d4dccd807ea98916e7159832f6e8ab7,28a291dd1afea4c4dae4edcffc71c89095d9469796d48887ea60f320a8358567,,只有標題,,ppt/slideLayouts/slideLayout5.xml,ppt/slideMasters/slideMaster1.xml,27,15,"{""AUTO_SHAPE"": 2, ""LINE"": 10, ""PLACEHOLDER"": 1, ""TEXT_BOX"": 14}",0,,
delivery-variant,/home/u24/papers/beamshift/.scratch/teaching-course/v3-ee/delivery/satellite-energy-course-combined-handoff-v1.pptx,7dbdc23e17d7a3c6dc8d6ed76823100da6aa7f14512a8128201a42c59f5ddd34,1657236,58,2bd9c668c554a2af0dde4d7ce3d4465dca9bdf608902563d39603380bac23608,T2｜實際數值：事件、總耗能與窗口,"21
程式可重算實值｜同一 2 s 窗口、一次換手；實際窗口可能不同。
條件
換手次數
次
換手耗能
J
總耗能
J
整段累積效率
Mbit/J
已累積時間
s
Producer 狀態
基準
1
3
10.435364
13.260416
2
有效 VALID
調整功率放大器效率
1
3
9.717682
14.239740
2
有效 VALID
調整電路功率
1
3
28.435364
4.866379
2
有效 VALID
調整每次換手耗能
1
100
107.435364
1.288005
2
有效 VALID
因果重點｜事件欄把換手次數、換手耗能與總耗能接在同一窗口。",,False,91acbf1fdbe289cedea5e565c2273add07e9214739eeeab887c7787b95edf44a,5ad7f18f9e9b8f536f64d20fc7b6042e9dee6957ef6471bd91c557e79e1e6574,,只有標題,,ppt/slideLayouts/slideLayout5.xml,ppt/slideMasters/slideMaster1.xml,51,39,"{""AUTO_SHAPE"": 2, ""LINE"": 10, ""PLACEHOLDER"": 1, ""TEXT_BOX"": 38}",0,,
delivery-variant,/home/u24/papers/beamshift/.scratch/teaching-course/v3-ee/delivery/satellite-energy-course-combined-handoff-v1.pptx,7dbdc23e17d7a3c6dc8d6ed76823100da6aa7f14512a8128201a42c59f5ddd34,1657236,59,8effca9dadee1923590001fdf79654b309445c9370feebce2315678e13037345,T2｜解讀：事件耗能何時改變結果？,"22
T2｜解讀：事件耗能何時改變結果？
三欄差額
基準→PA 效率：總功率 3.717682→3.358841 W，總耗能下降。
電路功率：總功率 +9 W，總耗能 28.435364 J。
換手耗能 3→100 J：功率不變。
窗口判讀
每列同為 2 s、138.377265 Mbit、換手 1 次。
低 SINR 皆 100%；Run EE 高不等於品質變好。
換手 0 次：事件耗能不變。
因果重點｜總耗能的差額要回指持續功率或窗口事件，不能只看 Run EE。",,False,118ba7c9157304afc43750422103b19541b8d915f9d1dbe65c8fa09b89f840d3,6c68c5c44677638303cb04353a45597ee594c0ca05c5206f0855ebf672804017,,只有標題,,ppt/slideLayouts/slideLayout5.xml,ppt/slideMasters/slideMaster1.xml,11,8,"{""AUTO_SHAPE"": 3, ""PLACEHOLDER"": 1, ""TEXT_BOX"": 7}",0,,
delivery-variant,/home/u24/papers/beamshift/.scratch/teaching-course/v3-ee/delivery/satellite-energy-course-combined-handoff-v1.pptx,7dbdc23e17d7a3c6dc8d6ed76823100da6aa7f14512a8128201a42c59f5ddd34,1657236,60,e8c1d03934a03b26f67c9c1cfc103404ca5c87659f440b3c26cb487cb15a9f72,T3｜為什麼速率不能只看一個方向？,"23
T3｜條件式問題：固定 U 與 SINR，B／K 如何改變速率？
dB 到線性值
0 dB → 1
3 dB → 約 2
10 dB → 10
先換線性值，再套 log2
每位使用者速率
固定波束負載 U 與 SINR 後，才比較 B／K 的分配頻寬。
速率是每秒資料量（bit/s），不是時間窗資料量。
因果重點｜先把 SINR 轉成線性值；再在固定 U／SINR 下讀 B／K 的速率差。",,False,8621486128fdd77476e3721feae378e9249e951ad934a9f99ce804450931a289,00c6b30ebe2df4e30f3a56908dd69a92f3de817259ac2a243577293906e3eec9,,只有標題,,ppt/slideLayouts/slideLayout5.xml,ppt/slideMasters/slideMaster1.xml,20,11,"{""AUTO_SHAPE"": 7, ""PLACEHOLDER"": 1, ""TEXT_BOX"": 12}",0,,
delivery-variant,/home/u24/papers/beamshift/.scratch/teaching-course/v3-ee/delivery/satellite-energy-course-combined-handoff-v1.pptx,7dbdc23e17d7a3c6dc8d6ed76823100da6aa7f14512a8128201a42c59f5ddd34,1657236,61,54b351c3ba930116a10fbd66dd9ba7dfb236a9e62e34bad4abdc10cae835f369,T3｜從 dB 到資料：三種量不能混在一起,"24
T3｜同一份觀察要分清：頻譜效率、速率、系統吞吐量與時間窗資料。
頻譜效率
每 Hz 每秒可傳的位元。
SINR 提高時，對數增益逐步變小。
每位使用者速率
每秒資料量：bit/s。
由分配頻寬乘上頻譜效率。
系統量與時間窗資料
系統吞吐量是同一時刻各速率的合計。
時間窗資料量沿時間累積，不是速率本身。
因果重點｜先定義範圍與單位，再比較方向。",,False,3b243383132abacd433aa43e5cab1330bb0038333bd23e28c98a13cbb8b262ce,a81cf1473d33d730fdbf542998548a2fe123925758a5aad2d0581544120b3b1b,,只有標題,,ppt/slideLayouts/slideLayout5.xml,ppt/slideMasters/slideMaster1.xml,15,10,"{""AUTO_SHAPE"": 4, ""PLACEHOLDER"": 1, ""TEXT_BOX"": 10}",0,,
delivery-variant,/home/u24/papers/beamshift/.scratch/teaching-course/v3-ee/delivery/satellite-energy-course-combined-handoff-v1.pptx,7dbdc23e17d7a3c6dc8d6ed76823100da6aa7f14512a8128201a42c59f5ddd34,1657236,62,a123feb35b9b8d5bf0f416cc1a420de9aef229736cf9f669d82db29f142a40d0,T3｜條件設計：同一基準，每列只調整一項,"25
T3｜條件設計：所有列共用基準，每列只調整一項。
A 基準
頻道頻寬 100 MHz
頻率重複使用係數 K＝1
B｜調整頻率重複使用係數
頻道頻寬 100 MHz
頻率重複使用係數 K＝3
C｜調整頻道頻寬
頻道頻寬 200 MHz
頻率重複使用係數 K＝1
固定背景條件
波束負載 U＝1
SINR＝0 dB
每列重開量測；U 與 SINR 固定。
因果重點｜本組只比較 B／K 對速率的影響。",,False,bc70b1444937834328ef4a7c830e8db12f4b2dc6583341808b27f22b63245265,49082e24328740c4245d61b742cff97a4b3ed3829646bea2587435c3b75b71ae,,只有標題,,ppt/slideLayouts/slideLayout5.xml,ppt/slideMasters/slideMaster1.xml,14,9,"{""AUTO_SHAPE"": 5, ""PLACEHOLDER"": 1, ""TEXT_BOX"": 8}",0,,
delivery-variant,/home/u24/papers/beamshift/.scratch/teaching-course/v3-ee/delivery/satellite-energy-course-combined-handoff-v1.pptx,7dbdc23e17d7a3c6dc8d6ed76823100da6aa7f14512a8128201a42c59f5ddd34,1657236,63,ea6a70e4c8c065be4da2b6fc430c539d57387a00d3c75a4d25899cf62b2665cb,T3｜操作：調整控制、開窗、讀同一組欄位,"26
T3｜操作與預測：固定 U／SINR，只改 B 或 K，再讀同一組欄位。
操作順序
1｜先做 A；開新窗口。
2｜固定 U＝1、SINR＝0 dB。
3｜只調整 B 或 K；保留窗口。
4｜比較 B／K 對速率的影響。
讀取同一組欄位
波束負載 U、即時 SINR
速率、服務衛星、小區
Producer 狀態
因果重點｜每列獨立窗口；預測只說機制，不保證方向。",,False,8f2d5fb4ebca531e936ae4ad181abb244cfab095c34ce6b58b4e1cd16c624505,e25d9de77ce563fc5bec99ac70d09e52903060bb85027773ea2c82bfe424a679,,只有標題,,ppt/slideLayouts/slideLayout5.xml,ppt/slideMasters/slideMaster1.xml,11,8,"{""AUTO_SHAPE"": 3, ""PLACEHOLDER"": 1, ""TEXT_BOX"": 7}",0,,
delivery-variant,/home/u24/papers/beamshift/.scratch/teaching-course/v3-ee/delivery/satellite-energy-course-combined-handoff-v1.pptx,7dbdc23e17d7a3c6dc8d6ed76823100da6aa7f14512a8128201a42c59f5ddd34,1657236,64,6f160dd4ae45318b61758291b99b9c7ba997485f90ca83e5b69eaaa1913e25b6,T3｜空白觀察表：控制與窗口,"27
空格可以填入實際觀測結果
條件
頻道頻寬
MHz
頻率重複使用係數
K
已累積時間
s
Producer 狀態
A
B
C
因果重點｜先存條件與窗口，才不會混讀。",,False,e56ee6674794c801fd2cccf9968dea26ae10d7e6cdbedcf2681c984a33fb6e1e,08bf5cccdd38555a0d7c88f9e5cf2b9896ece9a1be663c0a646c1d8ae4d0a82c,,只有標題,,ppt/slideLayouts/slideLayout5.xml,ppt/slideMasters/slideMaster1.xml,21,12,"{""AUTO_SHAPE"": 2, ""LINE"": 7, ""PLACEHOLDER"": 1, ""TEXT_BOX"": 11}",0,,
delivery-variant,/home/u24/papers/beamshift/.scratch/teaching-course/v3-ee/delivery/satellite-energy-course-combined-handoff-v1.pptx,7dbdc23e17d7a3c6dc8d6ed76823100da6aa7f14512a8128201a42c59f5ddd34,1657236,65,63be324d6a82eb6b163b2a2c43107d3974ed4c585e9e7ff1aa9fe9d15ac36971,T3｜實際數值：控制與窗口,"28
程式可重算實值｜固定 U＝1、SINR＝0 dB；實際窗口可能不同。
條件
頻道頻寬
MHz
頻率重複使用係數
K
已累積時間
s
Producer 狀態
A
100
1
1
有效 VALID
B
100
3
1
有效 VALID
C
200
1
1
有效 VALID
固定背景：U＝1、SINR＝0 dB；每列窗口 1 s。
因果重點｜控制表確認 B／K 是唯一變動來源。",,False,eb84d0ae0e86a3af3ae59d1f2b5b511655a818bc55f36e51ec8ba3af57cd0e00,5973932b7c3d9c46a684c43e4d55d220993c0eb39c1f239d3d6a653264abdf05,,只有標題,,ppt/slideLayouts/slideLayout5.xml,ppt/slideMasters/slideMaster1.xml,34,25,"{""AUTO_SHAPE"": 2, ""LINE"": 7, ""PLACEHOLDER"": 1, ""TEXT_BOX"": 24}",0,,
delivery-variant,/home/u24/papers/beamshift/.scratch/teaching-course/v3-ee/delivery/satellite-energy-course-combined-handoff-v1.pptx,7dbdc23e17d7a3c6dc8d6ed76823100da6aa7f14512a8128201a42c59f5ddd34,1657236,66,7e255679804acb8b9fb3fc9842491b9774c3a25f4ccc851456f80921d0416c6d,T3｜解讀：固定條件才可比較,"29
T3｜解讀：固定條件，才可把速率差回指 B／K。
控制是否乾淨
A→B 只改 K：1→3；B、U、SINR 不變。
A→C 只改 B：100→200 MHz；K、U、SINR 不變。
三列有效；同一衛星／小區。
解讀邊界
受控條件只支持 B／K 到配給頻寬的比較。
發射功率固定，不宣稱它造成速率變化。
SINR／場景變動：另開窗口。
因果重點｜固定 U／SINR；速率差只回指 B／K。",,False,9ec7a239fa3de7d4ead87a08fdd2f45e4711813edb6190cf04e4920b57f4b379,ab27b7d980c3c3633f7bf084d5b733e7dc28a048c3918773086cc61a83b1dae5,,只有標題,,ppt/slideLayouts/slideLayout5.xml,ppt/slideMasters/slideMaster1.xml,11,8,"{""AUTO_SHAPE"": 3, ""PLACEHOLDER"": 1, ""TEXT_BOX"": 7}",0,,
delivery-variant,/home/u24/papers/beamshift/.scratch/teaching-course/v3-ee/delivery/satellite-energy-course-combined-handoff-v1.pptx,7dbdc23e17d7a3c6dc8d6ed76823100da6aa7f14512a8128201a42c59f5ddd34,1657236,67,cb858468f1b53dd654069758c92e72d8adf178bb354c46d34d9c2b77074eabfc,T3｜空白觀察表：品質、負載與速率,"30
空格可以填入實際觀測結果
條件
波束負載 U
即時 SINR
dB
速率
Mbit/s
狀態
服務衛星
服務小區
A
B
C
因果重點｜速率、時間窗資料量與服務範圍分開記錄。",,False,22890f8d43e0805e6ee3aea51a8db66224371a59c659994d184d4289052acfa3,d836f25a3dc35689e8e7f6598716b83ae836db9b09a30f1c358794e531bba036,,只有標題,,ppt/slideLayouts/slideLayout5.xml,ppt/slideMasters/slideMaster1.xml,25,14,"{""AUTO_SHAPE"": 2, ""LINE"": 9, ""PLACEHOLDER"": 1, ""TEXT_BOX"": 13}",0,,
delivery-variant,/home/u24/papers/beamshift/.scratch/teaching-course/v3-ee/delivery/satellite-energy-course-combined-handoff-v1.pptx,7dbdc23e17d7a3c6dc8d6ed76823100da6aa7f14512a8128201a42c59f5ddd34,1657236,68,bacf1ecf591fd1a603c0ca76fa41c50abbb0ce4850d72f13ef75650b8e94c4e8,T3｜實際數值：品質、負載與速率,"31
程式可重算實值｜固定 U／SINR 後比較速率；實際窗口可能不同。
條件
波束負載 U
即時 SINR
dB
速率
Mbit/s
狀態
服務衛星
服務小區
A
1
0
100.000000
已服務 SERVED
sat-a
0
B
1
0
33.333333
已服務 SERVED
sat-a
0
C
1
0
200.000000
已服務 SERVED
sat-a
0
因果重點｜實際讀值顯示 K 先縮小配給頻寬，B 直接放大配給頻寬。",,False,ba8e3dd2253c02455757ba633cc3799ae1461e8df345e69e2ef6e45223e6afa9,faafcd7ed2ec7ec1652228953bdf3d9f06f3642d469b2aa37edc24b04ff4f66c,,只有標題,,ppt/slideLayouts/slideLayout5.xml,ppt/slideMasters/slideMaster1.xml,43,32,"{""AUTO_SHAPE"": 2, ""LINE"": 9, ""PLACEHOLDER"": 1, ""TEXT_BOX"": 31}",0,,
delivery-variant,/home/u24/papers/beamshift/.scratch/teaching-course/v3-ee/delivery/satellite-energy-course-combined-handoff-v1.pptx,7dbdc23e17d7a3c6dc8d6ed76823100da6aa7f14512a8128201a42c59f5ddd34,1657236,69,8c79311acea82dbdaa476a9b6f0f7b6212ee88b4b49752aed0aaaa02a7f3e9be,T3｜解讀：B／K 如何改變速率？,"32
T3｜解讀：B／K 如何改變速率？
第一個變動
K 1→3：配給頻寬 100→33.333333 MHz，速率同比下降。
B 100→200 MHz：配給頻寬、速率皆翻倍。
U、SINR、發射功率皆固定。
可支持的判讀
受控條件支持 B／K→配給頻寬→速率。
發射功率未改變，不作速率原因。
即時 SINR 或場景改變，重新記錄服務狀態與窗口。
因果重點｜固定 U／SINR 後，速率差回指 B／K。",,False,4c3615048b364f8024533d8f27edee04c95c5c633c0c8fa5042c26f35dea76da,810f78eef3f9ffe88f971580d13db43e9aac597b0c5102a92a00dd60bc185771,,只有標題,,ppt/slideLayouts/slideLayout5.xml,ppt/slideMasters/slideMaster1.xml,11,8,"{""AUTO_SHAPE"": 3, ""PLACEHOLDER"": 1, ""TEXT_BOX"": 7}",0,,
delivery-variant,/home/u24/papers/beamshift/.scratch/teaching-course/v3-ee/delivery/satellite-energy-course-combined-handoff-v1.pptx,7dbdc23e17d7a3c6dc8d6ed76823100da6aa7f14512a8128201a42c59f5ddd34,1657236,70,9a36b6b26ffa3ffb5f3c78935f703b304f6aa10ab2fc13f5e8d74d44de1d0eee,結論｜這筆量測何時才算有效證據？,"33
結論｜這筆量測何時才算有效證據？
窗口
控制差異清楚。
時間與播放可辨。
讀值來自同一段。
鏈結
改動列可辨。
中間量有實測。
結果可回算。
直接問題
服務集合是否相同？
狀態是否有效？
缺值是否被保留？
若沒有同一窗口、實際欄位與狀態，方向不能升格為結論。
因果重點｜保住窗口、狀態與因果鏈，才能把觀察交給有效性判定。",,False,689c98cde8f06475b44ab3e62643f6bab81ad0543116343e18692ed6d3008541,9bacb1f9ff4f5579d42318ace327b5249c27cb533335145b5882be3dde0c52ba,,只有標題,,ppt/slideLayouts/slideLayout5.xml,ppt/slideMasters/slideMaster1.xml,15,11,"{""AUTO_SHAPE"": 4, ""PLACEHOLDER"": 1, ""TEXT_BOX"": 10}",0,,
delivery-variant,/home/u24/papers/beamshift/.scratch/teaching-course/v3-ee/delivery/satellite-energy-course-combined-handoff-v1.pptx,7dbdc23e17d7a3c6dc8d6ed76823100da6aa7f14512a8128201a42c59f5ddd34,1657236,71,c3499a43534a580f8c641e0f7be8ec3b0a9d6687ea0af14c16571c82204af600,從可操作到可採信：先固定比較資格,"1
先把比較對象、時間窗口與可重算讀值固定下來。
可採信的節能結論
節能必須和送達資料、服務品質、同一個時間窗口一起比較。
範圍
同一服務集合
狀態
同一有效窗口
證據
同一組欄位
結論
先證明比較資格，再解釋 EE 的方向。",,False,348ac106f53438ff47d4a278e341d237a19a209670ec77cc029e43b199742607,6957f0612b1a5ed0b66b33164c047d10d37ef470e8fba1d6415957f9bb43d96f,,只有標題,,ppt/slideLayouts/slideLayout5.xml,ppt/slideMasters/slideMaster1.xml,18,13,"{""AUTO_SHAPE"": 5, ""PLACEHOLDER"": 1, ""TEXT_BOX"": 12}",0,,
delivery-variant,/home/u24/papers/beamshift/.scratch/teaching-course/v3-ee/delivery/satellite-energy-course-combined-handoff-v1.pptx,7dbdc23e17d7a3c6dc8d6ed76823100da6aa7f14512a8128201a42c59f5ddd34,1657236,72,33005156d02b86c759de8ca9b3de804a3911d4ce7f7ae7ead9ff5020fc5ed133,Run EE 的兩個累積量要一起看,"2
耗能下降，不代表整段累積效率一定變好。
分子｜送達資料
累積傳輸資料量 D(W)；代表送達資料。
分母｜總耗能
功率沿時間累積成「總耗能」。
核心
同時比較送達資料與總耗能，才能判斷調整後的整段累積效率是否真的變好。",,False,7dd0477507bfa6a0fe98b605221a4ce2d6379c60597f9f3cf7c5fb23ef2132c6,e806e640a333cf5b3ff76e558225b0dd8a1a7fa42b5075d2c7d4b12a52216a58,,只有標題,,ppt/slideLayouts/slideLayout5.xml,ppt/slideMasters/slideMaster1.xml,13,9,"{""AUTO_SHAPE"": 3, ""PLACEHOLDER"": 1, ""TEXT_BOX"": 9}",0,,
delivery-variant,/home/u24/papers/beamshift/.scratch/teaching-course/v3-ee/delivery/satellite-energy-course-combined-handoff-v1.pptx,7dbdc23e17d7a3c6dc8d6ed76823100da6aa7f14512a8128201a42c59f5ddd34,1657236,73,7a0e5d7fd92ab964852c1cd6b7c04bac511ec88ceb2ade199ef93f112c0d57fa,一個能量數字，足以代表節能嗎？,"3
先提出問題，再決定怎麼操作。
比較範圍
同一場景、服務集合
與有效時間窗口
中間量
訊號品質先變嗎？
瞬時速率怎麼走？
最後讀值
資料量、總耗能
與 Run EE 是否同向？
核心問題
能量下降本身不回答節能；要看它是否保住送達資料與服務品質。",,False,ee558a06f55985182a08144329f589c29da4eac6334c1dce851c2f96668bad12,dc198c19261dfd519a9c5bf95a2cb209f5dfc21efa3d5622164758ed7bce8d30,,只有標題,,ppt/slideLayouts/slideLayout5.xml,ppt/slideMasters/slideMaster1.xml,15,11,"{""AUTO_SHAPE"": 4, ""PLACEHOLDER"": 1, ""TEXT_BOX"": 10}",0,,
delivery-variant,/home/u24/papers/beamshift/.scratch/teaching-course/v3-ee/delivery/satellite-energy-course-combined-handoff-v1.pptx,7dbdc23e17d7a3c6dc8d6ed76823100da6aa7f14512a8128201a42c59f5ddd34,1657236,74,3c8d3bf53a8245b5aa30b2a740f85e30fbbfbd6d0f09839d6706e246ab1122a6,先固定比較範圍，再記錄實際讀值,"4
把能量、資料、狀態與時間窗口放在同一個比較範圍。
實際畫面欄位
規則
服務集合、功率邊界與有效時間窗不同，數字只能分開描述。",,False,af5e17307779fed3d7c4fa28c7cc86b67063e4ebe06aeec3e47f3f1e7402c1d1,114a972de1f9880a3753e4a155aecc2cd60066e11a0d791f66177ad4ae7e14a3,,只有標題,,ppt/slideLayouts/slideLayout5.xml,ppt/slideMasters/slideMaster1.xml,17,6,"{""AUTO_SHAPE"": 6, ""PICTURE"": 4, ""PLACEHOLDER"": 1, ""TEXT_BOX"": 6}",4,image/png,44b3ca334ae358bf79ca1303e650ef635185c7b94d0d386a2175ecd436dab9ff;7d42082f42d27669c50066e17e378bb3861b7e262ad2a8981e890e329cb039c2;c31217876547a18a4a6d49eecae901121321658431e7e21dc14c268db08c1e18;ed62e84e045f23f18e9101191abe9a198ccb0c628be09bc40317f35128aaea5c
delivery-variant,/home/u24/papers/beamshift/.scratch/teaching-course/v3-ee/delivery/satellite-energy-course-combined-handoff-v1.pptx,7dbdc23e17d7a3c6dc8d6ed76823100da6aa7f14512a8128201a42c59f5ddd34,1657236,75,03055e0229f28ded8dfd37b92d1e2a31c8c2652e40c07d244894174b251e33f2,量測資格：四個條件必須對上,"5
四個條件都對上，樣本才進入公平比較。
狀態
Producer：VALID／PASS
窗口
重新開始量測後同一窗口
族群
場景、使用者數量、服務集合相同
完整性
四個讀值皆有值；缺值即停
規則
任一條件不過，不能把讀值放進公平 A／B。",,False,07859770529e4c13874c0a85eda578f1678bde0f76ea68a016dadc9f91ce7037,2043fe6ae85eff049b7aca3b0f1ba8347c32e5a62088ad640db86fd974c8d3aa,,只有標題,,ppt/slideLayouts/slideLayout5.xml,ppt/slideMasters/slideMaster1.xml,19,13,"{""AUTO_SHAPE"": 5, ""PLACEHOLDER"": 1, ""TEXT_BOX"": 13}",0,,
delivery-variant,/home/u24/papers/beamshift/.scratch/teaching-course/v3-ee/delivery/satellite-energy-course-combined-handoff-v1.pptx,7dbdc23e17d7a3c6dc8d6ed76823100da6aa7f14512a8128201a42c59f5ddd34,1657236,76,5986d0448a5743966ed3bab64ae8428bf28ec3c7e3a2804e7f4946107d7dd17d,T4 目的：兩個量測按鈕是否改變同一件事？,"6
為什麼值得做：兩個按鈕若改變不同範圍，兩段累積值就不能接在一起。
量測目的
分辨「重新開始量測」與「恢復能源參數預設值」是否改變同一組狀態。
預測
前者只清空量測窗口；後者把 ηPA、電路功率、每次換手耗能恢復到預設。
要觀察
重新開始量測是否只清空窗口；恢復預設是否只改參數並重建起算點？
節能意義
先把窗口邊界守住，才知道節能比較的分子與分母屬於哪一段時間。",,False,e90333a55a87e480575b9c04af99964558a6b99e609616378a0d94183e83d8e3,e2bd9613ade0a3fea46ae6daefb1fa40cb9be306e54d38576be735be9f945ba4,,只有標題,,ppt/slideLayouts/slideLayout5.xml,ppt/slideMasters/slideMaster1.xml,15,11,"{""AUTO_SHAPE"": 4, ""PLACEHOLDER"": 1, ""TEXT_BOX"": 10}",0,,
delivery-variant,/home/u24/papers/beamshift/.scratch/teaching-course/v3-ee/delivery/satellite-energy-course-combined-handoff-v1.pptx,7dbdc23e17d7a3c6dc8d6ed76823100da6aa7f14512a8128201a42c59f5ddd34,1657236,77,3dde32d966fa36cd6b1a3ff03b98b452c5af8934189e6f75f458b72ec7d00046,T4 操作：一次只檢查一個按鈕行為,"7
量測目的先於操作：先確認兩個按鈕各自改變哪一個範圍。
操作順序
1｜固定場景、播放設定與三個能源參數。
2｜輸入 ηPA 0.60、電路功率 25 W、每次換手耗能 100 J。
3｜先累積一段，再按「重新開始量測」。
4｜確認參數不變、窗口欄位歸零。
5｜另起一段，只按「恢復能源參數預設值」。
6｜記錄參數與窗口欄位的不同反應。
只改一項
重新開始量測
只動窗口；參數、場景、播放保持。
恢復能源參數預設值
只動參數；新窗口重新起算。
原則
不跨窗口相加。",,False,fc0d8afda97996b25afcb6e217df7053640e63c12761571183bec396faec4e95,b05576b3a14d22fbaf188c793453fb71c746fe891a75affd741bc560d8f47784,,只有標題,,ppt/slideLayouts/slideLayout5.xml,ppt/slideMasters/slideMaster1.xml,17,12,"{""AUTO_SHAPE"": 5, ""PLACEHOLDER"": 1, ""TEXT_BOX"": 11}",0,,
delivery-variant,/home/u24/papers/beamshift/.scratch/teaching-course/v3-ee/delivery/satellite-energy-course-combined-handoff-v1.pptx,7dbdc23e17d7a3c6dc8d6ed76823100da6aa7f14512a8128201a42c59f5ddd34,1657236,78,5651789b75b7dd420a48176f86d92e7f4cd1a74bccb8dda88b590f0d101440fc,T4 空白觀測表：參數與窗口分開記,"8
先填預測，再用同一組程式讀值核對參數與窗口。
先填預測；已填表會用同一組程式讀值核對。
參數欄
狀態
ηPA
功率 W
換手 J
累積後
重開後
預設後
窗口欄
狀態
時間
s
資料
Mbit
耗能
J
EE
Mbit/J
累積後
重開後
預設後
缺值
缺值保留為空，不用 0 補齊。",,False,64d677cfb4cd1e81c4f5b238f57a816ba0727aa0a9ac331c0d228d3f9f76999f,71fa09b2d1c1043cc5f23bef10f7043cdf9f8b2105ac080e2d063c7974fee09b,,只有標題,,ppt/slideLayouts/slideLayout5.xml,ppt/slideMasters/slideMaster1.xml,83,23,"{""AUTO_SHAPE"": 39, ""PLACEHOLDER"": 1, ""TEXT_BOX"": 43}",0,,
delivery-variant,/home/u24/papers/beamshift/.scratch/teaching-course/v3-ee/delivery/satellite-energy-course-combined-handoff-v1.pptx,7dbdc23e17d7a3c6dc8d6ed76823100da6aa7f14512a8128201a42c59f5ddd34,1657236,79,bef78149beeb041906d9143fd9fbc2fc94cd25aa40231c350be7a1d57dc59009,T4 已填範例：重開窗口不改參數,"9
程式已填結果：固定速率 100 Mbit/s、功率 20 W，先累積 1 s 再操作兩個按鈕。
參數欄｜可重現固定例
狀態
ηPA
功率 W
換手 J
t=0
0.60
25
100
t=1 s
0.60
25
100
重開
0.60
25
100
預設
0.35
3
3
窗口欄｜程式讀值
時間 s
0 → 1
資料 Mbit
0 → 100
耗能 J
0 → 20
Run EE
— → 5
按鈕後
重開 0／預設 0
讀值
1 s：100 Mbit／20 J／Run EE 5；重開保留 .60／25／100，預設 .35／3／3。",,False,1f9e24b58ea493e1ab7a70941923e265b5f8a68d67a1af0cc6751813673eafc4,e2e0d9cdf1adf523fe6bcc1dbc90bd8ee6bb5dc3a6359eb77cc338d704f5c87e,,只有標題,,ppt/slideLayouts/slideLayout5.xml,ppt/slideMasters/slideMaster1.xml,66,37,"{""AUTO_SHAPE"": 28, ""PLACEHOLDER"": 1, ""TEXT_BOX"": 37}",0,,
delivery-variant,/home/u24/papers/beamshift/.scratch/teaching-course/v3-ee/delivery/satellite-energy-course-combined-handoff-v1.pptx,7dbdc23e17d7a3c6dc8d6ed76823100da6aa7f14512a8128201a42c59f5ddd34,1657236,80,e5033d848f6d8f6619a86895cba45f718d4750b940606978a0a88117cc3169af,T4 解讀：先變的是帳本，不是物理量,"10
已填結果增加的理解：窗口重置與參數恢復是兩個不同動作。
比較哪些欄位
先比 ηPA、電路功率、每次換手耗能；再比已累積時間、資料量、總耗能與 Run EE。
哪個量先變
按「重新開始量測」後，.60／25／100 不動，窗口欄歸零；變的是起算點。
反直覺結果
窗口耗能回到 0，不代表實際耗能降低；它表示舊窗口不再進入新比值。
無效窗口
恢復 .35／3／3 後，參數條件已變；新窗口要重新建立基線。
增加的理解
量測目的先固定比較邊界；T4 說明的是帳本如何重算，不是直接降低功率。",,False,adf93938e252dff4d5a494d9eee9fd7afeda55436056edb0ba635d3a60d9a238,e41ff3a513083067cb6522380c01e93a1556e97b026f0700aad4c7da5ee7720f,,只有標題,,ppt/slideLayouts/slideLayout5.xml,ppt/slideMasters/slideMaster1.xml,18,13,"{""AUTO_SHAPE"": 5, ""PLACEHOLDER"": 1, ""TEXT_BOX"": 12}",0,,
delivery-variant,/home/u24/papers/beamshift/.scratch/teaching-course/v3-ee/delivery/satellite-energy-course-combined-handoff-v1.pptx,7dbdc23e17d7a3c6dc8d6ed76823100da6aa7f14512a8128201a42c59f5ddd34,1657236,81,fde61fe2253bef3ec5daa2b56ad010895f0889f27e9f1192ff7dc62f06afbf7b,T5 目的：50 → 35 dBm 是下降 15 dB,"11
為什麼值得做：功率下降可能同時縮短送達資料，節能方向不能只看耗能。
量測目的
只改 Pₜ 衛星發射功率，觀察總耗能、送達資料與 Run EE 是否一起變化。
假說
50 → 35 dBm 是下降 15 dB；資料量可能下降更多，Run EE 可能不升反降。
要觀察
最後同時看耗能、資料量、低 SINR 絕對狀態與 Run EE。
問題
能量下降，是否足以抵銷送達資料的損失？",,False,30325b3a6c95fda3b3fcc5dd6e81d1c65e1068065ad7d4c39469d69c47bc6f55,446715af30de0507b55e3f47fdcb7cd78f1038aaa8527d7ec90207280111c6d5,,只有標題,,ppt/slideLayouts/slideLayout5.xml,ppt/slideMasters/slideMaster1.xml,15,11,"{""AUTO_SHAPE"": 4, ""PLACEHOLDER"": 1, ""TEXT_BOX"": 10}",0,,
delivery-variant,/home/u24/papers/beamshift/.scratch/teaching-course/v3-ee/delivery/satellite-energy-course-combined-handoff-v1.pptx,7dbdc23e17d7a3c6dc8d6ed76823100da6aa7f14512a8128201a42c59f5ddd34,1657236,82,51356fb15f45d2f61c1f52e3b921fa06d214e79d1c263783caaa0f54cb07dbf3,T5 操作：同一場景，只改一個 RF 設定,"12
量測目的先於操作：固定同一窗口，只改 Pₜ 衛星發射功率。
操作契約
1｜固定場景、幾何、使用者數量、Policy 與 wall-clock 時長。
2｜設定「Pₜ 衛星發射功率」為 50 dBm。
3｜按「重新開始量測」，跑完整窗口。
4｜改為 35 dBm，再按一次「重新開始量測」。
5｜兩臂讀同一組欄位；50 → 35 dBm 相差 15 dB。
可調參數
原則
只改一項：Pₜ。",,False,dcefdb1af551ee98d6bce37c1d9254e848074f869ccd1b81d6ddc4a7131075cc,5295de9299648eac123bec5633afdf80954eb2c43e77e4d3bcd9fc3afd5f7f4b,,只有標題,,ppt/slideLayouts/slideLayout5.xml,ppt/slideMasters/slideMaster1.xml,13,8,"{""AUTO_SHAPE"": 4, ""PICTURE"": 1, ""PLACEHOLDER"": 1, ""TEXT_BOX"": 7}",1,image/png,dccad4e646b80a489ad823418dcbcc2a3133407a638e8d27531d15c12809fce6
delivery-variant,/home/u24/papers/beamshift/.scratch/teaching-course/v3-ee/delivery/satellite-energy-course-combined-handoff-v1.pptx,7dbdc23e17d7a3c6dc8d6ed76823100da6aa7f14512a8128201a42c59f5ddd34,1657236,83,67ec4220397394c9512fbe272f3b14aa838486844105843215d7a257f497b396,T5 空白觀測表：先記中間量，再記累積量,"13
先填預測，再用同一個約 50.4 s 窗口的程式讀值核對。
先填預測；隨後以同一組程式讀值核對。
設定與時間
組別
Pₜ dBm
RF W
時間 s
基準
測試
收尾讀值
組別
資料
Mbit
耗能
J
Run EE
Mbit/J
SINR
%
基準
測試
規則
平均資料率只由資料量 ÷ 窗口時間導出，不當作瞬時值。",,False,9e20fd6c1f9ad8b409e45a41070e528ab355772f5c8d7adc5fdba11e989a55b8,f97635c3d3134bf2b2572e398c02230a19d227a6a1785d439b178320817ebe82,,只有標題,,ppt/slideLayouts/slideLayout5.xml,ppt/slideMasters/slideMaster1.xml,65,21,"{""AUTO_SHAPE"": 30, ""PLACEHOLDER"": 1, ""TEXT_BOX"": 34}",0,,
delivery-variant,/home/u24/papers/beamshift/.scratch/teaching-course/v3-ee/delivery/satellite-energy-course-combined-handoff-v1.pptx,7dbdc23e17d7a3c6dc8d6ed76823100da6aa7f14512a8128201a42c59f5ddd34,1657236,84,0a1dc5a300f67fb626dd8b7d9371a67d7a832ef5170c08b819a962dfb962bac0,T5 已填讀值：資料量與窗口平均資料率,"14
已填程式結果：同一約 50.4 s 窗口；平均資料率由資料量除以窗口時間導出。
設定與窗口
組別
Pₜ dBm
RF W
時間 s
基準
50
100.000
50.4
測試
35
3.162
50.4
收尾讀值｜基準 → 測試
資料 Mbit
632.3 → 21.0
平均 Mbit/s
12.55 → 0.417
耗能 J
14505.8 → 555.9
Run EE
0.044 → 0.038
低 SINR %
100 → 100
解讀
平均資料率不是瞬時值；只比較同一窗口實值。",,False,fa3903fd7a45ab0119ad6ef91c8f25db35b8e8ec405b55ac8fc38ff5203ea14e,b783a5f444008e36e93a87052a38bc68ee7ac65f9ff3613cdaffced5629dc379,,只有標題,,ppt/slideLayouts/slideLayout5.xml,ppt/slideMasters/slideMaster1.xml,50,29,"{""AUTO_SHAPE"": 20, ""PLACEHOLDER"": 1, ""TEXT_BOX"": 29}",0,,
delivery-variant,/home/u24/papers/beamshift/.scratch/teaching-course/v3-ee/delivery/satellite-energy-course-combined-handoff-v1.pptx,7dbdc23e17d7a3c6dc8d6ed76823100da6aa7f14512a8128201a42c59f5ddd34,1657236,85,79eeccff3be6859af3c2126c1d044fb21b81196ffddedd8d358e19fcfb719f6d,T5 已填範例：先看累積資料與總耗能,"15
已填收尾結果：50 → 35 dBm（下降 15 dB），兩臂約 50.4 s。
基準線｜50 dBm
無線電功率 100.000 W／窗口約 50.4 s
總耗能
14505.8 J
累積資料量
632.3 Mbit
窗口平均資料率
12.55 Mbit/s
低 SINR 比例
100%
Run EE
0.044 Mbit/J
測試組｜35 dBm
無線電功率 3.162 W／窗口約 50.4 s
總耗能
555.9 J
累積資料量
21.0 Mbit
窗口平均資料率
0.417 Mbit/s
低 SINR 比例
100%
Run EE
0.038 Mbit/J
觀察
耗能下降，但資料量、窗口平均資料率與 Run EE 也下降。",,False,a24b1c04a9a526a0364f9d51e3643ec7d061704976a60a519cb8b03dd9319cf7,7883cf2fb493b6f491fba89ec73982a3409811ad262c589c8e75dc6085aa4218,,只有標題,,ppt/slideLayouts/slideLayout5.xml,ppt/slideMasters/slideMaster1.xml,42,29,"{""AUTO_SHAPE"": 13, ""PLACEHOLDER"": 1, ""TEXT_BOX"": 28}",0,,
delivery-variant,/home/u24/papers/beamshift/.scratch/teaching-course/v3-ee/delivery/satellite-energy-course-combined-handoff-v1.pptx,7dbdc23e17d7a3c6dc8d6ed76823100da6aa7f14512a8128201a42c59f5ddd34,1657236,86,298a3d8fcd2bdc999545746951a92a6dbbdd328bb921c39d2b3927d37a9cf7b5,T5 解讀：資料量掉得比能量更快,"16
已填結果增加的理解：資料量縮得比耗能更快，Run EE 因而下降。
功率與耗能
耗能 14505.8→555.9 J
資料量與平均速率
資料 632.3→21.0 Mbit
比例關係
資料比 0.0332 小於耗能比 0.0383
品質警示
低 SINR 100%→100%；兩組都低品質
增加的理解
Run EE 0.044→0.038；資料與絕對品質未達標。",,False,ef5c00967e89d20b44fd6a5dbf33f34d9bfe07da48c60825ea94344ceb25c852,cd979f65891dd58c7f3f6d241fb1e4fe4bb44a7ca7e2d82d104dec29df55b0f8,,只有標題,,ppt/slideLayouts/slideLayout5.xml,ppt/slideMasters/slideMaster1.xml,19,13,"{""AUTO_SHAPE"": 5, ""PLACEHOLDER"": 1, ""TEXT_BOX"": 13}",0,,
delivery-variant,/home/u24/papers/beamshift/.scratch/teaching-course/v3-ee/delivery/satellite-energy-course-combined-handoff-v1.pptx,7dbdc23e17d7a3c6dc8d6ed76823100da6aa7f14512a8128201a42c59f5ddd34,1657236,87,775449f5cc20b2b2032d0baf9833bf9b981820a923e1842b80880645ee2b1a24,T5 四道門：能源、資料、品質、Run EE,"17
四個數字各自回答一個問題，門檻是預先定義的護欄。
能源
保留 3.83%
通過
資料
保留 3.32%
失敗
品質（絕對）
低 SINR 100%
失敗
Run EE
0.038 低於 0.044
失敗",,False,ed9d73005603ae1ff4ec875de1c1d0a36de40c46d4906130de56d2fd9e690cf6,cac4ea7459ec5b6a1be1d3528cdba55c47131b88faa62668f6e44405d2fa1a51,,只有標題,,ppt/slideLayouts/slideLayout5.xml,ppt/slideMasters/slideMaster1.xml,20,15,"{""AUTO_SHAPE"": 4, ""PLACEHOLDER"": 1, ""TEXT_BOX"": 15}",0,,
delivery-variant,/home/u24/papers/beamshift/.scratch/teaching-course/v3-ee/delivery/satellite-energy-course-combined-handoff-v1.pptx,7dbdc23e17d7a3c6dc8d6ed76823100da6aa7f14512a8128201a42c59f5ddd34,1657236,88,150e7496c47546a625a0752defd0c3be0b847322cab6b2e39eaca21669cf5be1,T5 判定：能源下降仍可能是假節能,"18
四道門是同時成立的條件；能源通過不會抵銷資料與品質失敗。
同一組收尾讀值的判定
能源
通過
資料
失敗
品質
失敗／警示
Run EE
失敗
全數條件
1 項通過
3 項失敗
本組不成立
結果
50 → 35 dBm：耗能下降，但資料量與絕對品質失敗，Run EE 也下降。",,False,4d774d0e6e7cbe6aa8081c7abdeb9a17acfd5def35d6cba6d5130dcd44fcaf7b,ec1a682dbd878f3885aa3b2b73a1ea8deca2d0c8c149fa045c3bfb21b55f18cb,,只有標題,,ppt/slideLayouts/slideLayout5.xml,ppt/slideMasters/slideMaster1.xml,24,17,"{""AUTO_SHAPE"": 7, ""PLACEHOLDER"": 1, ""TEXT_BOX"": 16}",0,,
delivery-variant,/home/u24/papers/beamshift/.scratch/teaching-course/v3-ee/delivery/satellite-energy-course-combined-handoff-v1.pptx,7dbdc23e17d7a3c6dc8d6ed76823100da6aa7f14512a8128201a42c59f5ddd34,1657236,89,356951afb9cb4069f94403ba3d802739d40637725e53fcd64e4bfd91f71cbc35,T5 替代解釋：服務縮小也會讓數字變好看,"19
替代解讀：服務對象變少，也會讓平均數字變好看。
使用者數量
平均值可能上升；服務人口／coverage 可能下降。
換手次數
換手變少不必然節能；差的鏈路可能降低送達資料。
定位
只作負控制，不取代正式 A／B。",,False,c486c7206945db3ca38ddd01b0753996e43823de21421bf7ec5a9f05b6dd0f88,6660b60d3a6e7af89df8eee4e3324a9b1937d040350cad85edd2ca1b0b96e664,,只有標題,,ppt/slideLayouts/slideLayout5.xml,ppt/slideMasters/slideMaster1.xml,16,9,"{""AUTO_SHAPE"": 5, ""PICTURE"": 2, ""PLACEHOLDER"": 1, ""TEXT_BOX"": 8}",2,image/png,9c6404b3321d058e4436f9b5fd21f892bae36012ad250d7fbfd3285b43d533f3;da465b8e0931f1ef45af85c2fbd1d10e639d667a25fd41366d8a7b0e4404cb2b
delivery-variant,/home/u24/papers/beamshift/.scratch/teaching-course/v3-ee/delivery/satellite-energy-course-combined-handoff-v1.pptx,7dbdc23e17d7a3c6dc8d6ed76823100da6aa7f14512a8128201a42c59f5ddd34,1657236,90,1cf261d6160bd317ca55e86f3df45ebecf1a4a745e0dac86a7c22c32fead1f6c,T6 目的：同名 EE 是否來自同一筆帳？,"20
為什麼值得做：同名 EE 若分子、分母或時間範圍不同，就不能互相代替。
量測目的
把資料產生器狀態、Psys、EEinst、使用者貢獻值與 EEeval 放在同一有效狀態下核對。
要觀察
Run EE、EEinst、EEeval 是否共用相同服務集合與功率邊界？個人貢獻值代表什麼？
預測
第一幀只建立基線，EEeval 留空；前進一個正時間差後，累積資料、累積耗能與 EEeval 才更新。
節能意義
3 W 控制項不是這筆系統功率；先釐清 Psys 的組成，才不會把不同邊界的 EE 混在一起。",,False,20b88977a775e6319aaccbb714d6c34c38616aa91c0d84d6d0c16d978b6db3b7,fc90dad628424d18d8963abd03b2e0da8d6190b7c847d3c6a25cddc13cef51f5,,只有標題,,ppt/slideLayouts/slideLayout5.xml,ppt/slideMasters/slideMaster1.xml,15,11,"{""AUTO_SHAPE"": 4, ""PLACEHOLDER"": 1, ""TEXT_BOX"": 10}",0,,
delivery-variant,/home/u24/papers/beamshift/.scratch/teaching-course/v3-ee/delivery/satellite-energy-course-combined-handoff-v1.pptx,7dbdc23e17d7a3c6dc8d6ed76823100da6aa7f14512a8128201a42c59f5ddd34,1657236,91,05e1c7e2d0c90ef5fbaa2803e9cef649cc73810c0dfd18422a66bf902dea1d51,T6 操作：只前進一個正的時間間隔,"21
固定一個可重算狀態，只前進一個正的時間間隔。
操作順序
1｜固定 1 個作用中 beam、1 個 UE、30 MHz、reuse=3。
2｜固定 RF 30 dBm、額定上限 1 W、SINR 0 dB。
3｜記錄第一幀：狀態、加總一致性、Psys、EEinst。
4｜只前進一個正時間差，再記錄 EEeval 與使用者列。
5｜按「重新開始量測」，確認重新建立基線。
只改一項：時間
第一幀
建立基線；EEeval 不應有值。
+ 正 dt
只前進正時間差；檢查加總與評估值。
重新開始量測
重新錨定，不把舊窗口接回來。",,False,793fa3cf0322c78f9f787679b1aa424980adb8a56af5cf42a704e6e7ba0a7c4d,f0767af854dc15201f994978da1ff0f0fb71ea3167242ff629bff4b44e911792,,只有標題,,ppt/slideLayouts/slideLayout5.xml,ppt/slideMasters/slideMaster1.xml,17,12,"{""AUTO_SHAPE"": 5, ""PLACEHOLDER"": 1, ""TEXT_BOX"": 11}",0,,
delivery-variant,/home/u24/papers/beamshift/.scratch/teaching-course/v3-ee/delivery/satellite-energy-course-combined-handoff-v1.pptx,7dbdc23e17d7a3c6dc8d6ed76823100da6aa7f14512a8128201a42c59f5ddd34,1657236,92,f38f28e263f36d1188251b83c900c6d762889d79bb3b0fc24be19c30910b0e8b,T6 空白觀測表：狀態、功率與 EE 分開記,"22
先填預測，再用同一組程式讀值核對狀態、功率與三種 EE。
先填預測；已填表會保留第一幀與正時間差樣本。
系統與瞬時
階段
狀態
Psys W
EEinst
Mbit/J
第一幀
+ 正 dt
重開後
窗口評估
階段
Run EE
Mbit/J
EEeval
Mbit/J
備註
第一幀
+ 正 dt
重開後
記法
第一幀 EEeval 留破折號；正 dt 後才填值。",,False,763e0663c5911cea8807be505a84d2256ffc2e243be20514449a481f4d167ff2,1c9e8cab7b17521723e2ec6ec3c419750449c4e14a20b644487d2c186f976066,,只有標題,,ppt/slideLayouts/slideLayout5.xml,ppt/slideMasters/slideMaster1.xml,75,22,"{""AUTO_SHAPE"": 35, ""PLACEHOLDER"": 1, ""TEXT_BOX"": 39}",0,,
delivery-variant,/home/u24/papers/beamshift/.scratch/teaching-course/v3-ee/delivery/satellite-energy-course-combined-handoff-v1.pptx,7dbdc23e17d7a3c6dc8d6ed76823100da6aa7f14512a8128201a42c59f5ddd34,1657236,93,41315c0e4f1189828041e1a4ee5d7c5adc25dfd7ce446908de32fdf90a49eb10,T6 已填範例：第一幀與正時間差的讀值,"23
程式已填結果：第一幀先基線，下一個正 dt 樣本才形成 EEeval。
第一幀｜基線
狀態
VALID／通過
Psys
5.618798314 W
EEinst
1.779739980
Run EE
—
EEeval
—
+ 正 dt｜評估樣本
狀態
VALID／通過
Psys
5.618798314 W
EEinst
1.779739980
Run EE
1.779739980
EEeval
1.779739980
讀值
正 dt：R 10 Mbit/s、Psys 5.618798314 W；EEeval 1.779739980。",,False,361c24d653be7b41878c7f68eadd919aba730a0a130f2384827ab46ca0b2e0e2,db87ba15b7f551adcfc524a80e336eab1ec86faaf3aa124589b38763338cfaf6,,只有標題,,ppt/slideLayouts/slideLayout5.xml,ppt/slideMasters/slideMaster1.xml,40,27,"{""AUTO_SHAPE"": 13, ""PLACEHOLDER"": 1, ""TEXT_BOX"": 26}",0,,
delivery-variant,/home/u24/papers/beamshift/.scratch/teaching-course/v3-ee/delivery/satellite-energy-course-combined-handoff-v1.pptx,7dbdc23e17d7a3c6dc8d6ed76823100da6aa7f14512a8128201a42c59f5ddd34,1657236,94,50bd1ae75d6c991a02da36b0624ed2e7a0dd16da52b652de4f120336d7c7d01c,T6 解讀：貢獻值是帳務分攤，不是個人發射功率,"24
已填結果增加的理解：三種 EE 的分子、分母與時間範圍不同。
Run EE
分子：整段資料
分母：整段耗能
範圍：整段 run
EEinst
分子：單幀速率總和
分母：同幀 Psys
範圍：單一幀
EEeval
分子：逐步資料
分母：逐步耗能
範圍：評估窗口
增加的理解
EEinst 單幀；EEeval 等正 dt；Run EE 用整段帳本。",,False,cc62bed26d4056876bd16b4cd54663bcf5ea4be0128c0022a1abcf7eb89239fb,34c8341de6f67eac4636289f4ac0081b889ffcc9e02a8b3f1fd0f5958498e9cd,,只有標題,,ppt/slideLayouts/slideLayout5.xml,ppt/slideMasters/slideMaster1.xml,18,11,"{""AUTO_SHAPE"": 4, ""PLACEHOLDER"": 1, ""TEXT_BOX"": 13}",0,,
delivery-variant,/home/u24/papers/beamshift/.scratch/teaching-course/v3-ee/delivery/satellite-energy-course-combined-handoff-v1.pptx,7dbdc23e17d7a3c6dc8d6ed76823100da6aa7f14512a8128201a42c59f5ddd34,1657236,95,5dd6819a1869416b63c7d982ef4bcb9900a28028acba2b0c78fa566387568424,T6 邊界：先看 Producer 狀態，再讀畫面,"25
先確認 Producer 狀態，再把畫面讀值當成證據。
Producer 狀態
有效 VALID
通過 PASS
可重算欄位
已累積時間
累積傳輸資料量
總耗能
整段累積效率
限制
未顯示欄位不補寫。",,False,924969bfb9c6c9fa188d3a0b37099b044255d3c9f2ce65b9e86bc9b674308028,d4448f5192552f30162aee888be14ca9d9b1db845f071c71973432a881b7376a,,只有標題,,ppt/slideLayouts/slideLayout5.xml,ppt/slideMasters/slideMaster1.xml,14,9,"{""AUTO_SHAPE"": 4, ""PICTURE"": 1, ""PLACEHOLDER"": 1, ""TEXT_BOX"": 8}",1,image/png,436ba06d3f5fa4d5dc16347ef09c4b087cf06d8b67e56ea367da30a59c8e4e5c
delivery-variant,/home/u24/papers/beamshift/.scratch/teaching-course/v3-ee/delivery/satellite-energy-course-combined-handoff-v1.pptx,7dbdc23e17d7a3c6dc8d6ed76823100da6aa7f14512a8128201a42c59f5ddd34,1657236,96,96819b2046a9205ed1f2d9cf68f14eb565294bb715386ec1029adcf705dbee28,證據邊界：畫面能支持哪些可重算主張？,"26
證據強度由同一窗口內可重算的欄位決定。
可以支持
同一窗口的已累積時間、累積傳輸資料量、總耗能、整段累積效率與四道門判定。
不能替代
用單一瞬時功率取代總耗能；用漂亮平均值取代送達資料；用缺值推成 PASS。
必須留下
Pₜ 設定、重新開始量測、wall-clock 窗口、四個讀值與限制說明。
邊界
能重算到哪裡，就只主張到哪裡。",,False,0a43f040352f5b372c2552f5917bbbfed26c428526810d1adb8a2578918a9f62,24e50fdb91e6c82331ac159e70c161f9c56a2a16c7875be471b2fed9c7d5ecc1,,只有標題,,ppt/slideLayouts/slideLayout5.xml,ppt/slideMasters/slideMaster1.xml,15,11,"{""AUTO_SHAPE"": 4, ""PLACEHOLDER"": 1, ""TEXT_BOX"": 10}",0,,
delivery-variant,/home/u24/papers/beamshift/.scratch/teaching-course/v3-ee/delivery/satellite-energy-course-combined-handoff-v1.pptx,7dbdc23e17d7a3c6dc8d6ed76823100da6aa7f14512a8128201a42c59f5ddd34,1657236,97,3d67261cdb72ff56be20f226e13cc5dec486cadeab399dc5e27b364ced2ca04f,把數值、判定與限制一起留下,"27
最後要留下的不是一個漂亮數字，而是一條可回對的證據鏈。
設定
Pₜ 與固定條件
重建
重新開始量測
記錄
四個 UI 讀值
判定
能源 × 資料 × 品質 × Run EE
可採信的收束
整段累積效率是否變好，必須由送達資料與總耗能共同回答。",,False,3db13f1fe2a3b239246dbd1b5cbee819cdeeeb2d20ac2f53f5e92eb8b9a6cd4c,b13608bf11f873e0c2b075a0e16c74a7991c24bcca097250c8c4b649ef275ba7,,只有標題,,ppt/slideLayouts/slideLayout5.xml,ppt/slideMasters/slideMaster1.xml,24,13,"{""AUTO_SHAPE"": 8, ""LINE"": 3, ""PLACEHOLDER"": 1, ""TEXT_BOX"": 12}",0,,
delivery-variant,/home/u24/papers/beamshift/.scratch/teaching-course/v3-ee/delivery/satellite-energy-course-combined-handoff-v1.pptx,7dbdc23e17d7a3c6dc8d6ed76823100da6aa7f14512a8128201a42c59f5ddd34,1657236,98,e0f3bcf0320bc41aa5cdd3a656a4ceb1dda08610e655fbb8a2824b98280d4e34,"兩行軌道元素集（Two-Line Element Set, TLE）：原始兩行與固定位置","1
原始資料保留兩行、空白、符號與末位校驗；每行固定 69 字元。
STARLINK-1008
1 44714U 19074B   26218.22193858  .00020050  00000+0  25471-3 0  9996
2 44714  53.1486 187.7993 0006450 25.2950 334.8378  15.59407221371992
長度
Line 1 與 Line 2 都是 69 字元。
位置從 1 起算。
原始字串
空白、符號與省略小數點都要保留。
解析前不要重新排版。
資料語意
這是一組曆元附近的平均軌道元素，
不是即時位置。
樣本：starlink-20260806.tle｜共 10709 筆，此為第 1 筆｜曆元 2026-08-06
先保留原始兩行，再把每個固定欄位翻成平均軌道元素。",,False,f0f936fb2480239008d4b1064d222b1b8eded10228142237c114d2bb9f4c437b,f6dbd206947a856179650c92a8e70a184ae399109cfd2b38dad5cb9d426b0c70,,只有標題,,ppt/slideLayouts/slideLayout5.xml,ppt/slideMasters/slideMaster1.xml,20,14,"{""AUTO_SHAPE"": 6, ""PLACEHOLDER"": 1, ""TEXT_BOX"": 13}",0,,
delivery-variant,/home/u24/papers/beamshift/.scratch/teaching-course/v3-ee/delivery/satellite-energy-course-combined-handoff-v1.pptx,7dbdc23e17d7a3c6dc8d6ed76823100da6aa7f14512a8128201a42c59f5ddd34,1657236,99,699652efc81c07c2ea35c56adc736753f5190ec66846ad7d7c891d2eed2b6fd2,TLE 第 1 行：物件識別欄位各有固定位置,"2
第 1 行先固定物件識別；原始值與欄位位置必須一起保存。
1 44714U 19074B   26218.22193858  .00020050  00000+0  25471-3 0  9996
位置 03–07｜目錄編號
原始：44714
白話：物件在 NORAD 目錄中的識別碼。
位置 08｜分類
原始：U
白話：TLE 的分類欄位。
位置 10–17｜國際代碼
原始：19074B
白話：發射年份、序號與片段。
行號 1 位於最左端；本頁其餘三個欄位說明這筆元素集對應哪個物件。
欄位索引：S1｜原始字串保留 69 字元，位置以 TLE 欄位表為準。
識別欄位回答「是哪個物件」；它們不是衛星當下的位置。",,False,2e223d324616e8345ec1ee95d68404b05277cf21ccbc698b99b052c0e3805b3a,98b362c1544ca7eae42f1c5d1c20c65071bfe97de82597178febd033961e2f47,,只有標題,,ppt/slideLayouts/slideLayout5.xml,ppt/slideMasters/slideMaster1.xml,20,13,"{""AUTO_SHAPE"": 7, ""PLACEHOLDER"": 1, ""TEXT_BOX"": 12}",0,,
delivery-variant,/home/u24/papers/beamshift/.scratch/teaching-course/v3-ee/delivery/satellite-energy-course-combined-handoff-v1.pptx,7dbdc23e17d7a3c6dc8d6ed76823100da6aa7f14512a8128201a42c59f5ddd34,1657236,100,1f3b2a86479731243a1469424e2d419412feda6c12a51ccbbcf4f5e5f7c3d2ec,TLE 第 1 行：曆元與平均運動導數的格式位置,"3
第 1 行中段把參考時刻與平均運動導數寫成固定格式。
1 44714U 19074B   26218.22193858  .00020050  00000+0  25471-3 0  9996
位置 19–32｜曆元
原始：26218.22193858
白話：2026 年第 218 天，加上日內小數。
位置 34–43｜一階導數
原始：.00020050
白話：平均運動一階導數的欄位值。
位置 45–52｜二階導數
原始：00000+0
白話：省略前導小數點的固定欄位。
曆元是平均元素的參考時刻；導數是推進模型讀取的格式欄位，不直接等於即時加速度。
欄位索引：S1｜原始字串保留 69 字元，位置以 TLE 欄位表為準。
先解碼格式，再談物理意義；同一串字元不能跳過欄位規則直接解讀。",,False,eece6e8212879d278c93d75143225ccad4ea1a30dc88d0380eca1d2d01394fd7,f6f1ff9f547429229f9b16bd2c93d3cbf228a76c032cfe4fc4955ba26d890a63,,只有標題,,ppt/slideLayouts/slideLayout5.xml,ppt/slideMasters/slideMaster1.xml,20,13,"{""AUTO_SHAPE"": 7, ""PLACEHOLDER"": 1, ""TEXT_BOX"": 12}",0,,
delivery-variant,/home/u24/papers/beamshift/.scratch/teaching-course/v3-ee/delivery/satellite-energy-course-combined-handoff-v1.pptx,7dbdc23e17d7a3c6dc8d6ed76823100da6aa7f14512a8128201a42c59f5ddd34,1657236,101,37f1078201b3dc25172708bea88426cbef74ba8ca08db2189aa4a2d548b4aa9c,TLE 第 1 行：BSTAR、星曆類型與校驗欄位,"4
第 1 行末段保存阻力參數、星曆類型、元素集編號與校驗。
1 44714U 19074B   26218.22193858  .00020050  00000+0  25471-3 0  9996
位置 54–61｜BSTAR
原始：25471−3
白話：SGP4 使用的阻力調整欄位編碼。
位置 63｜星曆類型
原始：0
白話：TLE 格式中的星曆類型欄位。
位置 65–68／69｜編號／校驗
原始：9996／6
白話：元素集編號與逐行 checksum。
BSTAR 不是直接量到的阻力；checksum 只做格式校驗，不能替兩行元素判定物理正確性。
欄位索引：S1｜原始字串保留 69 字元，位置以 TLE 欄位表為準。
顯示字串、格式解碼與模型參數是三個層次，不能混成同一個量。",,False,e87f0593a5e73bd7ab4e58fbdfe1bce57cf92d9c2805467cd28d1d4477bc25f6,62844446f1c5cc4909807c86bb9a86f65471822a8dcf8d4e05913f44141b7772,,只有標題,,ppt/slideLayouts/slideLayout5.xml,ppt/slideMasters/slideMaster1.xml,20,13,"{""AUTO_SHAPE"": 7, ""PLACEHOLDER"": 1, ""TEXT_BOX"": 12}",0,,
delivery-variant,/home/u24/papers/beamshift/.scratch/teaching-course/v3-ee/delivery/satellite-energy-course-combined-handoff-v1.pptx,7dbdc23e17d7a3c6dc8d6ed76823100da6aa7f14512a8128201a42c59f5ddd34,1657236,102,962e06dc26812aa0e9b8e7ca9f433944139a08bf2fc646452443bacf4b87fa6c,TLE 第 2 行：傾角、升交點赤經與偏心率,"5
第 2 行先描述軌道面與形狀；數值仍是平均元素。
2 44714  53.1486 187.7993 0006450 25.2950 334.8378  15.59407221371992
位置 09–16｜傾角（i）
原始：53.1486°
白話：軌道面相對赤道面的傾斜程度。
位置 18–25｜升交點赤經（RAAN）
原始：187.7993°
白話：軌道由南往北穿越赤道時，交點朝向哪個方向。
位置 27–33｜偏心率（e）
原始：0006450
白話：隱含小數；數值越接近 0 越像圓。
RAAN 描述的是升交點方向；它不是方位角，也不是衛星此刻在天空中的方向。
欄位索引：S1｜原始字串保留 69 字元，位置以 TLE 欄位表為準。
傾角、RAAN 與偏心率先把平均軌道的面向與形狀固定下來。",,False,2af3d98da35c02f1485d2bb357d8b313715f997edaedf9f8fd00e3d6d6fb3c91,d366c5a140e021400c5caa067f0ce8e356b231f942d4423d76afa6ef348542b5,,只有標題,,ppt/slideLayouts/slideLayout5.xml,ppt/slideMasters/slideMaster1.xml,20,13,"{""AUTO_SHAPE"": 7, ""PLACEHOLDER"": 1, ""TEXT_BOX"": 12}",0,,
delivery-variant,/home/u24/papers/beamshift/.scratch/teaching-course/v3-ee/delivery/satellite-energy-course-combined-handoff-v1.pptx,7dbdc23e17d7a3c6dc8d6ed76823100da6aa7f14512a8128201a42c59f5ddd34,1657236,103,7964509bdb767c780125dfb0df8b52a973cd065fada40bfdb465bb3110d319b1,TLE 第 2 行：近地點幅角、平近點角與平均運動,"6
第 2 行中段描述近地點方向與軌道進度。
2 44714  53.1486 187.7993 0006450 25.2950 334.8378  15.59407221371992
位置 35–42｜近地點幅角（ω）
原始：25.2950°
白話：近地點在軌道面內相對升交點的方向。
位置 44–51｜平近點角（M）
原始：334.8378°
白話：用均勻參數表達軌道進度，不是地面方位。
位置 53–63｜平均運動（n）
原始：15.59407221
白話：每天平均繞行幾圈，反映週期與高度。
平近點角是推進用的平均進度參數；它不等於附近的實體角度。
欄位索引：S1｜原始字串保留 69 字元，位置以 TLE 欄位表為準。
方向欄位與進度欄位合在一起，SGP4 才能把平均元素推到指定時間。",,False,76f39aa282db275403618b878fe7e600a81caa18dd2be0c269cd43e426c784af,d793d289d8829d8559343ec2b6e5b1e6a4445d0b07d6d5806bc73c03c3f47a0a,,只有標題,,ppt/slideLayouts/slideLayout5.xml,ppt/slideMasters/slideMaster1.xml,20,13,"{""AUTO_SHAPE"": 7, ""PLACEHOLDER"": 1, ""TEXT_BOX"": 12}",0,,
delivery-variant,/home/u24/papers/beamshift/.scratch/teaching-course/v3-ee/delivery/satellite-energy-course-combined-handoff-v1.pptx,7dbdc23e17d7a3c6dc8d6ed76823100da6aa7f14512a8128201a42c59f5ddd34,1657236,104,c6bd62acfe93e7f4dbe60e412b675aef6ebc9e3ccc32153d33e13bd348a56f4c,TLE 第 2 行：參考圈數與 checksum,"7
第 2 行末端保留參考圈數與 checksum；末位不是可刪除的裝飾。
2 44714  53.1486 187.7993 0006450 25.2950 334.8378  15.59407221371992
位置 64–68｜曆元圈數
原始：37199
白話：參考時刻的 revolution number。
位置 69｜checksum
原始：2
白話：整行的 modulo 10 校驗數。
兩行各自有 checksum；逐行校驗能抓部分誤碼，但不會保證兩行彼此匹配。
欄位索引：S1｜原始字串保留 69 字元，位置以 TLE 欄位表為準。
保存尾欄，才能重建完整 TLE；省略末位會改變資料本身。",,False,f4db93524e6667c1855968cab0a7e54eb99cb2553da529d10b0809001a6b9c07,486e656b94ea0734137ec7829566d39a33aed792d4dd070bd12106e5725c9f0d,,只有標題,,ppt/slideLayouts/slideLayout5.xml,ppt/slideMasters/slideMaster1.xml,17,11,"{""AUTO_SHAPE"": 6, ""PLACEHOLDER"": 1, ""TEXT_BOX"": 10}",0,,
delivery-variant,/home/u24/papers/beamshift/.scratch/teaching-course/v3-ee/delivery/satellite-energy-course-combined-handoff-v1.pptx,7dbdc23e17d7a3c6dc8d6ed76823100da6aa7f14512a8128201a42c59f5ddd34,1657236,105,e1c363266be708ed4510991368f4fa6d779d274f355c8c430020889ed35c3dc9,平均軌道元素：六個欄位如何共同描述運動,"8
欄位名稱只是入口；六個平均元素共同描述軌道面、形狀、方向與運動進度。
軌道面
傾角（i）決定軌道面相對赤道的傾斜；升交點赤經（RAAN）決定軌道由南往北穿越赤道時，交點朝向哪個方向。
形狀與近地點
偏心率（e）描述偏離圓形的程度；近地點幅角（ω）描述近地點在軌道面內相對升交點的方向。
運動進度
平近點角（M）是均勻的軌道進度參數；平均運動（n）是每天平均繞行圈數。
欄位語意索引：S1、S3｜完整名詞以繁體中文與縮寫並列。
這六個值定義可被 SGP4 推進的平均軌道，不是六個即時狀態量。",,False,969d2bb2aafff4bd98a90f46181aebfedb3e97d4b85a28e67305807dc7254c3a,b3c0793acd79afad16accbe6467c6a73ff33c40462ce021737369cbfda83ef50,,只有標題,,ppt/slideLayouts/slideLayout5.xml,ppt/slideMasters/slideMaster1.xml,16,11,"{""AUTO_SHAPE"": 5, ""PLACEHOLDER"": 1, ""TEXT_BOX"": 10}",0,,
delivery-variant,/home/u24/papers/beamshift/.scratch/teaching-course/v3-ee/delivery/satellite-energy-course-combined-handoff-v1.pptx,7dbdc23e17d7a3c6dc8d6ed76823100da6aa7f14512a8128201a42c59f5ddd34,1657236,106,e090701e872c9baeb3a18b490754336258d065f8aba7546a3860509862b9f984,OMM：標準訊息與承載格式要分層理解,"9
OMM 定義的是軌道平均根數交換訊息；JSON／CSV 只可能是它的承載格式。
OMM（Orbit Mean-Elements Message）
CCSDS 標準的軌道平均根數交換訊息。
欄位語意與交換結構在這一層定義。
JSON
可能的承載格式；
不是另一個軌道模型。
CSV
可能的承載格式；
不是 OMM 同級概念。
TLE 與 OMM 的關係
TLE 是固定欄位文字格式；OMM 是標準訊息概念，兩者都可承載平均根數。
格式索引：S1、S2｜訊息標準與承載格式不要並列成同一層。
OMM 是 CCSDS 標準概念；JSON／CSV 是可能的承載格式。",,False,96cf9221ba33b64a6bc3e8349400e5c4f14299cad9af8734138c85e792a5cd3b,f7a207fdf5b2b8ead89dc5f71b6fad602b7cc97918765f30cf58383805437efb,,只有標題,,ppt/slideLayouts/slideLayout5.xml,ppt/slideMasters/slideMaster1.xml,20,13,"{""AUTO_SHAPE"": 7, ""PLACEHOLDER"": 1, ""TEXT_BOX"": 12}",0,,
delivery-variant,/home/u24/papers/beamshift/.scratch/teaching-course/v3-ee/delivery/satellite-energy-course-combined-handoff-v1.pptx,7dbdc23e17d7a3c6dc8d6ed76823100da6aa7f14512a8128201a42c59f5ddd34,1657236,107,3b5cd488617f54a54796255a558b80c31c6127553dff9433dbef83060962f962,SGP4：平均元素加目標時間，得到某一刻的位置與速度,"10
TLE／GP 只提供平均元素；SGP4 還需要目標時間，才會輸出某一刻的狀態向量。
輸入
TLE／GP
平均元素
時間
目標時間 t
推進
SGP4
平均元素推進
輸出
TEME 位置
與速度
推算索引：S4｜SGP4 將平均元素與目標時間映射成 TEME 狀態。
同一筆平均元素配上不同目標時間，會得到不同的 TEME 位置與速度。",,False,879ea3258f6a64fcdf535ab8ce23cd2d599a7b8533d076124555499c93ca4c50,463672db195503e225fc860cb369725cb6c27e4f2e64bd40667592b8083b1765,,只有標題,,ppt/slideLayouts/slideLayout5.xml,ppt/slideMasters/slideMaster1.xml,23,13,"{""AUTO_SHAPE"": 9, ""PLACEHOLDER"": 1, ""TEXT_BOX"": 13}",0,,
delivery-variant,/home/u24/papers/beamshift/.scratch/teaching-course/v3-ee/delivery/satellite-energy-course-combined-handoff-v1.pptx,7dbdc23e17d7a3c6dc8d6ed76823100da6aa7f14512a8128201a42c59f5ddd34,1657236,108,8f190176afa38903d6f7780fa35c9fa550cd2993f5d99bfb3cc9ae83fb2fe251,TEME：三維位置與速度的輸出參考框架,"11
TEME 是 SGP4 的輸出參考框架；三維位置與速度還不是地面站的經緯度或局部方向。
TEME（真赤道與平春分點座標系）
SGP4 直接輸出三維位置與速度向量，仍在 TEME 參考框架。
它不是經緯度，也不是地面站的 ENU 方向。
向量內容
位置 r、速度 v；
單位與時間要跟推算契約一致。
觀測用途
要得到方位、仰角與斜距，
還需做座標轉換。
座標索引：S4｜TEME 描述 SGP4 輸出，不直接回答觀測者方向。
TEME 先回答衛星在參考框架中的位置；觀測者方向要交給後續轉換。",,False,be662d59cf83ac1fa10804ea74a3e5c52b16a9920f7b0063b5b808ca83d23c53,f0f175abc0ccb07022e00fbbbf7e4afb026795d4812fc5ece8de195a2ec50659,,只有標題,,ppt/slideLayouts/slideLayout5.xml,ppt/slideMasters/slideMaster1.xml,16,11,"{""AUTO_SHAPE"": 5, ""PLACEHOLDER"": 1, ""TEXT_BOX"": 10}",0,,
delivery-variant,/home/u24/papers/beamshift/.scratch/teaching-course/v3-ee/delivery/satellite-energy-course-combined-handoff-v1.pptx,7dbdc23e17d7a3c6dc8d6ed76823100da6aa7f14512a8128201a42c59f5ddd34,1657236,109,87fce0c9bb18a8c5449b8f8578a25aa3c0c680fa3fcb124917fdcaf0f26d9613,TEME → ECEF → ENU：位置轉成觀測者方向,"12
位置要從 SGP4 的參考框架轉到地球與觀測者的尺度，才能得到可用的方向量。
TEME
SGP4 三維
位置與速度
ECEF
地心地固
隨地球旋轉
ENU
東、北、天
局部基底
az／el／ρ
方位、仰角
斜距
ECEF
地心地固座標；先把地球自轉納入同一座標尺度。
ENU
以觀測者位置建立東、北、天三個局部方向基底。
座標索引：S4｜轉換鏈的最後輸出才是觀測者可用的方位、仰角與斜距。
TEME 給出參考框架中的狀態；ENU 才把它翻成觀測者此刻看到的方向。",,False,c6314bbd6944f2b39af845b5b9b0acda29572e307cc43a4c957e211894b4e9bf,e976561c18814a536e5e1dcda5ce4b2a7408ffd136c12de89ecdda52d7e84b59,,只有標題,,ppt/slideLayouts/slideLayout5.xml,ppt/slideMasters/slideMaster1.xml,29,17,"{""AUTO_SHAPE"": 11, ""PLACEHOLDER"": 1, ""TEXT_BOX"": 17}",0,,
delivery-variant,/home/u24/papers/beamshift/.scratch/teaching-course/v3-ee/delivery/satellite-energy-course-combined-handoff-v1.pptx,7dbdc23e17d7a3c6dc8d6ed76823100da6aa7f14512a8128201a42c59f5ddd34,1657236,110,a0ee0aeb2d9921b1e9e3b03a9caf5bcf0a05fdf322a5b4b9d6bfc90d156d2e87,可見性仰角：幾何門檻、離軸角與指向角,"13
仰角是幾何可見性門檻；離軸角與衛星指向角則分別服務方向圖與指向限制。
仰角（elevation）
服務目標
地平線／最低仰角
仰角（elevation）
地平線到視線的角度；先過最低仰角門檻。
方向圖離軸角 θ
boresight 與目標視線的夾角；進入 G(θ)。
離天底指向角
天底與 boresight 的角度；它是指向限制，不是 G(θ)。
幾何索引：S5｜圖中 RF 波依衛星方向朝向服務目標。
看得見、天線正對、波束允許指向是三件事；不能用一個角度代替全部。",,False,352b819e27b32ae31927d091d8d2ccfcf76f215cb66317035b452efdfe03e8e1,71592cad6d2cd2c4001b808bef8b0a5dd8a5dd1fcc0fd4b4358c51d976cf67c1,,只有標題,,ppt/slideLayouts/slideLayout5.xml,ppt/slideMasters/slideMaster1.xml,23,14,"{""AUTO_SHAPE"": 6, ""LINE"": 2, ""PICTURE"": 1, ""PLACEHOLDER"": 1, ""TEXT_BOX"": 13}",1,image/png,c87913bd0b7a835106ea5d257c2b22f238a297876ed4f374ec05b7bff76cc4fa
delivery-variant,/home/u24/papers/beamshift/.scratch/teaching-course/v3-ee/delivery/satellite-energy-course-combined-handoff-v1.pptx,7dbdc23e17d7a3c6dc8d6ed76823100da6aa7f14512a8128201a42c59f5ddd34,1657236,111,3bd44e4932f34cdc39b4cf891b942c2a85491196b28b4f2adf1909681eea69ee,鏈路路徑：角度、斜距與 SINR 分開計算,"14
方向圖由角度決定，FSPL 由斜距與頻率決定；兩條路徑最後才合成鏈路品質。
θ → G(θ)
方向圖衰減
離軸角改變訊號權重。
ρ → FSPL
自由空間損耗
斜距與頻率進入此處。
C／I／N → SINR
訊號、干擾、雜訊
合成鏈路品質。
模型邊界
絕對功率還受 EIRP、增益、頻率與雜訊影響；未列入的效應不能由 SINR 公式自行補上。
鏈路索引：S5｜角度不放進 FSPL；兩者是不同輸入。
不要把 θ 放進 FSPL；一個是方向圖輸入，一個是斜距輸入。",,False,b621c6eb79fded9de8b50582fe84e99e8196447ba8ea7fbba69eb563d2e4ec97,96ffbc877be3d306afdb1fdf241e8032a190b291737a56c929f2b37e9868a149,,只有標題,,ppt/slideLayouts/slideLayout5.xml,ppt/slideMasters/slideMaster1.xml,22,13,"{""AUTO_SHAPE"": 8, ""PLACEHOLDER"": 1, ""TEXT_BOX"": 13}",0,,
delivery-variant,/home/u24/papers/beamshift/.scratch/teaching-course/v3-ee/delivery/satellite-energy-course-combined-handoff-v1.pptx,7dbdc23e17d7a3c6dc8d6ed76823100da6aa7f14512a8128201a42c59f5ddd34,1657236,112,677b3960735540584b3e7bdf6511cfe042949442c819568bdba9ff067608c5dd,功率帳本：RF 輸出、PA 輸入與消耗功率,"15
鏈路所需的 RF 輸出，還要經過 PA 取電與系統靜態項，才形成消耗功率。
Required RF output
由目標 SINR、鏈路增益
與功率上限決定。
PA input
RF 輸出除以 ηPA；
是功率帳本的一項。
Consumed power
PA 輸入＋電路、基頻
與已建模事件項。
讀值邊界
RF 輸出是輻射功率，不等於牆上取電；ηPA、電路、基頻與事件項各有模型假設。
功率索引：S5｜消耗功率才進時間窗 EE 的分母。
RF 輸出是鏈路需求；PA 輸入與靜態項才是功率帳本的一部分。",,False,608e5faa750ccdec8d8cb7b84073eccbf9917ef871ffd00cfa04bcdb0822354a,5040e4234c087719a291e4806dfd9274903a779fe828e91d280266203dab102a,,只有標題,,ppt/slideLayouts/slideLayout5.xml,ppt/slideMasters/slideMaster1.xml,22,13,"{""AUTO_SHAPE"": 8, ""PLACEHOLDER"": 1, ""TEXT_BOX"": 13}",0,,
delivery-variant,/home/u24/papers/beamshift/.scratch/teaching-course/v3-ee/delivery/satellite-energy-course-combined-handoff-v1.pptx,7dbdc23e17d7a3c6dc8d6ed76823100da6aa7f14512a8128201a42c59f5ddd34,1657236,113,fa43fc7f042032d2576ee2e0c2f2b05b358c0592d69c673d2b61cf4942056d10,時間窗 EE：量測、推導、假設與模擬,"16
時間窗 EE 要同時保存有效樣本與資料出身；量測、推導、假設、模擬不能互換。
有效窗口
只累積可追溯樣本與正向時間差。
缺失資料不能補成 0。
量測（measured）
frame、位置、鏈路讀值。
推導（derived）
座標、方向圖、FSPL、SINR。
假設（assumed）
頻率、天線、ηPA、功率常數。
模擬（simulated）
模型場景數值，不是硬體量測。
模型索引：S5｜可重算不等於可量測，數字要帶著出身與界線。
每個時間窗都要保存樣本來源與模型邊界，才能判斷結果能否重算。",,False,4b5d29cf083066f12e28ced2369f06e99d7192ff318354e8227162bdb9690028,c54f463275413a4846a2bf511322e958875d3ec68cf8f8461df29adf9544cd07,,只有標題,,ppt/slideLayouts/slideLayout5.xml,ppt/slideMasters/slideMaster1.xml,23,15,"{""AUTO_SHAPE"": 7, ""PLACEHOLDER"": 1, ""TEXT_BOX"": 15}",0,,
delivery-variant,/home/u24/papers/beamshift/.scratch/teaching-course/v3-ee/delivery/satellite-energy-course-combined-handoff-v1.pptx,7dbdc23e17d7a3c6dc8d6ed76823100da6aa7f14512a8128201a42c59f5ddd34,1657236,114,804552a29e4bbbcf10f3ecc4bedd6d2fbdc170eca5c3d2267f16c35dd0422f44,資料來源：格式、推算、座標與能量模型,"17
外部格式與推算方法集中在這裡；內部模型則以程式實作的層次回查。
S1｜TLE 欄位／checksum
CelesTrak｜NORAD TLE Format
固定位置、長度、校驗
S2｜OMM／GP 資料格式
CelesTrak｜GP Data Formats
訊息與承載格式
S3｜epoch／BSTAR／限制
CelesTrak｜TLE FAQ
參考時刻與格式解碼
S4｜SGP4／TEME 推算
Vallado et al.｜SGP4 paper
平均元素到狀態向量
S5｜內部模型層
座標、可見性、鏈路與功率／能量帳本以目前程式實作為準；本頁不把內部讀值冒充外部標準。
可回查的不是單一數字，而是：資料來源 → 模型轉換 → 假設界線 → 時間窗結果。",,False,8f58fe131dd20eac1bd7408cd2039a16e54ab6f00d1a2574ddfa2557ebfb1dc2,aa077e101bfe20de922b8c908ce0401b1f39d426f9db309af014baf349c6d649,,只有標題,,ppt/slideLayouts/slideLayout5.xml,ppt/slideMasters/slideMaster1.xml,25,18,"{""AUTO_SHAPE"": 7, ""PLACEHOLDER"": 1, ""TEXT_BOX"": 17}",0,,
